timestamp,symbol,action,price,rsi14,trend_bias,divergence,news_sentiment,event_risk,reasoning,confidence
2026-08-30T08:18:28.566938+00:00,BTC,HOLD,78155.05,71.16,bullish,bearish,bullish,macro,"BTC displays a bullish trend bias (EMA12 > EMA26 > EMA50) but RSI(14) is overbought at 71.16 alongside a bearish price/RSI divergence. Despite positive news, macro headwinds (Fed inflation concerns) recommend holding off until a pullback.",0.80
2026-08-30T08:18:28.566938+00:00,ETH,HOLD,2457.76,70.77,bullish,bearish,mixed,none,"ETH maintains a bullish trend bias with price above EMA50 (087.54), but RSI(14) at 70.77 is overbought with bearish divergence. Mixed news sentiment advises remaining patient for a favorable entry.",0.80
2026-08-30T08:18:28.566938+00:00,SOL,HOLD,104.98,74.16,bullish,none,bullish,hack,"SOL exhibits strong momentum (+19.76%), but RSI(14) at 74.16 is overbought. Crucially, an event risk (a .1M Solana-based crypto card hack reported by CoinDesk) counsels against entering a new position.",0.85
2026-08-30T08:26:43.910366+00:00,BTC,HOLD,78176.57,71.26,bullish,none,bullish,none,"BTC maintains a strong bullish trend_bias (price above EMA50 $69365.83 and MACD signal), but RSI(14) at 71.26 is overbought. Despite bullish news (Capital B treasury expansion and Coinbase BTC mortgage collateral), holding cash until RSI cools below 65.",0.80
2026-08-30T08:26:43.910366+00:00,ETH,HOLD,2458.98,70.82,bullish,none,bullish,none,"ETH exhibits solid bullish trend structure above EMA50 ($2087.59) and MACD histogram (+13.91), yet RSI(14) at 70.82 signals overbought conditions. Bullish news (Sberbank ETH collateral expansion) supports macro trend, but holding for a minor pullback.",0.80
2026-08-30T08:26:43.910366+00:00,SOL,HOLD,105.01,74.23,bullish,none,bullish,none,"SOL shows powerful momentum (+19.79% ROC10) and strong news (Bitwise BSOL ETF hitting $1B AUM and 300ms slot time upgrade), but RSI(14) at 74.23 is severely overbought. Remaining on the sidelines until RSI normalizes.",0.85
2026-08-30T08:26:43.910366+00:00,NEAR,BUY,1.8920,55.80,bullish,bullish,bullish,none,"NEAR presents an ideal entry setup: RSI(14) at 55.80 is in healthy territory, trend_bias is bullish (price $1.892 > EMA50 $1.83, MACD +0.0457 > 0.0326), and a bullish price/RSI divergence is confirmed. Initiating 10% position ($1,000).",0.85
2026-08-30T13:45:00+00:00,BTC,HOLD,78057.4600,70.72,bullish,none,mixed,macro,"BTC maintains a strong 1D bullish trend ($78k > EMA50 $69,365), but daily RSI is overbought at 70.72 and 4H trend has diverged to neutral amid Fed rate hike fears. Holding cash until RSI cools below 65.",0.80
2026-08-30T13:45:00+00:00,ETH,HOLD,2455.6400,70.53,bullish,none,mixed,none,"ETH remains in a structural bull trend above EMA50 ($2,087), but RSI is overbought at 70.53 with 4H trend divergence and near-1.0 BTC correlation (0.992). Holding off for a consolidation phase.",0.80
2026-08-30T13:45:00+00:00,SOL,HOLD,104.7700,73.71,bullish,none,bullish,hack,"SOL demonstrates powerful 10-day momentum (+19.52%), but RSI is overbought at 73.71, 4H timeframe is diverging, and security concerns from the recent card hack recommend patience.",0.85
2026-08-30T13:45:00+00:00,XRP,HOLD,1.3904,64.65,bullish,none,neutral,none,"XRP holds a strong 1D bullish trend ($1.39 > EMA50 $1.12), but 4H trend is diverging to neutral and high BTC correlation (0.978) indicates moves are currently BTC-dependent.",0.80
2026-08-30T13:45:00+00:00,ADA,HOLD,0.2003,51.88,neutral,none,neutral,none,ADA exhibits weak momentum (ROC10 +0.65%) with price below EMA50 ($0.205) and a bearish 4H trend bias. Lacks a strong breakout or divergence signal.,0.80
2026-08-30T13:45:00+00:00,AVAX,HOLD,7.3170,57.98,bullish,none,neutral,none,"AVAX is trading above EMA50 ($6.98) with RSI at 57.98, but 10-day momentum is stagnant (+0.36%) and 4H trend is neutral. Waiting for volume expansion before committing capital.",0.80
2026-08-30T13:45:00+00:00,LINK,HOLD,11.3800,65.74,bullish,none,neutral,none,"LINK displays solid 1D trend structure ($11.38 > EMA50 $10.15), but RSI at 65.74 is approaching overbought limits while 4H trend is diverging. Prefer entering after an RSI pullback.",0.80
2026-08-30T13:45:00+00:00,DOT,BUY,0.8410,50.26,neutral,bullish,bullish,none,"DOT presents a classic mean-reversion setup with a confirmed bullish RSI divergence, RSI sitting near 50 after a reset, and major catalysts (DTCC-listed Staking ETF & 100% JAM fee burn proposal). Initiating a 10% position ($1,000).",0.82
2026-08-30T13:45:00+00:00,MATIC,HOLD,0.3794,38.0,bearish,none,neutral,none,"MATIC remains in a bearish trend bias (price below EMA50 $0.412, ROC10 -9.58%) without a bullish divergence confirmation. Skipping trade.",0.85
2026-08-30T13:45:00+00:00,LTC,HOLD,48.9500,54.85,neutral,none,neutral,none,LTC is consolidating around EMA50 ($48.60) with flat momentum (ROC10 +2.36%) and neutral trend biases across 1D and 4H timeframes. No clear directional edge.,0.80
2026-08-30T13:45:00+00:00,UNI,BUY,4.8350,67.66,bullish,bearish,bullish,none,"UNI exhibits massive independent momentum (ROC10 +28.49%, decorrelated BTC corr 0.754) with 1D/4H bullish trend alignment ($4.835 > EMA50 $4.49) and strong fundamental catalysts (Robinhood Chain launch & fee buyback). Entering a 10% position ($1,000).",0.85
2026-08-30T13:45:00+00:00,NEAR,HOLD,1.8900,55.69,bullish,bullish,bullish,none,"NEAR remains our strongest setup with 1D/4H bullish alignment, RSI at a healthy 55.69, active bullish divergence, and strong news backing (NASDAQ treasury adoption). Holding position.",0.88
2026-08-30T13:45:00+00:00,APT,HOLD,0.5400,41.93,bearish,none,neutral,none,APT is in a clear 1D downtrend below EMA50 ($0.58) with negative momentum (-6.25%). Skipping trade until technical structure improves.,0.85
2026-08-30T13:45:00+00:00,ICP,HOLD,2.4130,55.7,bullish,none,neutral,none,"ICP is above EMA50 ($2.31) with RSI at 55.70, but momentum is low (+1.05%) and 4H trend is unaligned. Standing aside for higher conviction.",0.80
2026-08-30T13:45:00+00:00,XLM,HOLD,0.1791,51.03,bullish,none,neutral,none,"XLM shows mild bullish trend bias above EMA50 ($0.172), but negative 10-day ROC (-1.43%) and diverging 4H trend counsel holding off.",0.80
2026-08-30T13:45:00+00:00,SUI,HOLD,0.7382,50.06,neutral,none,neutral,none,SUI is bound in a narrow range around EMA50 ($0.735) with neutral RSI (50.06) and flat ROC (+0.64%). Awaiting a volatility expansion.,0.80
2026-09-01T15:22:00+00:00,BTC,HOLD,77975.4700,68.02,bullish,none,neutral,none,BTC is consolidating around $78k with RSI at 68.02 near overbought territory and 4H trend diverging to neutral. Holding cash until RSI cools below 65.,0.80
2026-09-01T15:22:00+00:00,ETH,HOLD,2455.3100,67.63,neutral,none,neutral,none,"ETH exhibits neutral 1D and 4H trend bias around $2,455 with RSI at 67.63. Waiting for a clean breakout or RSI reset before taking action.",0.80
2026-09-01T15:22:00+00:00,SOL,HOLD,102.3700,67.51,bullish,none,neutral,none,"SOL holds 1D bullish trend ($102.37 > EMA50 $87.50), but 4H trend is diverging to neutral and RSI(14) at 67.51 is high. Standing aside pending RSI normalization.",0.85
2026-09-01T15:22:00+00:00,XRP,HOLD,1.3733,61.49,neutral,none,neutral,none,XRP is consolidating with neutral 1D/4H trends and negative 10-day ROC (-6.06%). Highly correlated to BTC (0.980); awaiting fresh momentum.,0.80
2026-09-01T15:22:00+00:00,ADA,HOLD,0.1986,50.93,neutral,none,neutral,none,ADA momentum is negative (ROC10 -12.12%) with neutral 1D/4H trend bias. Lacks a valid buy structure.,0.80
2026-09-01T15:22:00+00:00,AVAX,HOLD,7.2430,55.51,neutral,none,neutral,none,AVAX displays neutral trend structure with flat momentum (ROC10 -3.35%) and 0.953 correlation to BTC. Holding cash.,0.80
2026-09-01T15:22:00+00:00,LINK,HOLD,11.3850,64.17,neutral,none,neutral,none,LINK RSI sits at 64.17 with neutral 1D/4H trend biases. Waiting for trend confirmation or RSI pullback.,0.80
2026-09-01T15:22:00+00:00,DOT,HOLD,0.8620,53.93,neutral,bullish,bullish,none,"DOT position is up +2.50% from $0.8410 entry. 4H trend flipped to bullish, active daily RSI bullish divergence remains valid, and negative funding rate (-0.000181) supports short-squeeze upside. Holding position.",0.85
2026-09-01T15:22:00+00:00,MATIC,HOLD,0.3794,38.0,bearish,none,neutral,none,MATIC remains in a 1D downtrend below EMA50 ($0.412) with RSI at 38.00. Skipping trade.,0.85
2026-09-01T15:22:00+00:00,LTC,HOLD,48.8400,54.02,neutral,none,neutral,none,LTC is bound near EMA50 ($48.60) with negative ROC10 (-6.88%) and neutral trend biases across timeframes.,0.80
2026-09-01T15:22:00+00:00,UNI,SELL,5.6850,77.04,bullish,bearish,bullish,none,UNI has rallied +17.58% from $4.8350 entry to $5.6850. Daily RSI has reached extreme overbought territory at 77.04 with a bearish divergence forming on price highs. Executing SELL to lock in +$175.80 profit.,0.90
2026-09-01T15:22:00+00:00,NEAR,HOLD,1.9300,57.4,bullish,bullish,bullish,none,"NEAR position is up +2.01% at $1.9300. 1D/4H bullish alignment holds strong ($1.93 > EMA50 $1.84), RSI at healthy 57.40, and active bullish divergence remains intact. Holding open position.",0.88
2026-09-01T15:22:00+00:00,APT,HOLD,0.5360,42.72,bearish,none,neutral,none,APT is in a strong 1D downtrend below EMA50 ($0.58) with -15.19% ROC10. Skipping trade.,0.85
2026-09-01T15:22:00+00:00,ICP,HOLD,2.4030,54.69,neutral,none,neutral,none,ICP exhibits neutral 1D trend and bearish 4H trend bias. Waiting for timeframe alignment before considering entries.,0.80
2026-09-01T15:22:00+00:00,XLM,HOLD,0.1768,49.42,bearish,none,neutral,none,XLM remains in a 1D bearish bias with negative ROC10 (-9.61%) and RSI below 50 (49.42). Skipping trade.,0.80
2026-09-01T15:22:00+00:00,SUI,HOLD,0.7245,48.23,bearish,none,neutral,none,SUI exhibits a 1D bearish trend bias with negative ROC10 (-11.02%) and upcoming Sept token unlock volatility. Skipping trade.,0.85
2026-09-01T15:43:00+00:00,BTC,HOLD,78166.8200,68.88,bullish,none,neutral,none,BTC RSI sits at 68.88 near overbought limits ($78.1k) with 4H trend diverging to neutral. Holding cash balance.,0.80
2026-09-01T15:43:00+00:00,ETH,HOLD,2462.5000,68.41,bullish,none,neutral,none,"ETH daily RSI is elevated at 68.41 following a minor rebound to $2,462. Waiting for RSI to cool below 60 before entering new long positions.",0.80
2026-09-01T15:43:00+00:00,SOL,HOLD,102.6100,67.99,bullish,none,neutral,none,"SOL maintains 1D bullish trend ($102.61 > EMA50 $87.50), but daily RSI is near overbought (67.99) and 4H trend is diverging.",0.85
2026-09-01T15:43:00+00:00,ARB,HOLD,0.1121,71.07,bullish,none,bullish,none,"Newly added Shariah-compliant asset ARB demonstrates strong L2 momentum (ROC10 +13.23% on 3.71x volume ratio), but daily RSI has reached 71.07 (overbought). Standing aside to catch a healthier pullback.",0.82
2026-09-01T15:43:00+00:00,INJ,HOLD,4.8650,47.96,bearish,none,neutral,none,Newly screened asset INJ is currently in a 1D/4H bearish trend alignment below EMA50 with negative 10-day momentum (-1.42%). Skipping trade.,0.85
2026-09-01T15:43:00+00:00,BNB,HOLD,688.1000,64.64,neutral,none,neutral,none,Newly added asset BNB is consolidating under $700 with neutral 1D/4H trend biases and RSI at 64.64. Awaiting clearer trend breakout.,0.80
2026-09-01T15:43:00+00:00,TRX,HOLD,0.3289,40.1,bearish,none,neutral,none,Newly added asset TRX exhibits a 1D/4H bearish trend bias with negative ROC10 (-4.45%). Skipping trade until trend structure turns bullish.,0.85
2026-09-01T15:43:00+00:00,HNT,HOLD,4.6700,46.94,bearish,none,neutral,none,Newly added DePIN asset HNT displays negative 10-day momentum (-10.88%) and low volume ratio (0.04). Skipping trade.,0.85
2026-09-01T15:43:00+00:00,NEAR,HOLD,1.9380,57.81,bullish,bullish,bullish,none,"NEAR position is up +2.43% ($1.9380 vs $1.8920 entry). 1D/4H bullish trend alignment holds strong, RSI at 57.81, and active bullish RSI divergence remains intact. Holding open position.",0.88
2026-09-01T15:43:00+00:00,DOT,HOLD,0.8630,54.08,neutral,bullish,bullish,none,"DOT position is up +2.62% ($0.8630 vs $0.8410 entry). 4H trend bias is bullish, daily RSI bullish divergence active, and negative funding rate (-0.000160) supports short squeeze upside. Holding open position.",0.85
2026-09-02T04:24:05.439461+00:00,BTC,HOLD,77404.6800,65.56,neutral,none,bearish,none,"Heavy ask wall in orderbook depth (OB 0.5741, NEUTRAL_FLOW). Macro resistance near $78,000 ahead of FOMC.",0.75
2026-09-02T04:24:05.439461+00:00,ETH,HOLD,2410.7400,63.14,neutral,none,neutral,none,"Trend bias neutral, ADX 47.12, OB imbalance 0.5759. Criteria for entry not met (requires aligned bullish bias, ADX>20, OB>0.50, RSI 45-65).",0.70
2026-09-02T04:24:05.439461+00:00,SOL,BUY,99.9200,62.97,bullish,none,bullish,none,"Bullish 1D trend bias (price $99.92 > EMA50 $86.1903), ADX 49.26 (strong trend), price > VWAP ($98.1604), OB imbalance 0.5497 (bid dominance), RSI 62.97 in healthy 45-65 zone.",0.88
2026-09-02T04:24:05.439461+00:00,XRP,HOLD,1.3452,58.04,neutral,none,neutral,none,"Trend bias neutral, ADX 43.36, OB imbalance 0.5223. Criteria for entry not met (requires aligned bullish bias, ADX>20, OB>0.50, RSI 45-65).",0.70
2026-09-02T04:24:05.439461+00:00,ADA,HOLD,0.1969,49.83,neutral,none,neutral,none,"Trend bias neutral, ADX 28.99, OB imbalance 0.5206. Criteria for entry not met (requires aligned bullish bias, ADX>20, OB>0.50, RSI 45-65).",0.70
2026-09-02T04:24:05.439461+00:00,AVAX,HOLD,7.2080,54.61,neutral,none,neutral,none,"Trend bias neutral, ADX 31.52, OB imbalance 0.5111. Criteria for entry not met (requires aligned bullish bias, ADX>20, OB>0.50, RSI 45-65).",0.70
2026-09-02T04:24:05.439461+00:00,LINK,HOLD,11.1800,60.96,neutral,none,neutral,none,"Trend bias neutral, ADX 59.2, OB imbalance 0.4597. Criteria for entry not met (requires aligned bullish bias, ADX>20, OB>0.50, RSI 45-65).",0.70
2026-09-02T04:24:05.439461+00:00,DOT,HOLD,0.8840,57.18,bullish,none,neutral,none,"Position in profit (+5.00%). Bullish trend bias (price $0.884 > EMA50 $0.849), RSI 57.18 healthy, OB imbalance 0.6223 bid dominance.",0.85
2026-09-02T04:24:05.439461+00:00,MATIC,HOLD,0.3794,38.0,bearish,none,neutral,none,"Trend bias bearish, ADX 37.07, OB imbalance 0.5. Criteria for entry not met (requires aligned bullish bias, ADX>20, OB>0.50, RSI 45-65).",0.70
2026-09-02T04:24:05.439461+00:00,LTC,HOLD,49.0900,54.48,neutral,none,neutral,none,"Trend bias neutral, ADX 28.5, OB imbalance 0.5959. Criteria for entry not met (requires aligned bullish bias, ADX>20, OB>0.50, RSI 45-65).",0.70
2026-09-02T04:24:05.439461+00:00,UNI,HOLD,6.1660,80.59,bullish,bearish,bearish,none,"Extreme overbought RSI (80.59 > 65), bearish divergence detected, ask wall present (NEUTRAL_FLOW). Avoid buy entry.",0.85
2026-09-02T04:24:05.439461+00:00,NEAR,HOLD,1.8670,53.27,bullish,none,neutral,none,1D trend bias remains bullish (price $1.867 > EMA50 $1.8318). Price above trailing stop ($1.636). OB imbalance 0.5636 shows bid support.,0.82
2026-09-02T04:24:05.439461+00:00,APT,HOLD,0.5550,47.11,bearish,bullish,neutral,none,"Trend bias bearish, ADX 20.35, OB imbalance 0.4943. Criteria for entry not met (requires aligned bullish bias, ADX>20, OB>0.50, RSI 45-65).",0.70
2026-09-02T04:24:05.439461+00:00,ICP,HOLD,2.5080,59.72,bullish,none,neutral,none,"Trend bias bullish, ADX 23.65, OB imbalance 0.476. Criteria for entry not met (requires aligned bullish bias, ADX>20, OB>0.50, RSI 45-65).",0.70
2026-09-02T04:24:05.439461+00:00,XLM,HOLD,0.1752,48.16,bearish,none,neutral,none,"Trend bias bearish, ADX 26.8, OB imbalance 0.5405. Criteria for entry not met (requires aligned bullish bias, ADX>20, OB>0.50, RSI 45-65).",0.70
2026-09-02T04:24:05.439461+00:00,SUI,HOLD,0.7207,47.63,bearish,none,neutral,none,"Trend bias bearish, ADX 26.9, OB imbalance 0.4734. Criteria for entry not met (requires aligned bullish bias, ADX>20, OB>0.50, RSI 45-65).",0.70
2026-09-02T04:24:05.439461+00:00,ARB,HOLD,0.1139,72.09,bullish,none,neutral,none,Overbought RSI (72.09 > 65 limit). Skip buy entry.,0.80
2026-09-02T04:24:05.439461+00:00,INJ,HOLD,4.8520,47.84,bearish,none,neutral,none,"Trend bias bearish, ADX 25.85, OB imbalance 0.5657. Criteria for entry not met (requires aligned bullish bias, ADX>20, OB>0.50, RSI 45-65).",0.70
2026-09-02T04:24:05.439461+00:00,BNB,HOLD,686.6400,63.1,neutral,none,neutral,none,"Trend bias neutral, ADX 41.73, OB imbalance 0.4591. Criteria for entry not met (requires aligned bullish bias, ADX>20, OB>0.50, RSI 45-65).",0.70
2026-09-02T04:24:05.439461+00:00,TRX,HOLD,0.3220,33.21,bearish,none,neutral,none,"Trend bias bearish, ADX 23.69, OB imbalance 0.5024. Criteria for entry not met (requires aligned bullish bias, ADX>20, OB>0.50, RSI 45-65).",0.70
2026-09-02T04:24:05.439461+00:00,HNT,HOLD,4.6700,46.94,bearish,none,neutral,none,"Trend bias bearish, ADX 13.46, OB imbalance 0.5. Criteria for entry not met (requires aligned bullish bias, ADX>20, OB>0.50, RSI 45-65).",0.70
2026-09-02T12:33:36.802693+00:00,BTC,HOLD,76986.8300,63.75,neutral,none,cautious_bullish,none,"Neutral trend alignment (MACD histogram negative or price near EMA50). RSI 63.8, ADX 44.5. Awaiting bullish breakout.",0.70
2026-09-02T12:33:36.802693+00:00,ETH,HOLD,2386.2600,60.78,neutral,none,cautious_bullish,none,"Neutral trend alignment (MACD histogram negative or price near EMA50). RSI 60.8, ADX 46.6. Awaiting bullish breakout.",0.70
2026-09-02T12:33:36.802693+00:00,SOL,HOLD,98.3300,60.15,bullish,none,cautious_bullish,none,"Active position intact. Strong bullish bias (Price $98.33 > EMA50 $86.13), ADX 48.9 trend presence. Well above trailing stop ($89.93).",0.82
2026-09-02T12:33:36.802693+00:00,XRP,HOLD,1.3300,56.24,neutral,none,cautious_bullish,none,"Neutral trend alignment (MACD histogram negative or price near EMA50). RSI 56.2, ADX 43.0. Awaiting bullish breakout.",0.70
2026-09-02T12:33:36.802693+00:00,ADA,HOLD,0.1951,48.61,neutral,none,cautious_bullish,none,"Neutral trend alignment (MACD histogram negative or price near EMA50). RSI 48.6, ADX 28.9. Awaiting bullish breakout.",0.70
2026-09-02T12:33:36.802693+00:00,AVAX,HOLD,7.1300,52.49,neutral,none,cautious_bullish,none,"Neutral trend alignment (MACD histogram negative or price near EMA50). RSI 52.5, ADX 31.2. Awaiting bullish breakout.",0.70
2026-09-02T12:33:36.802693+00:00,LINK,HOLD,11.0650,58.96,neutral,none,cautious_bullish,none,"Neutral trend alignment (MACD histogram negative or price near EMA50). RSI 59.0, ADX 58.5. Awaiting bullish breakout.",0.70
2026-09-02T12:33:36.802693+00:00,DOT,HOLD,0.8470,51.01,neutral,none,cautious_bullish,none,"Active position intact. Price $0.847 above entry ($0.841) and trailing stop ($0.831). RSI 51.0 neutral, volume expanding (0.80x).",0.75
2026-09-02T12:33:36.802693+00:00,MATIC,HOLD,0.3794,38.0,bearish,none,cautious_bullish,none,"Bearish trend bias (Price $0.3794 < EMA50 $0.4484), RSI 38.0. Skipping buy entries.",0.70
2026-09-02T12:33:36.802693+00:00,LTC,HOLD,48.8800,53.49,neutral,none,cautious_bullish,none,"Neutral trend alignment (MACD histogram negative or price near EMA50). RSI 53.5, ADX 28.5. Awaiting bullish breakout.",0.70
2026-09-02T12:33:36.802693+00:00,UNI,HOLD,5.8680,78.47,bullish,bearish,cautious_bullish,none,RSI 78.5 overbought (> 65) with bearish RSI divergence. Buy vetoed under risk management rules.,0.75
2026-09-02T12:33:36.802693+00:00,NEAR,HOLD,1.8540,52.42,bullish,none,cautious_bullish,none,"Active position intact. Price $1.854 > EMA50 ($1.831), RSI 52.4 healthy, ADX 26.2 strong. Price well above ATR trailing stop.",0.80
2026-09-02T12:33:36.802693+00:00,APT,HOLD,0.5610,48.43,bearish,bullish,cautious_bullish,none,"Bearish trend bias (Price $0.561 < EMA50 $0.5876), RSI 48.4. Skipping buy entries.",0.70
2026-09-02T12:33:36.802693+00:00,ICP,BUY,2.5160,60.08,bullish,none,cautious_bullish,none,"BULLISH CONFIRMATION: Price $2.516 > EMA50 ($2.306) & VWAP ($2.423), RSI 60.1 in prime 45-65 zone, ADX 24.2 strong trend, OB Imbalance 0.56 (bid dominance), Taker Ratio 0.97 (buying pressure).",0.85
2026-09-02T12:33:36.802693+00:00,XLM,HOLD,0.1730,46.46,bearish,none,cautious_bullish,none,"Bearish trend bias (Price $0.173 < EMA50 $0.1774), RSI 46.5. Skipping buy entries.",0.70
2026-09-02T12:33:36.802693+00:00,SUI,HOLD,0.7145,46.62,bearish,none,cautious_bullish,none,"Bearish trend bias (Price $0.7145 < EMA50 $0.7335), RSI 46.6. Skipping buy entries.",0.70
2026-09-02T12:33:36.802693+00:00,ARB,HOLD,0.1084,67.55,bullish,none,cautious_bullish,none,Bullish momentum present but RSI 67.5 near overbought cutoff (> 65). Holding for pullback.,0.72
2026-09-02T12:33:36.802693+00:00,INJ,HOLD,4.8450,47.66,bearish,none,cautious_bullish,none,"Bearish trend bias (Price $4.845 < EMA50 $4.9166), RSI 47.7. Skipping buy entries.",0.70
2026-09-02T12:33:36.802693+00:00,BNB,HOLD,685.0000,62.57,neutral,none,cautious_bullish,none,"Neutral trend alignment (MACD histogram negative or price near EMA50). RSI 62.6, ADX 41.7. Awaiting bullish breakout.",0.70
2026-09-02T12:33:36.802693+00:00,TRX,HOLD,0.3244,37.04,bearish,none,cautious_bullish,none,"Bearish trend bias (Price $0.3244 < EMA50 $0.3332), RSI 37.0. Skipping buy entries.",0.70
2026-09-02T12:33:36.802693+00:00,HNT,HOLD,4.6700,46.94,bearish,none,cautious_bullish,none,"Bearish trend bias (Price $4.67 < EMA50 $5.2665), RSI 46.9. Skipping buy entries.",0.70
2026-09-02T12:33:36.802693+00:00,HYPE,HOLD,0.0000,0.0,neutral,none,no_signal,none,Data fetch error or inactive Binance ticker (400 Client Error: Bad Request for url: https://api.binance.com/api/v3/klines?symbol=HYPEUSDT&interval=1d&limit=100). Skipping.,0.00
2026-09-03T02:05:54.261947+00:00,BTC,HOLD,77304.1600,65.11,neutral,none,no_signal,none,"BTC is consolidating at $77.3k with 4H bearish pullback and macro FOMC rate hike uncertainty. Price below VWAP ($78,088). Holding cash buffer.",0.80
2026-09-03T02:05:54.261947+00:00,ETH,HOLD,2385.8800,60.7,neutral,none,no_signal,none,"Trend bias neutral with MACD histogram negative (-16.48) and price below VWAP ($2,457.15). Waiting for 4H trend re-alignment.",0.75
2026-09-03T02:05:54.261947+00:00,SOL,HOLD,100.1400,63.01,neutral,none,no_signal,none,"Active position in profit (+0.22% from $99.92 entry). Price $100.14 > EMA50 ($86.73) and VWAP ($99.08), strong ADX (48.71). Trailing stop raised; holding position.",0.85
2026-09-03T02:05:54.261947+00:00,XRP,HOLD,1.3565,59.28,neutral,none,no_signal,none,Consolidating below VWAP ($1.4439) with negative MACD histogram and 10-day ROC (-8.45%). Lacks bullish breakout confirmation.,0.70
2026-09-03T02:05:54.261947+00:00,ADA,HOLD,0.2042,54.59,neutral,none,no_signal,none,Negative 10-day momentum (-7.81%) and price below VWAP ($0.2155). Taker buy/sell ratio < 0.95 indicates seller absorption.,0.70
2026-09-03T02:05:54.261947+00:00,AVAX,HOLD,7.2010,54.4,neutral,none,no_signal,none,Neutral trend bias with price below VWAP ($7.4588) and order book depth skewed slightly to asks (OB 0.4972). Standing aside.,0.70
2026-09-03T02:05:54.261947+00:00,LINK,HOLD,11.1030,59.59,neutral,none,no_signal,none,Price below VWAP ($11.5290) with negative MACD histogram (-0.1149) and 4H bearish trend divergence. Awaiting momentum turn.,0.70
2026-09-03T02:05:54.261947+00:00,DOT,HOLD,0.8700,54.98,neutral,none,no_signal,none,"Position in profit (+3.45% from $0.8410 entry). 4H trend bias is bullish, strong order book bid imbalance (0.6220), price comfortably above trailing stop ($0.8310). Holding open position.",0.85
2026-09-03T02:05:54.261947+00:00,MATIC,HOLD,0.3794,38.0,bearish,none,no_signal,none,"Downtrend structure intact (Price < EMA50 $0.4484, RSI 38.00). No bullish divergence confirmed; skipping buy entry.",0.85
2026-09-03T02:05:54.261947+00:00,LTC,HOLD,49.8000,57.84,neutral,none,no_signal,none,Consolidating near EMA50 with negative MACD histogram and price below VWAP ($50.8828). Insufficient edge.,0.70
2026-09-03T02:05:54.261947+00:00,UNI,HOLD,5.7040,73.98,bullish,bearish,no_signal,none,Overbought RSI (73.98 > 65 cutoff) with active bearish swing divergence. Buy entry strictly vetoed under risk management rules.,0.90
2026-09-03T02:05:54.261947+00:00,NEAR,HOLD,1.8640,52.94,bullish,none,no_signal,none,"Active position intact. Price $1.864 > EMA50 ($1.8327), RSI at a healthy 52.94, ADX 26.38 confirms trend strength. Well above trailing stop ($1.6942); holding for continuation.",0.82
2026-09-03T02:05:54.261947+00:00,APT,HOLD,0.5820,52.43,neutral,bullish,no_signal,none,Heavy ask orderbook pressure (OB imbalance 0.3768 < 0.50) and price below EMA50 ($0.5879). Skipping trade.,0.75
2026-09-03T02:05:54.261947+00:00,ICP,HOLD,2.4720,57.74,bullish,none,no_signal,none,"Position setup intact. Aligned bullish across both 1D and 4H timeframes (Price $2.472 > EMA50 $2.3136), healthy RSI 57.74, positive MACD histogram. Well above trailing stop ($2.2352); holding position.",0.85
2026-09-03T02:05:54.261947+00:00,XLM,HOLD,0.1775,50.19,neutral,none,no_signal,none,Price below VWAP ($0.1909) and negative MACD histogram with sluggish taker ratio (0.9178). Standing aside.,0.70
2026-09-03T02:05:54.261947+00:00,SUI,HOLD,0.7559,53.49,neutral,none,no_signal,none,Price below VWAP ($0.7851) with negative MACD histogram and ask-slanted orderbook (OB 0.4820). Skipping trade.,0.70
2026-09-03T02:05:54.261947+00:00,ARB,HOLD,0.1243,76.55,bullish,none,no_signal,none,Severe overbought RSI (76.55 > 65 cutoff) and Bollinger %B at 1.0237 (stretched above upper band). Buy vetoed.,0.88
2026-09-03T02:05:54.261947+00:00,INJ,HOLD,4.7820,46.16,bearish,none,no_signal,none,"Bearish trend bias (Price < EMA50 $4.9048, RSI < 50) and sharp 10-day drawdown (-16.02%). Skipping entry.",0.80
2026-09-03T02:05:54.261947+00:00,BNB,HOLD,690.1600,64.23,neutral,none,no_signal,none,Negative MACD histogram (-2.7035) and resistance below $700. Price under VWAP ($694.61); awaiting cleaner setup.,0.75
2026-09-03T02:05:54.261947+00:00,TRX,HOLD,0.3251,38.2,bearish,none,no_signal,none,Bearish trend structure below EMA50 ($0.3328) with RSI 38.20 and negative ROC10 (-5.74%). Skipping trade.,0.80
2026-09-03T02:05:54.261947+00:00,HNT,HOLD,4.6700,46.94,bearish,none,no_signal,none,Bearish bias below EMA50 ($5.2665) with weak trend strength (ADX 13.46 < 15 choppy). Skipping trade.,0.80
2026-09-03T02:05:54.261947+00:00,HYPE,HOLD,0.0000,0.0,neutral,none,no_signal,none,Data fetch error or inactive Binance spot ticker (400 Bad Request). Skipping trade.,0.00
2026-09-03T07:13:23.191128+00:00,SOL,HOLD,101.3300,64.59,neutral,none,cautious_bullish,none,Active position in profit (+1.41% from $99.9200 entry). Price $101.3300 comfortably above trailing stop ($94.1316); holding.,0.85
2026-09-03T07:13:23.191128+00:00,DOT,HOLD,0.8820,56.87,bullish,none,cautious_bullish,none,Active position in profit (+4.88% from $0.8410 entry). Price $0.8820 comfortably above trailing stop ($0.8318); holding.,0.85
2026-09-03T07:13:23.191128+00:00,NEAR,HOLD,1.9050,55.72,bullish,none,cautious_bullish,none,Active position in profit (+0.69% from $1.8920 entry). Price $1.9050 comfortably above trailing stop ($1.7802); holding.,0.85
2026-09-03T07:13:23.191128+00:00,ICP,HOLD,2.5220,60.15,bullish,none,cautious_bullish,none,Active position in profit (+0.24% from $2.5160 entry). Price $2.5220 comfortably above trailing stop ($2.2352); holding.,0.85
2026-09-03T07:13:23.191128+00:00,ARB,HOLD,0.1341,79.82,bullish,none,cautious_bullish,none,Daily RSI is overbought (79.82 > 65 cutoff threshold). Standing aside to catch a healthier pullback.,0.85
2026-09-03T07:13:23.191128+00:00,UNI,HOLD,5.7490,75.25,bullish,bearish,cautious_bullish,none,Daily RSI is overbought (75.25 > 65 cutoff threshold). Standing aside to catch a healthier pullback.,0.85
2026-09-03T07:13:23.191128+00:00,APT,HOLD,0.6210,59.09,bullish,bullish,cautious_bullish,none,"1H timeframe is overextended (1H RSI 78.94 > 68, +6.08% above 1H EMA20). Awaiting intraday pullback for precision entry.",0.80
2026-09-03T07:13:23.191128+00:00,LTC,HOLD,50.5000,60.53,neutral,none,cautious_bullish,none,"Multi-timeframe trend alignment unfulfilled (1D: 'neutral', 4H: 'bullish'). Requires dual bullish alignment.",0.75
2026-09-03T07:13:23.191128+00:00,BNB,HOLD,698.7600,66.81,neutral,none,cautious_bullish,none,Daily RSI is overbought (66.81 > 65 cutoff threshold). Standing aside to catch a healthier pullback.,0.85
2026-09-03T07:13:23.191128+00:00,SUI,HOLD,0.7701,55.6,neutral,none,cautious_bullish,none,"Multi-timeframe trend alignment unfulfilled (1D: 'neutral', 4H: 'bullish'). Requires dual bullish alignment.",0.75
2026-09-03T07:13:23.191128+00:00,BTC,HOLD,78108.0200,67.12,neutral,none,cautious_bullish,none,Whale flow alert 'BEARISH_WHALE_WALL' detected. Institutional selling pressure vetoes buy entry.,0.85
2026-09-03T07:13:23.191128+00:00,XRP,HOLD,1.3748,60.91,neutral,none,cautious_bullish,none,"Multi-timeframe trend alignment unfulfilled (1D: 'neutral', 4H: 'neutral'). Requires dual bullish alignment.",0.75
2026-09-03T07:13:23.191128+00:00,ADA,HOLD,0.2063,55.85,neutral,none,cautious_bullish,none,"Multi-timeframe trend alignment unfulfilled (1D: 'neutral', 4H: 'bullish'). Requires dual bullish alignment.",0.75
2026-09-03T07:13:23.191128+00:00,ETH,HOLD,2414.6100,62.72,neutral,none,cautious_bullish,none,"Multi-timeframe trend alignment unfulfilled (1D: 'neutral', 4H: 'bearish'). Requires dual bullish alignment.",0.75
2026-09-03T07:13:23.191128+00:00,LINK,HOLD,11.2710,61.71,neutral,none,cautious_bullish,none,"Multi-timeframe trend alignment unfulfilled (1D: 'neutral', 4H: 'bearish'). Requires dual bullish alignment.",0.75
2026-09-03T07:13:23.191128+00:00,AVAX,HOLD,7.3290,57.4,neutral,none,cautious_bullish,none,"Multi-timeframe trend alignment unfulfilled (1D: 'neutral', 4H: 'bullish'). Requires dual bullish alignment.",0.75
2026-09-03T07:13:23.191128+00:00,TRX,HOLD,0.3265,40.39,bearish,none,cautious_bullish,none,RSI is weak (40.39 < 45) with lack of upward momentum. Awaiting technical recovery.,0.75
2026-09-03T07:13:23.191128+00:00,XLM,HOLD,0.1773,50.02,neutral,none,cautious_bullish,none,"Multi-timeframe trend alignment unfulfilled (1D: 'neutral', 4H: 'neutral'). Requires dual bullish alignment.",0.75
2026-09-03T07:13:23.191128+00:00,INJ,HOLD,4.8700,48.55,bearish,none,cautious_bullish,none,"Multi-timeframe trend alignment unfulfilled (1D: 'bearish', 4H: 'neutral'). Requires dual bullish alignment.",0.75
2026-09-03T07:13:23.191128+00:00,HNT,HOLD,4.6700,46.94,bearish,none,cautious_bullish,none,"Multi-timeframe trend alignment unfulfilled (1D: 'bearish', 4H: 'neutral'). Requires dual bullish alignment.",0.75
2026-09-03T07:13:23.191128+00:00,MATIC,HOLD,0.3794,38.0,bearish,none,cautious_bullish,none,RSI is weak (38.00 < 45) with lack of upward momentum. Awaiting technical recovery.,0.75
2026-09-03T07:13:23.191128+00:00,HYPE,HOLD,0.0000,0.0,neutral,none,no_signal,none,Data fetch error or inactive Binance spot ticker (400 Client Error: Bad Request for url: https://api.binance.com/api/v3/klines?symbol=HYPEUSDT&interval=1d&limit=100). Skipping trade.,0.00
2026-09-03T11:24:55.796456+00:00,SOL,HOLD,100.6600,63.85,neutral,none,cautious_bullish,none,Active position in profit (+0.74% from $99.9200 entry). Price $100.6600 comfortably above trailing stop ($95.2502); holding.,0.85
2026-09-03T11:24:55.796456+00:00,DOT,HOLD,0.8760,55.94,bullish,none,cautious_bullish,none,Active position in profit (+4.16% from $0.8410 entry). Price $0.8760 comfortably above trailing stop ($0.8318); holding.,0.85
2026-09-03T11:24:55.796456+00:00,NEAR,HOLD,1.8990,55.36,bullish,none,cautious_bullish,none,Active position in profit (+0.37% from $1.8920 entry). Price $1.8990 comfortably above trailing stop ($1.7907); holding.,0.85
2026-09-03T11:24:55.796456+00:00,ICP,HOLD,2.4900,58.64,bullish,none,cautious_bullish,none,Active position intact (-1.03% from $2.5160 entry). Price $2.4900 is well above trailing stop ($2.3707); trend structure intact.,0.85
2026-09-03T11:24:55.796456+00:00,ARB,HOLD,0.1364,80.46,bullish,none,cautious_bullish,none,Daily RSI is overbought (80.46 > 65 cutoff threshold). Standing aside to catch a healthier pullback.,0.85
2026-09-03T11:24:55.796456+00:00,UNI,HOLD,6.1310,80.5,bullish,bearish,cautious_bullish,none,Daily RSI is overbought (80.50 > 65 cutoff threshold). Standing aside to catch a healthier pullback.,0.85
2026-09-03T11:24:55.796456+00:00,APT,HOLD,0.6150,58.2,bullish,bullish,cautious_bullish,none,"1H timeframe is overextended (1H RSI 67.83 > 68, +3.57% above 1H EMA20). Awaiting intraday pullback for precision entry.",0.80
2026-09-03T11:24:55.796456+00:00,BNB,HOLD,709.3400,69.51,neutral,none,cautious_bullish,none,Whale flow alert 'BEARISH_WHALE_WALL' detected. Institutional selling pressure vetoes buy entry.,0.85
2026-09-03T11:24:55.796456+00:00,LTC,HOLD,50.5800,60.82,neutral,none,cautious_bullish,none,"Multi-timeframe trend alignment unfulfilled (1D: 'neutral', 4H: 'bullish'). Requires dual bullish alignment.",0.75
2026-09-03T11:24:55.796456+00:00,SUI,HOLD,0.7677,55.26,neutral,none,cautious_bullish,none,"Multi-timeframe trend alignment unfulfilled (1D: 'neutral', 4H: 'bullish'). Requires dual bullish alignment.",0.75
2026-09-03T11:24:55.796456+00:00,BTC,HOLD,77900.0000,66.64,neutral,none,cautious_bullish,none,Daily RSI is overbought (66.64 > 65 cutoff threshold). Standing aside to catch a healthier pullback.,0.85
2026-09-03T11:24:55.796456+00:00,ADA,HOLD,0.2071,56.31,neutral,none,cautious_bullish,none,"Multi-timeframe trend alignment unfulfilled (1D: 'neutral', 4H: 'bullish'). Requires dual bullish alignment.",0.75
2026-09-03T11:24:55.796456+00:00,XRP,HOLD,1.3680,60.32,neutral,none,cautious_bullish,none,"Multi-timeframe trend alignment unfulfilled (1D: 'neutral', 4H: 'neutral'). Requires dual bullish alignment.",0.75
2026-09-03T11:24:55.796456+00:00,LINK,HOLD,11.2580,61.56,neutral,none,cautious_bullish,none,"Multi-timeframe trend alignment unfulfilled (1D: 'neutral', 4H: 'neutral'). Requires dual bullish alignment.",0.75
2026-09-03T11:24:55.796456+00:00,ETH,HOLD,2403.0900,62.02,neutral,none,cautious_bullish,none,"Multi-timeframe trend alignment unfulfilled (1D: 'neutral', 4H: 'bearish'). Requires dual bullish alignment.",0.75
2026-09-03T11:24:55.796456+00:00,AVAX,HOLD,7.2720,56.12,neutral,none,cautious_bullish,none,"Multi-timeframe trend alignment unfulfilled (1D: 'neutral', 4H: 'neutral'). Requires dual bullish alignment.",0.75
2026-09-03T11:24:55.796456+00:00,TRX,HOLD,0.3280,42.63,bearish,none,cautious_bullish,none,RSI is weak (42.63 < 45) with lack of upward momentum. Awaiting technical recovery.,0.75
2026-09-03T11:24:55.796456+00:00,XLM,HOLD,0.1776,50.28,neutral,none,cautious_bullish,none,"Multi-timeframe trend alignment unfulfilled (1D: 'neutral', 4H: 'neutral'). Requires dual bullish alignment.",0.75
2026-09-03T11:24:55.796456+00:00,INJ,HOLD,4.8890,49.04,bearish,none,cautious_bullish,none,"Multi-timeframe trend alignment unfulfilled (1D: 'bearish', 4H: 'neutral'). Requires dual bullish alignment.",0.75
2026-09-03T11:24:55.796456+00:00,HNT,HOLD,4.6700,46.94,bearish,none,cautious_bullish,none,"Multi-timeframe trend alignment unfulfilled (1D: 'bearish', 4H: 'neutral'). Requires dual bullish alignment.",0.75
2026-09-03T11:24:55.796456+00:00,MATIC,HOLD,0.3794,38.0,bearish,none,cautious_bullish,none,RSI is weak (38.00 < 45) with lack of upward momentum. Awaiting technical recovery.,0.75
2026-09-03T11:24:55.796456+00:00,HYPE,HOLD,0.0000,0.0,neutral,none,no_signal,none,Data fetch error or inactive Binance spot ticker (400 Client Error: Bad Request for url: https://api.binance.com/api/v3/klines?symbol=HYPEUSDT&interval=1d&limit=100). Skipping trade.,0.00
2026-09-03T11:39:00.120688+00:00,SOL,HOLD,100.8200,64.03,bullish,none,cautious_bullish,none,Active position in profit (+0.90% from $99.9200 entry). Price $100.8200 comfortably above trailing stop ($95.2904); holding.,0.85
2026-09-03T11:39:00.120688+00:00,DOT,HOLD,0.8780,56.26,bullish,none,cautious_bullish,none,Active position in profit (+4.40% from $0.8410 entry). Price $0.8780 comfortably above trailing stop ($0.8318); holding.,0.85
2026-09-03T11:39:00.120688+00:00,NEAR,HOLD,1.8960,55.18,bullish,none,cautious_bullish,none,Active position in profit (+0.21% from $1.8920 entry). Price $1.8960 comfortably above trailing stop ($1.7911); holding.,0.85
2026-09-03T11:39:00.120688+00:00,ICP,HOLD,2.4940,58.84,bullish,none,cautious_bullish,none,Active position intact (-0.87% from $2.5160 entry). Price $2.4940 is well above trailing stop ($2.3707); trend structure intact.,0.85
2026-09-03T11:39:00.120688+00:00,ARB,HOLD,0.1350,80.07,bullish,none,cautious_bullish,none,Daily RSI is overbought (80.07 > 68 cutoff threshold). Standing aside to catch a healthier pullback.,0.85
2026-09-03T11:39:00.120688+00:00,UNI,HOLD,6.1820,80.85,bullish,bearish,cautious_bullish,none,Daily RSI is overbought (80.85 > 68 cutoff threshold). Standing aside to catch a healthier pullback.,0.85
2026-09-03T11:39:00.120688+00:00,APT,BUY,0.6120,57.74,bullish,bullish,cautious_bullish,none,"BULLISH CONFIRMATION: Dual 1D/4H bullish trend alignment (Price $0.6120 > EMA50), healthy RSI (57.74), strong ADX (21.64), Order Book bid dominance (0.9194), and Taker Ratio (0.9548). RS Rank: #3 (Score: +5.65). Initiating allocation ($769.34).",0.88
2026-09-03T11:39:00.120688+00:00,LTC,BUY,50.7000,61.24,bullish,none,cautious_bullish,none,"BULLISH CONFIRMATION: Dual 1D/4H bullish trend alignment (Price $50.7000 > EMA50), healthy RSI (61.24), strong ADX (28.67), Order Book bid dominance (0.5039), and Taker Ratio (0.9734). RS Rank: #4 (Score: +2.41). Initiating allocation ($1000.00).",0.88
2026-09-03T11:39:00.120688+00:00,BNB,HOLD,710.6500,69.82,bullish,none,cautious_bullish,none,Daily RSI is overbought (69.82 > 65 cutoff threshold). Standing aside to catch a healthier pullback.,0.85
2026-09-03T11:39:00.120688+00:00,HYPE,HOLD,81.9810,64.33,bullish,none,cautious_bullish,none,"Multi-timeframe trend alignment unfulfilled (1D: 'bullish', 4H: 'bearish'). Requires dual bullish alignment.",0.75
2026-09-03T11:39:00.120688+00:00,SUI,HOLD,0.7677,55.26,bullish,none,cautious_bullish,none,Order book depth skewed to asks (imbalance ratio 0.4141 < 0.48). Lacks sufficient bid support.,0.75
2026-09-03T11:39:00.120688+00:00,BTC,HOLD,77915.7900,66.68,bullish,none,bullish,hack,Daily RSI is overbought (66.68 > 65 cutoff threshold). Standing aside to catch a healthier pullback.,0.85
2026-09-03T11:39:00.120688+00:00,ADA,HOLD,0.2072,56.37,bullish,none,cautious_bullish,none,Order book depth skewed to asks (imbalance ratio 0.4086 < 0.48). Lacks sufficient bid support.,0.75
2026-09-03T11:39:00.120688+00:00,XRP,HOLD,1.3691,60.42,bullish,none,bullish,none,"Multi-timeframe trend alignment unfulfilled (1D: 'bullish', 4H: 'neutral'). Requires dual bullish alignment.",0.75
2026-09-03T11:39:00.120688+00:00,LINK,HOLD,11.2940,61.97,bullish,none,cautious_bullish,none,"Multi-timeframe trend alignment unfulfilled (1D: 'bullish', 4H: 'neutral'). Requires dual bullish alignment.",0.75
2026-09-03T11:39:00.120688+00:00,ETH,HOLD,2405.1000,62.14,bullish,none,bullish,hack,"Multi-timeframe trend alignment unfulfilled (1D: 'bullish', 4H: 'bearish'). Requires dual bullish alignment.",0.75
2026-09-03T11:39:00.120688+00:00,AVAX,HOLD,7.2870,56.46,bullish,none,cautious_bullish,none,Price $7.2870 is trading notably below VWAP ($7.4526). Awaiting reclaim of VWAP.,0.75
2026-09-03T11:39:00.120688+00:00,TRX,HOLD,0.3278,42.34,bearish,none,cautious_bullish,none,RSI is weak (42.34 < 45) with lack of upward momentum. Awaiting technical recovery.,0.75
2026-09-03T11:39:00.120688+00:00,XLM,HOLD,0.1777,50.36,neutral,none,cautious_bullish,none,"Multi-timeframe trend alignment unfulfilled (1D: 'neutral', 4H: 'neutral'). Requires dual bullish alignment.",0.75
2026-09-03T11:39:00.120688+00:00,INJ,HOLD,4.8940,49.16,bearish,none,cautious_bullish,none,"Multi-timeframe trend alignment unfulfilled (1D: 'bearish', 4H: 'bearish'). Requires dual bullish alignment.",0.75
2026-09-03T11:39:00.120688+00:00,HNT,HOLD,4.6700,46.94,bearish,none,cautious_bullish,none,"Multi-timeframe trend alignment unfulfilled (1D: 'bearish', 4H: 'neutral'). Requires dual bullish alignment.",0.75
2026-09-03T11:39:00.120688+00:00,MATIC,HOLD,0.3794,38.0,bearish,none,cautious_bullish,none,RSI is weak (38.00 < 45) with lack of upward momentum. Awaiting technical recovery.,0.75
2026-09-03T11:50:37.322000+00:00,SOL,HOLD,100.8700,64.08,bullish,none,cautious_bullish,none,Active position in profit (+0.95% from $99.9200 entry). Price $100.8700 comfortably above trailing stop ($95.2904); holding.,0.50
2026-09-03T11:50:37.322000+00:00,DOT,HOLD,0.8790,56.41,bullish,none,cautious_bullish,none,Active position in profit (+4.52% from $0.8410 entry). Price $0.8790 comfortably above trailing stop ($0.8318); holding.,0.65
2026-09-03T11:50:37.322000+00:00,LTC,HOLD,50.8900,61.89,bullish,none,cautious_bullish,none,Active position in profit (+0.37% from $50.7000 entry). Price $50.8900 comfortably above trailing stop ($46.9102); holding.,0.65
2026-09-03T11:50:37.322000+00:00,NEAR,HOLD,1.8990,55.36,bullish,none,cautious_bullish,none,Active position in profit (+0.37% from $1.8920 entry). Price $1.8990 comfortably above trailing stop ($1.7911); holding.,0.65
2026-09-03T11:50:37.322000+00:00,APT,HOLD,0.6020,56.13,bullish,bullish,cautious_bullish,none,Active position intact (-1.63% from $0.6120 entry). Price $0.6020 is well above trailing stop ($0.5324); trend structure intact.,0.75
2026-09-03T11:50:37.322000+00:00,ICP,HOLD,2.4970,58.98,bullish,none,cautious_bullish,none,Active position intact (-0.76% from $2.5160 entry). Price $2.4970 is well above trailing stop ($2.3707); trend structure intact.,0.65
2026-09-03T11:50:37.322000+00:00,ARB,HOLD,0.1356,80.24,bullish,none,cautious_bullish,none,Portfolio position cap reached (6/6 max positions). Cash reserved until an existing position exits.,0.80
2026-09-03T11:50:37.322000+00:00,UNI,HOLD,6.2450,81.26,bullish,bearish,cautious_bullish,none,Portfolio position cap reached (6/6 max positions). Cash reserved until an existing position exits.,0.80
2026-09-03T11:50:37.322000+00:00,BNB,HOLD,715.1300,70.81,bullish,none,cautious_bullish,none,Portfolio position cap reached (6/6 max positions). Cash reserved until an existing position exits.,0.80
2026-09-03T11:50:37.322000+00:00,HYPE,HOLD,82.1090,64.48,bullish,none,cautious_bullish,none,Portfolio position cap reached (6/6 max positions). Cash reserved until an existing position exits.,0.80
2026-09-03T11:50:37.322000+00:00,BTC,HOLD,77919.9600,66.69,bullish,none,bullish,hack,Portfolio position cap reached (6/6 max positions). Cash reserved until an existing position exits.,0.80
2026-09-03T11:50:37.322000+00:00,SUI,HOLD,0.7675,55.23,bullish,none,cautious_bullish,none,Portfolio position cap reached (6/6 max positions). Cash reserved until an existing position exits.,0.80
2026-09-03T11:50:37.322000+00:00,XRP,HOLD,1.3713,60.61,bullish,none,bullish,none,Portfolio position cap reached (6/6 max positions). Cash reserved until an existing position exits.,0.80
2026-09-03T11:50:37.322000+00:00,ADA,HOLD,0.2070,56.25,bullish,none,cautious_bullish,none,Portfolio position cap reached (6/6 max positions). Cash reserved until an existing position exits.,0.80
2026-09-03T11:50:37.322000+00:00,LINK,HOLD,11.2780,61.79,bullish,none,cautious_bullish,none,Portfolio position cap reached (6/6 max positions). Cash reserved until an existing position exits.,0.80
2026-09-03T11:50:37.322000+00:00,ETH,HOLD,2407.5200,62.29,bullish,none,bullish,hack,Portfolio position cap reached (6/6 max positions). Cash reserved until an existing position exits.,0.80
2026-09-03T11:50:37.322000+00:00,AVAX,HOLD,7.2860,56.44,bullish,none,cautious_bullish,none,Portfolio position cap reached (6/6 max positions). Cash reserved until an existing position exits.,0.80
2026-09-03T11:50:37.322000+00:00,TRX,HOLD,0.3279,42.48,bearish,none,cautious_bullish,none,Portfolio position cap reached (6/6 max positions). Cash reserved until an existing position exits.,0.80
2026-09-03T11:50:37.322000+00:00,XLM,HOLD,0.1777,50.36,neutral,none,cautious_bullish,none,Portfolio position cap reached (6/6 max positions). Cash reserved until an existing position exits.,0.80
2026-09-03T11:50:37.322000+00:00,INJ,HOLD,4.9220,49.86,neutral,none,cautious_bullish,none,Portfolio position cap reached (6/6 max positions). Cash reserved until an existing position exits.,0.80
2026-09-03T11:50:37.322000+00:00,HNT,HOLD,4.6700,46.94,bearish,none,cautious_bullish,none,Portfolio position cap reached (6/6 max positions). Cash reserved until an existing position exits.,0.80
2026-09-03T11:50:37.322000+00:00,MATIC,HOLD,0.3794,38.0,bearish,none,cautious_bullish,none,Portfolio position cap reached (6/6 max positions). Cash reserved until an existing position exits.,0.80
2026-09-03T12:05:22.648998+00:00,SOL,HOLD,100.7900,63.99,bullish,none,cautious_bullish,none,Active position in profit (+0.87% from $99.9200 entry). Price $100.7900 comfortably above Chandelier stop ($95.2904); holding.,0.67
2026-09-03T12:05:22.648998+00:00,DOT,HOLD,0.8770,56.1,bullish,none,cautious_bullish,none,Active position in profit (+4.28% from $0.8410 entry). Price $0.8770 comfortably above Chandelier stop ($0.8318); holding.,0.79
2026-09-03T12:05:22.648998+00:00,LTC,HOLD,50.9900,62.22,bullish,none,cautious_bullish,none,Active position in profit (+0.57% from $50.7000 entry). Price $50.9900 comfortably above Chandelier stop ($47.2002); holding.,0.79
2026-09-03T12:05:22.648998+00:00,NEAR,HOLD,1.9000,55.42,bullish,none,cautious_bullish,none,Active position in profit (+0.42% from $1.8920 entry). Price $1.9000 comfortably above Chandelier stop ($1.7911); holding.,0.61
2026-09-03T12:05:22.648998+00:00,APT,HOLD,0.6040,56.46,bullish,bullish,cautious_bullish,none,Active position intact (-1.31% from $0.6120 entry). Price $0.6040 is well above Chandelier stop ($0.5324); trend structure intact.,0.89
2026-09-03T12:05:22.648998+00:00,ICP,HOLD,2.4930,58.79,bullish,none,cautious_bullish,none,Active position intact (-0.91% from $2.5160 entry). Price $2.4930 is well above Chandelier stop ($2.3707); trend structure intact.,0.69
2026-09-03T12:05:22.648998+00:00,ARB,HOLD,0.1355,80.21,bullish,none,cautious_bullish,none,Portfolio position cap reached (6/6 max positions). Cash reserved until an existing position exits.,0.80
2026-09-03T12:05:22.648998+00:00,UNI,HOLD,6.2340,81.19,bullish,bearish,cautious_bullish,none,Portfolio position cap reached (6/6 max positions). Cash reserved until an existing position exits.,0.80
2026-09-03T12:05:22.648998+00:00,BNB,HOLD,710.9400,69.88,bullish,none,cautious_bullish,none,Portfolio position cap reached (6/6 max positions). Cash reserved until an existing position exits.,0.80
2026-09-03T12:05:22.648998+00:00,HYPE,HOLD,81.9630,64.31,bullish,none,cautious_bullish,none,Portfolio position cap reached (6/6 max positions). Cash reserved until an existing position exits.,0.80
2026-09-03T12:05:22.648998+00:00,BTC,HOLD,77941.4900,66.74,bullish,none,bullish,hack,Portfolio position cap reached (6/6 max positions). Cash reserved until an existing position exits.,0.80
2026-09-03T12:05:22.648998+00:00,SUI,HOLD,0.7669,55.14,bullish,none,cautious_bullish,none,Portfolio position cap reached (6/6 max positions). Cash reserved until an existing position exits.,0.80
2026-09-03T12:05:22.648998+00:00,ADA,HOLD,0.2075,56.54,bullish,none,cautious_bullish,none,Portfolio position cap reached (6/6 max positions). Cash reserved until an existing position exits.,0.80
2026-09-03T12:05:22.648998+00:00,XRP,HOLD,1.3721,60.68,bullish,none,bullish,none,Portfolio position cap reached (6/6 max positions). Cash reserved until an existing position exits.,0.80
2026-09-03T12:05:22.648998+00:00,LINK,HOLD,11.2760,61.76,bullish,none,cautious_bullish,none,Portfolio position cap reached (6/6 max positions). Cash reserved until an existing position exits.,0.80
2026-09-03T12:05:22.648998+00:00,ETH,HOLD,2407.6000,62.29,bullish,none,bullish,hack,Portfolio position cap reached (6/6 max positions). Cash reserved until an existing position exits.,0.80
2026-09-03T12:05:22.648998+00:00,AVAX,HOLD,7.2820,56.35,bullish,none,cautious_bullish,none,Portfolio position cap reached (6/6 max positions). Cash reserved until an existing position exits.,0.80
2026-09-03T12:05:22.648998+00:00,TRX,HOLD,0.3280,42.63,bearish,none,cautious_bullish,none,Portfolio position cap reached (6/6 max positions). Cash reserved until an existing position exits.,0.80
2026-09-03T12:05:22.648998+00:00,XLM,HOLD,0.1776,50.28,neutral,none,cautious_bullish,none,Portfolio position cap reached (6/6 max positions). Cash reserved until an existing position exits.,0.80
2026-09-03T12:05:22.648998+00:00,INJ,HOLD,4.9550,50.66,neutral,none,cautious_bullish,none,Portfolio position cap reached (6/6 max positions). Cash reserved until an existing position exits.,0.80
2026-09-03T12:05:22.648998+00:00,HNT,HOLD,4.6700,46.94,bearish,none,cautious_bullish,none,Portfolio position cap reached (6/6 max positions). Cash reserved until an existing position exits.,0.80
2026-09-03T12:05:22.648998+00:00,MATIC,HOLD,0.3794,38.0,bearish,none,cautious_bullish,none,Portfolio position cap reached (6/6 max positions). Cash reserved until an existing position exits.,0.80
2026-09-03T12:27:58.294003+00:00,SOL,HOLD,100.7700,63.97,bullish,none,cautious_bullish,none,Active position in profit (+0.85% from $99.9200 entry). Price $100.7700 comfortably above Chandelier stop ($95.2904); holding.,0.67
2026-09-03T12:27:58.294003+00:00,DOT,HOLD,0.8740,55.63,bullish,none,cautious_bullish,none,Active position in profit (+3.92% from $0.8410 entry). Price $0.8740 comfortably above Chandelier stop ($0.8318); holding.,0.69
2026-09-03T12:27:58.294003+00:00,LTC,HOLD,50.8400,61.72,bullish,none,cautious_bullish,none,Active position in profit (+0.28% from $50.7000 entry). Price $50.8400 comfortably above Chandelier stop ($47.2002); holding.,0.79
2026-09-03T12:27:58.294003+00:00,NEAR,HOLD,1.9000,55.42,bullish,none,cautious_bullish,none,Active position in profit (+0.42% from $1.8920 entry). Price $1.9000 comfortably above Chandelier stop ($1.7911); holding.,0.61
2026-09-03T12:27:58.294003+00:00,APT,HOLD,0.6040,56.46,bullish,bullish,cautious_bullish,none,Active position intact (-1.31% from $0.6120 entry). Price $0.6040 is well above Chandelier stop ($0.5324); trend structure intact.,0.89
2026-09-03T12:27:58.294003+00:00,ICP,HOLD,2.4920,58.74,bullish,none,cautious_bullish,none,Active position intact (-0.95% from $2.5160 entry). Price $2.4920 is well above Chandelier stop ($2.3707); trend structure intact.,0.69
2026-09-03T12:27:58.294003+00:00,ARB,HOLD,0.1360,80.35,bullish,none,cautious_bullish,none,Portfolio position cap reached (6/6 max positions). Cash reserved until an existing position exits.,0.80
2026-09-03T12:27:58.294003+00:00,UNI,HOLD,6.2250,81.13,bullish,bearish,cautious_bullish,none,Portfolio position cap reached (6/6 max positions). Cash reserved until an existing position exits.,0.80
2026-09-03T12:27:58.294003+00:00,BNB,HOLD,711.2700,69.96,bullish,none,cautious_bullish,none,Portfolio position cap reached (6/6 max positions). Cash reserved until an existing position exits.,0.80
2026-09-03T12:27:58.294003+00:00,HYPE,HOLD,81.9420,64.29,bullish,none,cautious_bullish,none,Portfolio position cap reached (6/6 max positions). Cash reserved until an existing position exits.,0.80
2026-09-03T12:27:58.294003+00:00,BTC,HOLD,77970.0900,66.8,bullish,none,bullish,hack,Portfolio position cap reached (6/6 max positions). Cash reserved until an existing position exits.,0.80
2026-09-03T12:27:58.294003+00:00,SUI,HOLD,0.7642,54.75,bullish,none,cautious_bullish,none,Portfolio position cap reached (6/6 max positions). Cash reserved until an existing position exits.,0.80
2026-09-03T12:27:58.294003+00:00,ADA,HOLD,0.2076,56.59,bullish,none,cautious_bullish,none,Portfolio position cap reached (6/6 max positions). Cash reserved until an existing position exits.,0.80
2026-09-03T12:27:58.294003+00:00,XRP,HOLD,1.3722,60.69,bullish,none,bullish,none,Portfolio position cap reached (6/6 max positions). Cash reserved until an existing position exits.,0.80
2026-09-03T12:27:58.294003+00:00,LINK,HOLD,11.2850,61.87,bullish,none,cautious_bullish,none,Portfolio position cap reached (6/6 max positions). Cash reserved until an existing position exits.,0.80
2026-09-03T12:27:58.294003+00:00,ETH,HOLD,2408.2500,62.33,bullish,none,bullish,hack,Portfolio position cap reached (6/6 max positions). Cash reserved until an existing position exits.,0.80
2026-09-03T12:27:58.294003+00:00,AVAX,HOLD,7.2870,56.46,bullish,none,cautious_bullish,none,Portfolio position cap reached (6/6 max positions). Cash reserved until an existing position exits.,0.80
2026-09-03T12:27:58.294003+00:00,TRX,HOLD,0.3278,42.34,bearish,none,cautious_bullish,none,Portfolio position cap reached (6/6 max positions). Cash reserved until an existing position exits.,0.80
2026-09-03T12:27:58.294003+00:00,XLM,HOLD,0.1784,50.96,neutral,none,cautious_bullish,none,Portfolio position cap reached (6/6 max positions). Cash reserved until an existing position exits.,0.80
2026-09-03T12:27:58.294003+00:00,INJ,HOLD,4.9430,50.38,neutral,none,cautious_bullish,none,Portfolio position cap reached (6/6 max positions). Cash reserved until an existing position exits.,0.80
2026-09-03T12:27:58.294003+00:00,HNT,HOLD,4.6700,46.94,bearish,none,cautious_bullish,none,Portfolio position cap reached (6/6 max positions). Cash reserved until an existing position exits.,0.80
2026-09-03T12:27:58.294003+00:00,MATIC,HOLD,0.3794,38.0,bearish,none,cautious_bullish,none,Portfolio position cap reached (6/6 max positions). Cash reserved until an existing position exits.,0.80
2026-09-03T12:37:28.629555+00:00,SOL,HOLD,0.0000,0.0,neutral,none,no_signal,none,Data fetch error or inactive Binance spot ticker (Failed to fetch klines from Spot & Futures for SOLUSDT: 451 Client Error:  for url: https://fapi.binance.com/fapi/v1/klines?symbol=SOLUSDT&interval=1d&limit=100). Skipping trade.,0.00
2026-09-03T12:37:28.629555+00:00,DOT,HOLD,0.0000,0.0,neutral,none,no_signal,none,Data fetch error or inactive Binance spot ticker (Failed to fetch klines from Spot & Futures for DOTUSDT: 451 Client Error:  for url: https://fapi.binance.com/fapi/v1/klines?symbol=DOTUSDT&interval=1d&limit=100). Skipping trade.,0.00
2026-09-03T12:37:28.629555+00:00,LTC,HOLD,0.0000,0.0,neutral,none,no_signal,none,Data fetch error or inactive Binance spot ticker (Failed to fetch klines from Spot & Futures for LTCUSDT: 451 Client Error:  for url: https://fapi.binance.com/fapi/v1/klines?symbol=LTCUSDT&interval=1d&limit=100). Skipping trade.,0.00
2026-09-03T12:37:28.629555+00:00,NEAR,HOLD,0.0000,0.0,neutral,none,no_signal,none,Data fetch error or inactive Binance spot ticker (Failed to fetch klines from Spot & Futures for NEARUSDT: 451 Client Error:  for url: https://fapi.binance.com/fapi/v1/klines?symbol=NEARUSDT&interval=1d&limit=100). Skipping trade.,0.00
2026-09-03T12:37:28.629555+00:00,APT,HOLD,0.0000,0.0,neutral,none,no_signal,none,Data fetch error or inactive Binance spot ticker (Failed to fetch klines from Spot & Futures for APTUSDT: 451 Client Error:  for url: https://fapi.binance.com/fapi/v1/klines?symbol=APTUSDT&interval=1d&limit=100). Skipping trade.,0.00
2026-09-03T12:37:28.629555+00:00,ICP,HOLD,0.0000,0.0,neutral,none,no_signal,none,Data fetch error or inactive Binance spot ticker (Failed to fetch klines from Spot & Futures for ICPUSDT: 451 Client Error:  for url: https://fapi.binance.com/fapi/v1/klines?symbol=ICPUSDT&interval=1d&limit=100). Skipping trade.,0.00
2026-09-03T12:37:28.629555+00:00,BTC,HOLD,0.0000,0.0,neutral,none,no_signal,none,Data fetch error or inactive Binance spot ticker (Failed to fetch klines from Spot & Futures for BTCUSDT: 451 Client Error:  for url: https://fapi.binance.com/fapi/v1/klines?symbol=BTCUSDT&interval=1d&limit=100). Skipping trade.,0.00
2026-09-03T12:37:28.629555+00:00,ETH,HOLD,0.0000,0.0,neutral,none,no_signal,none,Data fetch error or inactive Binance spot ticker (Failed to fetch klines from Spot & Futures for ETHUSDT: 451 Client Error:  for url: https://fapi.binance.com/fapi/v1/klines?symbol=ETHUSDT&interval=1d&limit=100). Skipping trade.,0.00
2026-09-03T12:37:28.629555+00:00,XRP,HOLD,0.0000,0.0,neutral,none,no_signal,none,Data fetch error or inactive Binance spot ticker (Failed to fetch klines from Spot & Futures for XRPUSDT: 451 Client Error:  for url: https://fapi.binance.com/fapi/v1/klines?symbol=XRPUSDT&interval=1d&limit=100). Skipping trade.,0.00
2026-09-03T12:37:28.629555+00:00,ADA,HOLD,0.0000,0.0,neutral,none,no_signal,none,Data fetch error or inactive Binance spot ticker (Failed to fetch klines from Spot & Futures for ADAUSDT: 451 Client Error:  for url: https://fapi.binance.com/fapi/v1/klines?symbol=ADAUSDT&interval=1d&limit=100). Skipping trade.,0.00
2026-09-03T12:37:28.629555+00:00,AVAX,HOLD,0.0000,0.0,neutral,none,no_signal,none,Data fetch error or inactive Binance spot ticker (Failed to fetch klines from Spot & Futures for AVAXUSDT: 451 Client Error:  for url: https://fapi.binance.com/fapi/v1/klines?symbol=AVAXUSDT&interval=1d&limit=100). Skipping trade.,0.00
2026-09-03T12:37:28.629555+00:00,LINK,HOLD,0.0000,0.0,neutral,none,no_signal,none,Data fetch error or inactive Binance spot ticker (Failed to fetch klines from Spot & Futures for LINKUSDT: 451 Client Error:  for url: https://fapi.binance.com/fapi/v1/klines?symbol=LINKUSDT&interval=1d&limit=100). Skipping trade.,0.00
2026-09-03T12:37:28.629555+00:00,MATIC,HOLD,0.0000,0.0,neutral,none,no_signal,none,Data fetch error or inactive Binance spot ticker (Failed to fetch klines from Spot & Futures for MATICUSDT: 451 Client Error:  for url: https://fapi.binance.com/fapi/v1/klines?symbol=MATICUSDT&interval=1d&limit=100). Skipping trade.,0.00
2026-09-03T12:37:28.629555+00:00,UNI,HOLD,0.0000,0.0,neutral,none,no_signal,none,Data fetch error or inactive Binance spot ticker (Failed to fetch klines from Spot & Futures for UNIUSDT: 451 Client Error:  for url: https://fapi.binance.com/fapi/v1/klines?symbol=UNIUSDT&interval=1d&limit=100). Skipping trade.,0.00
2026-09-03T12:37:28.629555+00:00,XLM,HOLD,0.0000,0.0,neutral,none,no_signal,none,Data fetch error or inactive Binance spot ticker (Failed to fetch klines from Spot & Futures for XLMUSDT: 451 Client Error:  for url: https://fapi.binance.com/fapi/v1/klines?symbol=XLMUSDT&interval=1d&limit=100). Skipping trade.,0.00
2026-09-03T12:37:28.629555+00:00,SUI,HOLD,0.0000,0.0,neutral,none,no_signal,none,Data fetch error or inactive Binance spot ticker (Failed to fetch klines from Spot & Futures for SUIUSDT: 451 Client Error:  for url: https://fapi.binance.com/fapi/v1/klines?symbol=SUIUSDT&interval=1d&limit=100). Skipping trade.,0.00
2026-09-03T12:37:28.629555+00:00,ARB,HOLD,0.0000,0.0,neutral,none,no_signal,none,Data fetch error or inactive Binance spot ticker (Failed to fetch klines from Spot & Futures for ARBUSDT: 451 Client Error:  for url: https://fapi.binance.com/fapi/v1/klines?symbol=ARBUSDT&interval=1d&limit=100). Skipping trade.,0.00
2026-09-03T12:37:28.629555+00:00,INJ,HOLD,0.0000,0.0,neutral,none,no_signal,none,Data fetch error or inactive Binance spot ticker (Failed to fetch klines from Spot & Futures for INJUSDT: 451 Client Error:  for url: https://fapi.binance.com/fapi/v1/klines?symbol=INJUSDT&interval=1d&limit=100). Skipping trade.,0.00
2026-09-03T12:37:28.629555+00:00,BNB,HOLD,0.0000,0.0,neutral,none,no_signal,none,Data fetch error or inactive Binance spot ticker (Failed to fetch klines from Spot & Futures for BNBUSDT: 451 Client Error:  for url: https://fapi.binance.com/fapi/v1/klines?symbol=BNBUSDT&interval=1d&limit=100). Skipping trade.,0.00
2026-09-03T12:37:28.629555+00:00,TRX,HOLD,0.0000,0.0,neutral,none,no_signal,none,Data fetch error or inactive Binance spot ticker (Failed to fetch klines from Spot & Futures for TRXUSDT: 451 Client Error:  for url: https://fapi.binance.com/fapi/v1/klines?symbol=TRXUSDT&interval=1d&limit=100). Skipping trade.,0.00
2026-09-03T12:37:28.629555+00:00,HNT,HOLD,0.0000,0.0,neutral,none,no_signal,none,Data fetch error or inactive Binance spot ticker (Failed to fetch klines from Spot & Futures for HNTUSDT: 451 Client Error:  for url: https://fapi.binance.com/fapi/v1/klines?symbol=HNTUSDT&interval=1d&limit=100). Skipping trade.,0.00
2026-09-03T12:37:28.629555+00:00,HYPE,HOLD,0.0000,0.0,neutral,none,no_signal,none,Data fetch error or inactive Binance spot ticker (Failed to fetch klines from Spot & Futures for HYPEUSDT: 451 Client Error:  for url: https://fapi.binance.com/fapi/v1/klines?symbol=HYPEUSDT&interval=1d&limit=100). Skipping trade.,0.00
2026-09-03T12:41:56.465322+00:00,SOL,HOLD,101.0300,64.26,bullish,none,cautious_bullish,none,Active position in profit (+1.11% from $99.9200 entry). Price $101.0300 comfortably above Chandelier stop ($95.2904); holding.,0.67
2026-09-03T12:41:56.465322+00:00,DOT,HOLD,0.8770,56.1,bullish,none,cautious_bullish,none,Active position in profit (+4.28% from $0.8410 entry). Price $0.8770 comfortably above Chandelier stop ($0.8318); holding.,0.69
2026-09-03T12:41:56.465322+00:00,LTC,HOLD,50.9000,61.93,bullish,none,cautious_bullish,none,Active position in profit (+0.39% from $50.7000 entry). Price $50.9000 comfortably above Chandelier stop ($47.2002); holding.,0.79
2026-09-03T12:41:56.465322+00:00,NEAR,HOLD,1.9080,55.9,bullish,none,cautious_bullish,none,Active position in profit (+0.85% from $1.8920 entry). Price $1.9080 comfortably above Chandelier stop ($1.7911); holding.,0.61
2026-09-03T12:41:56.465322+00:00,APT,HOLD,0.6050,56.63,bullish,bullish,cautious_bullish,none,Active position intact (-1.14% from $0.6120 entry). Price $0.6050 is well above Chandelier stop ($0.5324); trend structure intact.,0.89
2026-09-03T12:41:56.465322+00:00,ICP,HOLD,2.5060,59.41,bullish,none,cautious_bullish,none,Active position intact (-0.40% from $2.5160 entry). Price $2.5060 is well above Chandelier stop ($2.3707); trend structure intact.,0.69
2026-09-03T12:41:56.465322+00:00,ARB,HOLD,0.1348,80.02,bullish,none,cautious_bullish,none,Portfolio position cap reached (6/6 max positions). Cash reserved until an existing position exits.,0.80
2026-09-03T12:41:56.465322+00:00,UNI,HOLD,6.1790,80.83,bullish,bearish,cautious_bullish,none,Portfolio position cap reached (6/6 max positions). Cash reserved until an existing position exits.,0.80
2026-09-03T12:41:56.465322+00:00,BNB,HOLD,713.4700,70.45,bullish,none,cautious_bullish,none,Portfolio position cap reached (6/6 max positions). Cash reserved until an existing position exits.,0.80
2026-09-03T12:41:56.465322+00:00,HYPE,HOLD,82.4210,64.83,bullish,none,cautious_bullish,none,Portfolio position cap reached (6/6 max positions). Cash reserved until an existing position exits.,0.80
2026-09-03T12:41:56.465322+00:00,BTC,HOLD,78292.8500,67.53,bullish,none,bullish,hack,Portfolio position cap reached (6/6 max positions). Cash reserved until an existing position exits.,0.80
2026-09-03T12:41:56.465322+00:00,SUI,HOLD,0.7669,55.14,bullish,none,cautious_bullish,none,Portfolio position cap reached (6/6 max positions). Cash reserved until an existing position exits.,0.80
2026-09-03T12:41:56.465322+00:00,XRP,HOLD,1.3757,60.99,bullish,none,bullish,none,Portfolio position cap reached (6/6 max positions). Cash reserved until an existing position exits.,0.80
2026-09-03T12:41:56.465322+00:00,ADA,HOLD,0.2080,56.82,bullish,none,cautious_bullish,none,Portfolio position cap reached (6/6 max positions). Cash reserved until an existing position exits.,0.80
2026-09-03T12:41:56.465322+00:00,LINK,HOLD,11.3470,62.55,bullish,none,cautious_bullish,none,Portfolio position cap reached (6/6 max positions). Cash reserved until an existing position exits.,0.80
2026-09-03T12:41:56.465322+00:00,ETH,HOLD,2412.4200,62.58,bullish,none,bullish,hack,Portfolio position cap reached (6/6 max positions). Cash reserved until an existing position exits.,0.80
2026-09-03T12:41:56.465322+00:00,AVAX,HOLD,7.2910,56.55,bullish,none,cautious_bullish,none,Portfolio position cap reached (6/6 max positions). Cash reserved until an existing position exits.,0.80
2026-09-03T12:41:56.465322+00:00,TRX,HOLD,0.3278,42.34,bearish,none,cautious_bullish,none,Portfolio position cap reached (6/6 max positions). Cash reserved until an existing position exits.,0.80
2026-09-03T12:41:56.465322+00:00,XLM,HOLD,0.1785,51.05,neutral,none,cautious_bullish,none,Portfolio position cap reached (6/6 max positions). Cash reserved until an existing position exits.,0.80
2026-09-03T12:41:56.465322+00:00,INJ,HOLD,4.9600,50.78,neutral,none,cautious_bullish,none,Portfolio position cap reached (6/6 max positions). Cash reserved until an existing position exits.,0.80
2026-09-03T12:41:56.465322+00:00,HNT,HOLD,4.6700,46.94,bearish,none,cautious_bullish,none,Portfolio position cap reached (6/6 max positions). Cash reserved until an existing position exits.,0.80
2026-09-03T12:41:56.465322+00:00,MATIC,HOLD,0.3794,38.0,bearish,none,cautious_bullish,none,Portfolio position cap reached (6/6 max positions). Cash reserved until an existing position exits.,0.80
2026-09-03T12:43:44.590432+00:00,SOL,HOLD,100.9900,64.23,bullish,none,cautious_bullish,none,Active position in profit (+1.07% from $99.9200 entry). Price $100.9900 comfortably above Chandelier stop ($95.2904); holding.,0.67
2026-09-03T12:43:44.590432+00:00,DOT,HOLD,0.8770,56.09,bullish,none,cautious_bullish,none,Active position in profit (+4.28% from $0.8410 entry). Price $0.8770 comfortably above Chandelier stop ($0.8318); holding.,0.69
2026-09-03T12:43:44.590432+00:00,LTC,HOLD,50.9000,61.95,bullish,none,cautious_bullish,none,Active position in profit (+0.39% from $50.7000 entry). Price $50.9000 comfortably above Chandelier stop ($47.2308); holding.,0.79
2026-09-03T12:43:44.590432+00:00,NEAR,HOLD,1.9059,55.78,bullish,none,cautious_bullish,none,Active position in profit (+0.73% from $1.8920 entry). Price $1.9059 comfortably above Chandelier stop ($1.7911); holding.,0.61
2026-09-03T12:43:44.590432+00:00,APT,HOLD,0.6051,56.57,bullish,none,cautious_bullish,none,Active position intact (-1.13% from $0.6120 entry). Price $0.6051 is well above Chandelier stop ($0.5338); trend structure intact.,0.79
2026-09-03T12:43:44.590432+00:00,ICP,HOLD,2.5050,59.56,bullish,none,cautious_bullish,none,Active position intact (-0.44% from $2.5160 entry). Price $2.5050 is well above Chandelier stop ($2.3707); trend structure intact.,0.81
2026-09-03T12:43:44.590432+00:00,HNT,HOLD,0.4958,62.96,bullish,bullish,cautious_bullish,none,Portfolio position cap reached (6/6 max positions). Cash reserved until an existing position exits.,0.80
2026-09-03T12:43:44.590432+00:00,ARB,HOLD,0.1350,80.24,bullish,none,cautious_bullish,none,Portfolio position cap reached (6/6 max positions). Cash reserved until an existing position exits.,0.80
2026-09-03T12:43:44.590432+00:00,UNI,HOLD,6.1950,80.82,bullish,bearish,cautious_bullish,none,Portfolio position cap reached (6/6 max positions). Cash reserved until an existing position exits.,0.80
2026-09-03T12:43:44.590432+00:00,BNB,HOLD,712.5200,70.21,bullish,none,cautious_bullish,none,Portfolio position cap reached (6/6 max positions). Cash reserved until an existing position exits.,0.80
2026-09-03T12:43:44.590432+00:00,HYPE,HOLD,82.3800,64.86,bullish,none,cautious_bullish,none,Portfolio position cap reached (6/6 max positions). Cash reserved until an existing position exits.,0.80
2026-09-03T12:43:44.590432+00:00,BTC,HOLD,78262.9200,67.51,bullish,none,bullish,hack,Portfolio position cap reached (6/6 max positions). Cash reserved until an existing position exits.,0.80
2026-09-03T12:43:44.590432+00:00,SUI,HOLD,0.7665,55.08,bullish,none,cautious_bullish,none,Portfolio position cap reached (6/6 max positions). Cash reserved until an existing position exits.,0.80
2026-09-03T12:43:44.590432+00:00,XRP,HOLD,1.3753,60.93,bullish,none,bullish,none,Portfolio position cap reached (6/6 max positions). Cash reserved until an existing position exits.,0.80
2026-09-03T12:43:44.590432+00:00,ADA,HOLD,0.2078,56.67,bullish,none,cautious_bullish,none,Portfolio position cap reached (6/6 max positions). Cash reserved until an existing position exits.,0.80
2026-09-03T12:43:44.590432+00:00,LINK,HOLD,11.3360,62.56,bullish,none,cautious_bullish,none,Portfolio position cap reached (6/6 max positions). Cash reserved until an existing position exits.,0.80
2026-09-03T12:43:44.590432+00:00,ETH,HOLD,2412.3600,62.62,bullish,none,bullish,hack,Portfolio position cap reached (6/6 max positions). Cash reserved until an existing position exits.,0.80
2026-09-03T12:43:44.590432+00:00,AVAX,HOLD,7.2930,56.64,bullish,none,cautious_bullish,none,Portfolio position cap reached (6/6 max positions). Cash reserved until an existing position exits.,0.80
2026-09-03T12:43:44.590432+00:00,TRX,HOLD,0.3278,42.31,bearish,none,cautious_bullish,none,Portfolio position cap reached (6/6 max positions). Cash reserved until an existing position exits.,0.80
2026-09-03T12:43:44.590432+00:00,XLM,HOLD,0.1784,50.98,neutral,none,cautious_bullish,none,Portfolio position cap reached (6/6 max positions). Cash reserved until an existing position exits.,0.80
2026-09-03T12:43:44.590432+00:00,INJ,HOLD,4.9600,50.78,neutral,none,cautious_bullish,none,Portfolio position cap reached (6/6 max positions). Cash reserved until an existing position exits.,0.80
2026-09-03T12:43:44.590432+00:00,MATIC,HOLD,0.0000,0.0,neutral,none,no_signal,none,"Data fetch error or inactive Binance spot ticker (All global exchange sources (Binance, MEXC, Bybit) failed for MATICUSDT). Skipping trade.",0.00
2026-09-03T17:01:08.005082+00:00,SOL,HOLD,104.5700,67.78,bullish,none,cautious_bullish,none,Active position in profit (+4.65% from $99.9200 entry). Price $104.5700 comfortably above Chandelier stop ($95.2904); holding.,0.79
2026-09-03T17:01:08.005082+00:00,DOT,HOLD,0.8900,58.03,bullish,none,cautious_bullish,none,Active position in profit (+5.83% from $0.8410 entry). Price $0.8900 comfortably above Chandelier stop ($0.8318); holding.,0.69
2026-09-03T17:01:08.005082+00:00,LTC,HOLD,51.2800,63.16,bullish,none,cautious_bullish,none,Active position in profit (+1.14% from $50.7000 entry). Price $51.2800 comfortably above Chandelier stop ($47.4374); holding.,0.81
2026-09-03T17:01:08.005082+00:00,NEAR,HOLD,1.9830,59.91,bullish,none,cautious_bullish,none,Active position in profit (+4.81% from $1.8920 entry). Price $1.9830 comfortably above Chandelier stop ($1.7911); holding.,0.61
2026-09-03T17:01:08.005082+00:00,APT,HOLD,0.6000,55.79,bullish,bullish,cautious_bullish,none,Active position intact (-1.96% from $0.6120 entry). Price $0.6000 is well above Chandelier stop ($0.5324); trend structure intact.,0.77
2026-09-03T17:01:08.005082+00:00,ICP,HOLD,2.5320,60.59,bullish,none,cautious_bullish,none,Active position in profit (+0.64% from $2.5160 entry). Price $2.5320 comfortably above Chandelier stop ($2.3707); holding.,0.71
2026-09-03T17:01:08.005082+00:00,ARB,HOLD,0.1317,79.1,bullish,none,cautious_bullish,none,Portfolio position cap reached (6/6 max positions). Cash reserved until an existing position exits.,0.80
2026-09-03T17:01:08.005082+00:00,UNI,HOLD,6.1310,80.5,bullish,bearish,cautious_bullish,none,Portfolio position cap reached (6/6 max positions). Cash reserved until an existing position exits.,0.80
2026-09-03T17:01:08.005082+00:00,ADA,HOLD,0.2220,63.42,bullish,none,cautious_bullish,none,Portfolio position cap reached (6/6 max positions). Cash reserved until an existing position exits.,0.80
2026-09-03T17:01:08.005082+00:00,XRP,HOLD,1.4548,66.72,bullish,none,bullish,none,Portfolio position cap reached (6/6 max positions). Cash reserved until an existing position exits.,0.80
2026-09-03T17:01:08.005082+00:00,BNB,HOLD,722.1600,72.25,bullish,none,cautious_bullish,none,Portfolio position cap reached (6/6 max positions). Cash reserved until an existing position exits.,0.80
2026-09-03T17:01:08.005082+00:00,HYPE,HOLD,83.8960,66.4,bullish,none,cautious_bullish,none,Portfolio position cap reached (6/6 max positions). Cash reserved until an existing position exits.,0.80
2026-09-03T17:01:08.005082+00:00,BTC,HOLD,80920.2900,72.46,bullish,none,bullish,hack,Portfolio position cap reached (6/6 max positions). Cash reserved until an existing position exits.,0.80
2026-09-03T17:01:08.005082+00:00,SUI,HOLD,0.7893,58.18,bullish,none,cautious_bullish,none,Portfolio position cap reached (6/6 max positions). Cash reserved until an existing position exits.,0.80
2026-09-03T17:01:08.005082+00:00,LINK,HOLD,11.7140,66.17,bullish,none,cautious_bullish,none,Portfolio position cap reached (6/6 max positions). Cash reserved until an existing position exits.,0.80
2026-09-03T17:01:08.005082+00:00,ETH,HOLD,2492.6300,66.85,bullish,none,bullish,hack,Portfolio position cap reached (6/6 max positions). Cash reserved until an existing position exits.,0.80
2026-09-03T17:01:08.005082+00:00,XLM,HOLD,0.1872,57.42,neutral,none,cautious_bullish,none,Portfolio position cap reached (6/6 max positions). Cash reserved until an existing position exits.,0.80
2026-09-03T17:01:08.005082+00:00,AVAX,HOLD,7.5080,61.0,bullish,none,cautious_bullish,none,Portfolio position cap reached (6/6 max positions). Cash reserved until an existing position exits.,0.80
2026-09-03T17:01:08.005082+00:00,TRX,HOLD,0.3319,47.73,bearish,none,cautious_bullish,none,Portfolio position cap reached (6/6 max positions). Cash reserved until an existing position exits.,0.80
2026-09-03T17:01:08.005082+00:00,INJ,HOLD,5.0460,52.75,bullish,none,cautious_bullish,none,Portfolio position cap reached (6/6 max positions). Cash reserved until an existing position exits.,0.80
2026-09-03T17:01:08.005082+00:00,HNT,HOLD,4.6700,46.94,bearish,none,cautious_bullish,none,Portfolio position cap reached (6/6 max positions). Cash reserved until an existing position exits.,0.80
2026-09-03T17:01:08.005082+00:00,MATIC,HOLD,0.3794,38.0,bearish,none,cautious_bullish,none,Portfolio position cap reached (6/6 max positions). Cash reserved until an existing position exits.,0.80
2026-09-03T17:12:44.754709+00:00,SOL,HOLD,104.6000,67.81,bullish,none,cautious_bullish,none,Active position in profit (+4.68% from $99.9200 entry) [🔒 PROFIT-LOCK ACTIVE: Stop at $102.7280 locks +2.81% profit]. Price $104.6000 comfortably above trailing stop ($102.7280); holding full amount.,0.79
2026-09-03T17:12:44.754709+00:00,DOT,HOLD,0.8890,57.89,bullish,none,cautious_bullish,none,Active position in profit (+5.71% from $0.8410 entry) [🔒 PROFIT-LOCK ACTIVE: Stop at $0.8704 locks +3.50% profit]. Price $0.8890 comfortably above trailing stop ($0.8704); holding full amount.,0.69
2026-09-03T17:12:44.754709+00:00,LTC,HOLD,51.3700,63.44,bullish,none,cautious_bullish,none,Active position in profit (+1.32% from $50.7000 entry). Price $51.3700 comfortably above trailing stop ($47.5188); holding full amount.,0.81
2026-09-03T17:12:44.754709+00:00,NEAR,HOLD,1.9970,60.58,bullish,none,cautious_bullish,none,Active position in profit (+5.55% from $1.8920 entry) [🔒 PROFIT-LOCK ACTIVE: Stop at $1.9550 locks +3.33% profit]. Price $1.9970 comfortably above trailing stop ($1.9550); holding full amount.,0.81
2026-09-03T17:12:44.754709+00:00,APT,HOLD,0.6030,56.3,bullish,bullish,cautious_bullish,none,Active position intact (-1.47% from $0.6120 entry). Price $0.6030 is well above trailing stop ($0.5324); trend structure intact.,0.87
2026-09-03T17:12:44.754709+00:00,ICP,HOLD,2.5350,60.73,bullish,none,cautious_bullish,none,Active position in profit (+0.76% from $2.5160 entry). Price $2.5350 comfortably above trailing stop ($2.3707); holding full amount.,0.71
2026-09-03T17:12:44.754709+00:00,UNI,HOLD,6.1880,80.89,bullish,bearish,cautious_bullish,none,Daily RSI is overbought (80.89 > 68 cutoff threshold). Standing aside to catch a healthier pullback.,0.85
2026-09-03T17:12:44.754709+00:00,ARB,HOLD,0.1320,79.2,bullish,none,cautious_bullish,none,Daily RSI is overbought (79.20 > 68 cutoff threshold). Standing aside to catch a healthier pullback.,0.85
2026-09-03T17:12:44.754709+00:00,ADA,HOLD,0.2217,63.3,bullish,none,cautious_bullish,none,Order book depth skewed to asks (imbalance ratio 0.4271 < 0.48). Lacks sufficient bid support.,0.75
2026-09-03T17:12:44.754709+00:00,XRP,HOLD,1.4549,66.73,bullish,none,bullish,none,Daily RSI is overbought (66.73 > 65 cutoff threshold). Standing aside to catch a healthier pullback.,0.85
2026-09-03T17:12:44.754709+00:00,HYPE,HOLD,84.2490,66.75,bullish,bearish,cautious_bullish,none,Daily RSI is overbought (66.75 > 65 cutoff threshold). Standing aside to catch a healthier pullback.,0.85
2026-09-03T17:12:44.754709+00:00,BTC,HOLD,81040.7000,72.65,bullish,none,bullish,hack,Daily RSI is overbought (72.65 > 65 cutoff threshold). Standing aside to catch a healthier pullback.,0.85
2026-09-03T17:12:44.754709+00:00,BNB,HOLD,722.1700,72.25,bullish,none,cautious_bullish,none,Daily RSI is overbought (72.25 > 65 cutoff threshold). Standing aside to catch a healthier pullback.,0.85
2026-09-03T17:12:44.754709+00:00,SUI,HOLD,0.7893,58.18,bullish,none,cautious_bullish,none,1H timeframe is overextended (1H RSI overbought (73.70 > 68)). Awaiting intraday pullback for precision entry.,0.80
2026-09-03T17:12:44.754709+00:00,LINK,HOLD,11.7280,66.3,bullish,none,cautious_bullish,none,Daily RSI is overbought (66.30 > 65 cutoff threshold). Standing aside to catch a healthier pullback.,0.85
2026-09-03T17:12:44.754709+00:00,ETH,HOLD,2496.4600,67.03,bullish,none,bullish,hack,Daily RSI is overbought (67.03 > 65 cutoff threshold). Standing aside to catch a healthier pullback.,0.85
2026-09-03T17:12:44.754709+00:00,XLM,HOLD,0.1874,57.55,neutral,none,cautious_bullish,none,"Multi-timeframe trend alignment unfulfilled (1D: 'neutral', 4H: 'bullish'). Requires dual bullish alignment.",0.75
2026-09-03T17:12:44.754709+00:00,AVAX,HOLD,7.5130,61.09,bullish,none,cautious_bullish,none,Order book depth skewed to asks (imbalance ratio 0.4791 < 0.48). Lacks sufficient bid support.,0.75
2026-09-03T17:12:44.754709+00:00,TRX,HOLD,0.3316,47.37,bearish,none,cautious_bullish,none,"Multi-timeframe trend alignment unfulfilled (1D: 'bearish', 4H: 'neutral'). Requires dual bullish alignment.",0.75
2026-09-03T17:12:44.754709+00:00,INJ,HOLD,5.0500,52.83,bullish,none,cautious_bullish,none,Order book depth skewed to asks (imbalance ratio 0.4245 < 0.48). Lacks sufficient bid support.,0.75
2026-09-03T17:12:44.754709+00:00,HNT,HOLD,4.6700,46.94,bearish,none,cautious_bullish,none,"Multi-timeframe trend alignment unfulfilled (1D: 'bearish', 4H: 'neutral'). Requires dual bullish alignment.",0.75
2026-09-03T17:12:44.754709+00:00,MATIC,HOLD,0.3794,38.0,bearish,none,cautious_bullish,none,Institutional money flow is negative (CMF -0.1162 <= -0.10). Smart money distribution vetoes buy entry.,0.85
2026-09-03T17:49:55.183837+00:00,SOL,HOLD,105.1600,68.32,bullish,none,cautious_bullish,none,Active position in profit (+5.24% from $99.9200 entry) [🔒 PROFIT-LOCK ACTIVE: Stop at $103.0640 locks +3.15% profit]. Price $105.1600 comfortably above trailing stop ($103.0640); holding full amount.,0.79
2026-09-03T17:49:55.183837+00:00,DOT,HOLD,0.8898,57.99,bullish,none,cautious_bullish,none,Active position in profit (+5.80% from $0.8410 entry) [🔒 PROFIT-LOCK ACTIVE: Stop at $0.8704 locks +3.50% profit]. Price $0.8898 comfortably above trailing stop ($0.8704); holding full amount.,0.69
2026-09-03T17:49:55.183837+00:00,LTC,HOLD,51.3900,63.53,bullish,none,cautious_bullish,none,Active position in profit (+1.36% from $50.7000 entry). Price $51.3900 comfortably above trailing stop ($47.5722); holding full amount.,0.69
2026-09-03T17:49:55.183837+00:00,NEAR,HOLD,1.9975,60.63,bullish,none,cautious_bullish,none,Active position in profit (+5.58% from $1.8920 entry) [🔒 PROFIT-LOCK ACTIVE: Stop at $1.9553 locks +3.35% profit]. Price $1.9975 comfortably above trailing stop ($1.9553); holding full amount.,0.61
2026-09-03T17:49:55.183837+00:00,APT,HOLD,0.6055,56.63,bullish,none,cautious_bullish,none,Active position intact (-1.06% from $0.6120 entry). Price $0.6055 is well above trailing stop ($0.5338); trend structure intact.,0.79
2026-09-03T17:49:55.183837+00:00,ICP,HOLD,2.5380,61.08,bullish,none,cautious_bullish,none,Active position in profit (+0.87% from $2.5160 entry). Price $2.5380 comfortably above trailing stop ($2.3707); holding full amount.,0.71
2026-09-03T17:49:55.183837+00:00,HNT,HOLD,0.5055,63.55,bullish,bullish,cautious_bullish,none,"Multi-timeframe trend alignment unfulfilled (1D: 'bullish', 4H: 'neutral'). Requires dual bullish alignment.",0.75
2026-09-03T17:49:55.183837+00:00,ARB,HOLD,0.1324,79.48,bullish,none,cautious_bullish,none,Daily RSI is overbought (79.48 > 68 cutoff threshold). Standing aside to catch a healthier pullback.,0.85
2026-09-03T17:49:55.183837+00:00,UNI,HOLD,6.1440,80.47,bullish,bearish,cautious_bullish,none,Daily RSI is overbought (80.47 > 68 cutoff threshold). Standing aside to catch a healthier pullback.,0.85
2026-09-03T17:49:55.183837+00:00,ADA,BUY,0.2235,63.94,bullish,none,cautious_bullish,none,"BULLISH CONFIRMATION (SOLID TIER, Score: 0.79): Dual 1D/4H bullish trend alignment (Price $0.2235 > EMA50), healthy RSI (63.94), strong ADX (29.48), Order Book bid dominance (0.4998), and Taker Ratio (1.0000). RS Rank: #4 (Score: +2.49). [💵 CMF: +0.1787] Initiating SOLID allocation ($798.21).",0.79
2026-09-03T17:49:55.183837+00:00,XRP,HOLD,1.4636,67.23,bullish,none,bullish,none,Daily RSI is overbought (67.23 > 65 cutoff threshold). Standing aside to catch a healthier pullback.,0.85
2026-09-03T17:49:55.183837+00:00,HYPE,HOLD,84.1800,66.77,bullish,none,cautious_bullish,none,Daily RSI is overbought (66.77 > 65 cutoff threshold). Standing aside to catch a healthier pullback.,0.85
2026-09-03T17:49:55.183837+00:00,BTC,HOLD,81143.3100,72.85,bullish,none,bullish,hack,Daily RSI is overbought (72.85 > 65 cutoff threshold). Standing aside to catch a healthier pullback.,0.85
2026-09-03T17:49:55.183837+00:00,BNB,HOLD,722.3400,72.25,bullish,none,cautious_bullish,none,Daily RSI is overbought (72.25 > 65 cutoff threshold). Standing aside to catch a healthier pullback.,0.85
2026-09-03T17:49:55.183837+00:00,SUI,HOLD,0.7942,58.78,bullish,none,cautious_bullish,none,Order book depth skewed to asks (imbalance ratio 0.4077 < 0.48). Lacks sufficient bid support.,0.75
2026-09-03T17:49:55.183837+00:00,LINK,HOLD,11.7500,66.65,bullish,none,cautious_bullish,none,Daily RSI is overbought (66.65 > 65 cutoff threshold). Standing aside to catch a healthier pullback.,0.85
2026-09-03T17:49:55.183837+00:00,ETH,HOLD,2504.0000,67.42,bullish,none,bullish,hack,Daily RSI is overbought (67.42 > 65 cutoff threshold). Standing aside to catch a healthier pullback.,0.85
2026-09-03T17:49:55.183837+00:00,AVAX,BUY,7.5230,61.35,bullish,none,cautious_bullish,none,"BULLISH CONFIRMATION (CAUTIOUS TIER, Score: 0.59): Dual 1D/4H bullish trend alignment (Price $7.5230 > EMA50), healthy RSI (61.35), strong ADX (31.77), Order Book bid dominance (0.5150), and Taker Ratio (1.0000). RS Rank: #18 (Score: -3.90). [💵 CMF: +0.2779] Initiating CAUTIOUS allocation ($656.43).",0.59
2026-09-03T17:49:55.183837+00:00,XLM,HOLD,0.1872,57.58,neutral,none,cautious_bullish,none,"Multi-timeframe trend alignment unfulfilled (1D: 'neutral', 4H: 'bullish'). Requires dual bullish alignment.",0.75
2026-09-03T17:49:55.183837+00:00,TRX,HOLD,0.3314,47.11,bearish,none,cautious_bullish,none,"Multi-timeframe trend alignment unfulfilled (1D: 'bearish', 4H: 'neutral'). Requires dual bullish alignment.",0.75
2026-09-03T17:49:55.183837+00:00,INJ,HOLD,5.0710,53.28,bullish,none,cautious_bullish,none,Price $5.0710 is trading notably below VWAP ($5.2287). Awaiting reclaim of VWAP.,0.75
2026-09-03T17:49:55.183837+00:00,MATIC,HOLD,0.0000,0.0,neutral,none,no_signal,none,"Data fetch error or inactive Binance spot ticker (All global exchange sources (Binance, MEXC, Bybit) failed for MATICUSDT). Skipping trade.",0.00
2026-09-03T17:56:50.231703+00:00,SOL,HOLD,105.0300,68.19,bullish,none,cautious_bullish,none,Active position in profit (+5.11% from $99.9200 entry) [🔒 PROFIT-LOCK ACTIVE: Stop at $103.0640 locks +3.15% profit]. Price $105.0300 comfortably above trailing stop ($103.0640); holding full amount.,0.79
2026-09-03T17:56:50.231703+00:00,ADA,HOLD,0.2230,63.81,bullish,none,cautious_bullish,none,Active position intact (-0.22% from $0.2235 entry). Price $0.2230 is well above trailing stop ($0.1955); trend structure intact.,0.89
2026-09-03T17:56:50.231703+00:00,AVAX,HOLD,7.5140,61.11,bullish,none,cautious_bullish,none,Active position intact (-0.12% from $7.5230 entry). Price $7.5140 is well above trailing stop ($6.8296); trend structure intact.,0.59
2026-09-03T17:56:50.231703+00:00,DOT,HOLD,0.8890,57.89,bullish,none,cautious_bullish,none,Active position in profit (+5.71% from $0.8410 entry) [🔒 PROFIT-LOCK ACTIVE: Stop at $0.8704 locks +3.50% profit]. Price $0.8890 comfortably above trailing stop ($0.8704); holding full amount.,0.69
2026-09-03T17:56:50.231703+00:00,LTC,HOLD,51.2900,63.19,bullish,none,cautious_bullish,none,Active position in profit (+1.16% from $50.7000 entry). Price $51.2900 comfortably above trailing stop ($47.5722); holding full amount.,0.81
2026-09-03T17:56:50.231703+00:00,NEAR,HOLD,1.9960,60.53,bullish,none,cautious_bullish,none,Active position in profit (+5.50% from $1.8920 entry) [🔒 PROFIT-LOCK ACTIVE: Stop at $1.9553 locks +3.35% profit]. Price $1.9960 comfortably above trailing stop ($1.9553); holding full amount.,0.71
2026-09-03T17:56:50.231703+00:00,APT,HOLD,0.6050,56.63,bullish,bullish,cautious_bullish,none,Active position intact (-1.14% from $0.6120 entry). Price $0.6050 is well above trailing stop ($0.5324); trend structure intact.,0.87
2026-09-03T17:56:50.231703+00:00,ICP,HOLD,2.5370,60.81,bullish,none,cautious_bullish,none,Active position in profit (+0.83% from $2.5160 entry). Price $2.5370 comfortably above trailing stop ($2.3707); holding full amount.,0.71
2026-09-03T17:56:50.231703+00:00,ARB,HOLD,0.1326,79.38,bullish,none,cautious_bullish,none,Daily RSI is overbought (79.38 > 68 cutoff threshold). Standing aside to catch a healthier pullback.,0.85
2026-09-03T17:56:50.231703+00:00,UNI,HOLD,6.1620,80.71,bullish,bearish,cautious_bullish,none,Daily RSI is overbought (80.71 > 68 cutoff threshold). Standing aside to catch a healthier pullback.,0.85
2026-09-03T17:56:50.231703+00:00,XRP,HOLD,1.4611,67.11,bullish,none,bullish,none,Daily RSI is overbought (67.11 > 65 cutoff threshold). Standing aside to catch a healthier pullback.,0.85
2026-09-03T17:56:50.231703+00:00,HYPE,HOLD,84.0100,66.51,bullish,none,cautious_bullish,none,Daily RSI is overbought (66.51 > 65 cutoff threshold). Standing aside to catch a healthier pullback.,0.85
2026-09-03T17:56:50.231703+00:00,BTC,HOLD,81063.8600,72.69,bullish,none,bullish,hack,Daily RSI is overbought (72.69 > 65 cutoff threshold). Standing aside to catch a healthier pullback.,0.85
2026-09-03T17:56:50.231703+00:00,BNB,HOLD,721.6600,72.16,bullish,none,cautious_bullish,none,Daily RSI is overbought (72.16 > 65 cutoff threshold). Standing aside to catch a healthier pullback.,0.85
2026-09-03T17:56:50.231703+00:00,SUI,HOLD,0.7911,58.4,bullish,none,cautious_bullish,none,Order book depth skewed to asks (imbalance ratio 0.3595 < 0.48). Lacks sufficient bid support.,0.75
2026-09-03T17:56:50.231703+00:00,LINK,HOLD,11.7440,66.44,bullish,none,cautious_bullish,none,Daily RSI is overbought (66.44 > 65 cutoff threshold). Standing aside to catch a healthier pullback.,0.85
2026-09-03T17:56:50.231703+00:00,ETH,HOLD,2501.8800,67.28,bullish,none,bullish,hack,Daily RSI is overbought (67.28 > 65 cutoff threshold). Standing aside to catch a healthier pullback.,0.85
2026-09-03T17:56:50.231703+00:00,XLM,HOLD,0.1869,57.23,neutral,none,cautious_bullish,none,"Multi-timeframe trend alignment unfulfilled (1D: 'neutral', 4H: 'bullish'). Requires dual bullish alignment.",0.75
2026-09-03T17:56:50.231703+00:00,TRX,HOLD,0.3317,47.49,bearish,none,cautious_bullish,none,"Multi-timeframe trend alignment unfulfilled (1D: 'bearish', 4H: 'neutral'). Requires dual bullish alignment.",0.75
2026-09-03T17:56:50.231703+00:00,INJ,HOLD,5.0690,53.24,bullish,none,cautious_bullish,none,Order book depth skewed to asks (imbalance ratio 0.4208 < 0.48). Lacks sufficient bid support.,0.75
2026-09-03T17:56:50.231703+00:00,HNT,HOLD,4.6700,46.94,bearish,none,cautious_bullish,none,"Multi-timeframe trend alignment unfulfilled (1D: 'bearish', 4H: 'neutral'). Requires dual bullish alignment.",0.75
2026-09-03T17:56:50.231703+00:00,MATIC,HOLD,0.3794,38.0,bearish,none,cautious_bullish,none,Institutional money flow is negative (CMF -0.1162 <= -0.10). Smart money distribution vetoes buy entry.,0.85
2026-09-03T21:06:39.719618+00:00,SOL,HOLD,104.8400,68.04,bullish,none,cautious_bullish,none,Active position in profit (+4.92% from $99.9200 entry) [🔒 PROFIT-LOCK ACTIVE: Stop at $103.0640 locks +3.15% profit]. Price $104.8400 comfortably above trailing stop ($103.0640); holding full amount.,0.79
2026-09-03T21:06:39.719618+00:00,ADA,HOLD,0.2233,63.86,bullish,none,cautious_bullish,none,Active position intact (-0.09% from $0.2235 entry). Price $0.2233 is well above trailing stop ($0.1955); trend structure intact.,0.79
2026-09-03T21:06:39.719618+00:00,AVAX,HOLD,7.5200,61.29,bullish,none,cautious_bullish,none,Active position intact (-0.04% from $7.5230 entry). Price $7.5200 is well above trailing stop ($6.8296); trend structure intact.,0.59
2026-09-03T21:06:39.719618+00:00,DOT,HOLD,0.8959,58.84,bullish,none,cautious_bullish,none,Active position in profit (+6.53% from $0.8410 entry) [🔒 PROFIT-LOCK ACTIVE: Stop at $0.8739 locks +3.91% profit]. Price $0.8959 comfortably above trailing stop ($0.8739); holding full amount.,0.69
2026-09-03T21:06:39.719618+00:00,LTC,HOLD,51.5700,64.08,bullish,none,cautious_bullish,none,Active position in profit (+1.72% from $50.7000 entry). Price $51.5700 comfortably above trailing stop ($47.7066); holding full amount.,0.69
2026-09-03T21:06:39.719618+00:00,NEAR,HOLD,1.9718,59.38,bullish,none,cautious_bullish,none,Active position in profit (+4.22% from $1.8920 entry) [🔒 PROFIT-LOCK ACTIVE: Stop at $1.9553 locks +3.35% profit]. Price $1.9718 comfortably above trailing stop ($1.9553); holding full amount.,0.61
2026-09-03T21:06:39.719618+00:00,APT,HOLD,0.6114,57.56,bullish,none,cautious_bullish,none,Active position intact (-0.10% from $0.6120 entry). Price $0.6114 is well above trailing stop ($0.5338); trend structure intact.,0.79
2026-09-03T21:06:39.719618+00:00,ICP,HOLD,2.5430,61.3,bullish,none,cautious_bullish,none,Active position in profit (+1.07% from $2.5160 entry). Price $2.5430 comfortably above trailing stop ($2.3707); holding full amount.,0.59
2026-09-03T21:06:39.719618+00:00,HNT,HOLD,0.6619,70.23,bullish,bullish,cautious_bullish,none,Daily RSI is overbought (70.23 > 68 cutoff threshold). Standing aside to catch a healthier pullback.,0.85
2026-09-03T21:06:39.719618+00:00,ARB,HOLD,0.1409,81.77,bullish,none,cautious_bullish,none,Daily RSI is overbought (81.77 > 68 cutoff threshold). Standing aside to catch a healthier pullback.,0.85
2026-09-03T21:06:39.719618+00:00,UNI,HOLD,6.3670,81.9,bullish,bearish,cautious_bullish,none,Daily RSI is overbought (81.90 > 68 cutoff threshold). Standing aside to catch a healthier pullback.,0.85
2026-09-03T21:06:39.719618+00:00,HYPE,HOLD,85.4900,68.04,bullish,none,cautious_bullish,none,Daily RSI is overbought (68.04 > 65 cutoff threshold). Standing aside to catch a healthier pullback.,0.85
2026-09-03T21:06:39.719618+00:00,XRP,HOLD,1.4671,67.44,bullish,none,bullish,none,Daily RSI is overbought (67.44 > 65 cutoff threshold). Standing aside to catch a healthier pullback.,0.85
2026-09-03T21:06:39.719618+00:00,BTC,HOLD,81318.0000,73.12,bullish,none,bullish,hack,Daily RSI is overbought (73.12 > 65 cutoff threshold). Standing aside to catch a healthier pullback.,0.85
2026-09-03T21:06:39.719618+00:00,BNB,HOLD,723.7100,72.52,bullish,none,cautious_bullish,none,Daily RSI is overbought (72.52 > 65 cutoff threshold). Standing aside to catch a healthier pullback.,0.85
2026-09-03T21:06:39.719618+00:00,LINK,HOLD,11.8760,67.72,bullish,none,cautious_bullish,none,Daily RSI is overbought (67.72 > 65 cutoff threshold). Standing aside to catch a healthier pullback.,0.85
2026-09-03T21:06:39.719618+00:00,SUI,HOLD,0.7887,58.09,bullish,none,cautious_bullish,none,Order book depth skewed to asks (imbalance ratio 0.3738 < 0.48). Lacks sufficient bid support.,0.75
2026-09-03T21:06:39.719618+00:00,ETH,HOLD,2501.7500,67.32,bullish,none,bullish,hack,Daily RSI is overbought (67.32 > 65 cutoff threshold). Standing aside to catch a healthier pullback.,0.85
2026-09-03T21:06:39.719618+00:00,XLM,HOLD,0.1868,57.32,neutral,none,cautious_bullish,none,"Multi-timeframe trend alignment unfulfilled (1D: 'neutral', 4H: 'bullish'). Requires dual bullish alignment.",0.75
2026-09-03T21:06:39.719618+00:00,TRX,HOLD,0.3319,47.71,bearish,none,cautious_bullish,none,"Multi-timeframe trend alignment unfulfilled (1D: 'bearish', 4H: 'bullish'). Requires dual bullish alignment.",0.75
2026-09-03T21:06:39.719618+00:00,INJ,HOLD,5.0410,52.63,bullish,none,cautious_bullish,none,"Multi-timeframe trend alignment unfulfilled (1D: 'bullish', 4H: 'neutral'). Requires dual bullish alignment.",0.75
2026-09-03T21:06:39.719618+00:00,MATIC,HOLD,0.0000,0.0,neutral,none,no_signal,none,"Data fetch error or inactive Binance spot ticker (All global exchange sources (Binance, MEXC, Bybit) failed for MATICUSDT). Skipping trade.",0.00
2026-09-03T23:18:42.950419+00:00,SOL,HOLD,104.1000,67.37,bullish,none,cautious_bullish,none,Active position in profit (+4.18% from $99.9200 entry) [🔒 PROFIT-LOCK ACTIVE: Stop at $103.0640 locks +3.15% profit]. Price $104.1000 comfortably above trailing stop ($103.0640); holding full amount.,0.69
2026-09-03T23:18:42.950419+00:00,ADA,HOLD,0.2208,62.87,bullish,none,cautious_bullish,none,Active position intact (-1.21% from $0.2235 entry). Price $0.2208 is well above trailing stop ($0.1955); trend structure intact.,0.87
2026-09-03T23:18:42.950419+00:00,AVAX,HOLD,7.5010,60.94,bullish,none,cautious_bullish,none,Active position intact (-0.29% from $7.5230 entry). Price $7.5010 is well above trailing stop ($6.8296); trend structure intact.,0.59
2026-09-03T23:18:42.950419+00:00,DOT,HOLD,0.8877,57.69,bullish,none,cautious_bullish,none,Active position in profit (+5.55% from $0.8410 entry) [🔒 PROFIT-LOCK ACTIVE: Stop at $0.8739 locks +3.91% profit]. Price $0.8877 comfortably above trailing stop ($0.8739); holding full amount.,0.69
2026-09-03T23:18:42.950419+00:00,LTC,HOLD,51.3200,63.31,bullish,none,cautious_bullish,none,Active position in profit (+1.22% from $50.7000 entry). Price $51.3200 comfortably above trailing stop ($47.7066); holding full amount.,0.69
2026-09-03T23:18:42.950419+00:00,NEAR,HOLD,1.9578,58.67,bullish,none,cautious_bullish,none,Active position in profit (+3.48% from $1.8920 entry) [🔒 PROFIT-LOCK ACTIVE: Stop at $1.9553 locks +3.35% profit]. Price $1.9578 comfortably above trailing stop ($1.9553); holding full amount.,0.63
2026-09-03T23:18:42.950419+00:00,APT,HOLD,0.6027,56.17,bullish,none,cautious_bullish,none,Active position intact (-1.52% from $0.6120 entry). Price $0.6027 is well above trailing stop ($0.5338); trend structure intact.,0.69
2026-09-03T23:18:42.950419+00:00,ICP,HOLD,2.5050,59.56,bullish,none,cautious_bullish,none,Active position intact (-0.44% from $2.5160 entry). Price $2.5050 is well above trailing stop ($2.3707); trend structure intact.,0.71
2026-09-03T23:18:42.950419+00:00,HNT,HOLD,0.6645,70.32,bullish,bullish,cautious_bullish,none,Daily RSI is overbought (70.32 > 68 cutoff threshold). Standing aside to catch a healthier pullback.,0.85
2026-09-03T23:18:42.950419+00:00,ARB,HOLD,0.1387,81.23,bullish,none,cautious_bullish,none,Daily RSI is overbought (81.23 > 68 cutoff threshold). Standing aside to catch a healthier pullback.,0.85
2026-09-03T23:18:42.950419+00:00,UNI,HOLD,6.3480,81.79,bullish,bearish,cautious_bullish,none,Daily RSI is overbought (81.79 > 68 cutoff threshold). Standing aside to catch a healthier pullback.,0.85
2026-09-03T23:18:42.950419+00:00,HYPE,HOLD,86.7000,69.13,bullish,none,cautious_bullish,none,Daily RSI is overbought (69.13 > 65 cutoff threshold). Standing aside to catch a healthier pullback.,0.85
2026-09-03T23:18:42.950419+00:00,XRP,HOLD,1.4554,66.73,bullish,none,bullish,none,Daily RSI is overbought (66.73 > 65 cutoff threshold). Standing aside to catch a healthier pullback.,0.85
2026-09-03T23:18:42.950419+00:00,BNB,HOLD,724.6000,72.69,bullish,none,cautious_bullish,none,Daily RSI is overbought (72.69 > 65 cutoff threshold). Standing aside to catch a healthier pullback.,0.85
2026-09-03T23:18:42.950419+00:00,BTC,HOLD,81254.9900,73.02,bullish,none,bullish,hack,Daily RSI is overbought (73.02 > 65 cutoff threshold). Standing aside to catch a healthier pullback.,0.85
2026-09-03T23:18:42.950419+00:00,LINK,HOLD,11.8140,67.2,bullish,none,cautious_bullish,none,Daily RSI is overbought (67.20 > 65 cutoff threshold). Standing aside to catch a healthier pullback.,0.85
2026-09-03T23:18:42.950419+00:00,ETH,HOLD,2499.1400,67.2,bullish,none,bullish,hack,Daily RSI is overbought (67.20 > 65 cutoff threshold). Standing aside to catch a healthier pullback.,0.85
2026-09-03T23:18:42.950419+00:00,SUI,BUY,0.7809,57.08,bullish,none,cautious_bullish,none,"BULLISH CONFIRMATION (SOLID TIER, Score: 0.71): Dual 1D/4H bullish trend alignment (Price $0.7809 > EMA50), healthy RSI (57.08), strong ADX (28.05), Order Book bid dominance (0.6074), and Taker Ratio (1.0000). RS Rank: #16 (Score: -2.61). [💵 CMF: +0.0845] Initiating SOLID allocation ($796.84).",0.71
2026-09-03T23:18:42.950419+00:00,XLM,HOLD,0.1838,55.25,neutral,none,cautious_bullish,none,"Multi-timeframe trend alignment unfulfilled (1D: 'neutral', 4H: 'bullish'). Requires dual bullish alignment.",0.75
2026-09-03T23:18:42.950419+00:00,TRX,HOLD,0.3306,46.11,bearish,none,cautious_bullish,none,"Multi-timeframe trend alignment unfulfilled (1D: 'bearish', 4H: 'neutral'). Requires dual bullish alignment.",0.75
2026-09-03T23:18:42.950419+00:00,INJ,HOLD,4.9750,51.13,neutral,none,cautious_bullish,none,"Multi-timeframe trend alignment unfulfilled (1D: 'neutral', 4H: 'neutral'). Requires dual bullish alignment.",0.75
2026-09-03T23:18:42.950419+00:00,MATIC,HOLD,0.0000,0.0,neutral,none,no_signal,none,"Data fetch error or inactive Binance spot ticker (All global exchange sources (Binance, MEXC, Bybit) failed for MATICUSDT). Skipping trade.",0.00
2026-09-04T04:38:57.169490+00:00,SOL,HOLD,104.0200,67.3,bullish,none,cautious_bullish,none,Active position in profit (+4.10% from $99.9200 entry) [🔒 PROFIT-LOCK ACTIVE: Stop at $103.0640 locks +3.15% profit]. Price $104.0200 comfortably above trailing stop ($103.0640); holding full amount.,0.79
2026-09-04T04:38:57.169490+00:00,ADA,HOLD,0.2258,64.94,bullish,none,cautious_bullish,none,Active position in profit (+1.03% from $0.2235 entry). Price $0.2258 comfortably above trailing stop ($0.1984); holding full amount.,0.87
2026-09-04T04:38:57.169490+00:00,AVAX,HOLD,7.5100,61.0,bullish,none,cautious_bullish,none,Active position intact (-0.17% from $7.5230 entry). Price $7.5100 is well above trailing stop ($6.8680); trend structure intact.,0.59
2026-09-04T04:38:57.169490+00:00,DOT,HOLD,0.8771,55.5,bullish,none,cautious_bullish,none,Active position in profit (+4.29% from $0.8410 entry) [🔒 PROFIT-LOCK ACTIVE: Stop at $0.8739 locks +3.91% profit]. Price $0.8771 comfortably above trailing stop ($0.8739); holding full amount.,0.67
2026-09-04T04:38:57.169490+00:00,LTC,HOLD,51.2700,62.62,bullish,none,cautious_bullish,none,Active position in profit (+1.12% from $50.7000 entry). Price $51.2700 comfortably above trailing stop ($47.8846); holding full amount.,0.59
2026-09-04T04:38:57.169490+00:00,NEAR,SELL,1.9526,58.35,bullish,none,cautious_bullish,none,"Dynamic Profit-Lock Triggered: Price $1.9526 dropped below ratcheted profit stop ($1.9553, +3.35% locked profit from $1.8920 entry). Executing SELL to bank gains.",0.92
2026-09-04T04:38:57.169490+00:00,APT,HOLD,0.6000,55.55,bullish,none,cautious_bullish,none,Active position intact (-1.96% from $0.6120 entry). Price $0.6000 is well above trailing stop ($0.5378); trend structure intact.,0.77
2026-09-04T04:38:57.169490+00:00,ICP,HOLD,2.5660,62.45,bullish,none,cautious_bullish,none,Active position in profit (+1.99% from $2.5160 entry). Price $2.5660 comfortably above trailing stop ($2.3707); holding full amount.,0.81
2026-09-04T04:38:57.169490+00:00,SUI,HOLD,0.7757,55.99,bullish,none,cautious_bullish,none,Active position intact (-0.67% from $0.7809 entry). Price $0.7757 is well above trailing stop ($0.6873); trend structure intact.,0.59
2026-09-04T04:38:57.169490+00:00,HNT,HOLD,0.6730,70.03,bullish,bullish,cautious_bullish,none,Daily RSI is overbought (70.03 > 68 cutoff threshold). Standing aside to catch a healthier pullback.,0.85
2026-09-04T04:38:57.169490+00:00,ARB,HOLD,0.1354,75.71,bullish,none,cautious_bullish,none,Daily RSI is overbought (75.71 > 68 cutoff threshold). Standing aside to catch a healthier pullback.,0.85
2026-09-04T04:38:57.169490+00:00,UNI,HOLD,6.3100,81.1,bullish,bearish,cautious_bullish,none,Daily RSI is overbought (81.10 > 68 cutoff threshold). Standing aside to catch a healthier pullback.,0.85
2026-09-04T04:38:57.169490+00:00,HYPE,HOLD,86.9500,68.76,bullish,none,cautious_bullish,none,Daily RSI is overbought (68.76 > 68 cutoff threshold). Standing aside to catch a healthier pullback.,0.85
2026-09-04T04:38:57.169490+00:00,BNB,HOLD,726.1000,72.98,bullish,none,cautious_bullish,none,Daily RSI is overbought (72.98 > 65 cutoff threshold). Standing aside to catch a healthier pullback.,0.85
2026-09-04T04:38:57.169490+00:00,BTC,HOLD,81076.8200,72.21,bullish,none,bullish,hack,Daily RSI is overbought (72.21 > 65 cutoff threshold). Standing aside to catch a healthier pullback.,0.85
2026-09-04T04:38:57.169490+00:00,XRP,HOLD,1.4527,66.57,bullish,none,bullish,none,Daily RSI is overbought (66.57 > 65 cutoff threshold). Standing aside to catch a healthier pullback.,0.85
2026-09-04T04:38:57.169490+00:00,LINK,HOLD,11.9940,68.76,bullish,none,cautious_bullish,none,Daily RSI is overbought (68.76 > 65 cutoff threshold). Standing aside to catch a healthier pullback.,0.85
2026-09-04T04:38:57.169490+00:00,ETH,HOLD,2518.0000,68.08,bullish,none,bullish,hack,Daily RSI is overbought (68.08 > 65 cutoff threshold). Standing aside to catch a healthier pullback.,0.85
2026-09-04T04:38:57.169490+00:00,XLM,HOLD,0.1838,55.07,neutral,none,cautious_bullish,none,"Multi-timeframe trend alignment unfulfilled (1D: 'neutral', 4H: 'bullish'). Requires dual bullish alignment.",0.75
2026-09-04T04:38:57.169490+00:00,TRX,HOLD,0.3294,44.79,bearish,none,cautious_bullish,none,RSI is weak (44.79 < 45) with lack of upward momentum. Awaiting technical recovery.,0.75
2026-09-04T04:38:57.169490+00:00,INJ,HOLD,4.8740,48.6,bearish,none,cautious_bullish,none,"Multi-timeframe trend alignment unfulfilled (1D: 'bearish', 4H: 'bearish'). Requires dual bullish alignment.",0.75
2026-09-04T04:38:57.169490+00:00,MATIC,HOLD,0.0000,0.0,neutral,none,no_signal,none,"Data fetch error or inactive Binance spot ticker (All global exchange sources (Binance, MEXC, Bybit) failed for MATICUSDT). Skipping trade.",0.00
2026-09-04T06:00:48.148572+00:00,SOL,HOLD,103.6700,66.66,bullish,none,cautious_bullish,none,Active position in profit (+3.75% from $99.9200 entry) [🔒 PROFIT-LOCK ACTIVE: Stop at $103.0640 locks +3.15% profit]. Price $103.6700 comfortably above trailing stop ($103.0640); holding full amount.,0.79
2026-09-04T06:00:48.148572+00:00,ADA,HOLD,0.2210,62.98,bullish,none,cautious_bullish,none,Active position intact (-1.12% from $0.2235 entry). Price $0.2210 is well above trailing stop ($0.1984); trend structure intact.,0.98
2026-09-04T06:00:48.148572+00:00,AVAX,HOLD,7.4570,59.34,bullish,none,cautious_bullish,none,Active position intact (-0.88% from $7.5230 entry). Price $7.4570 is well above trailing stop ($6.8482); trend structure intact.,0.65
2026-09-04T06:00:48.148572+00:00,DOT,SELL,0.8690,53.94,bullish,none,cautious_bullish,none,"Dynamic Profit-Lock Triggered: Price $0.8690 dropped below ratcheted profit stop ($0.8739, +3.91% locked profit from $0.8410 entry). Executing SELL to bank gains.",0.92
2026-09-04T06:00:48.148572+00:00,LTC,HOLD,50.8400,60.27,bullish,none,cautious_bullish,none,Active position in profit (+0.28% from $50.7000 entry). Price $50.8400 comfortably above trailing stop ($47.8846); holding full amount.,0.71
2026-09-04T06:00:48.148572+00:00,APT,HOLD,0.5910,53.67,bullish,bullish,cautious_bullish,none,Active position intact (-3.43% from $0.6120 entry). Price $0.5910 is well above trailing stop ($0.5356); trend structure intact.,0.67
2026-09-04T06:00:48.148572+00:00,ICP,HOLD,2.5310,60.61,bullish,none,cautious_bullish,none,Active position in profit (+0.60% from $2.5160 entry). Price $2.5310 comfortably above trailing stop ($2.3707); holding full amount.,0.71
2026-09-04T06:00:48.148572+00:00,SUI,HOLD,0.7681,54.66,bullish,none,cautious_bullish,none,Active position intact (-1.64% from $0.7809 entry). Price $0.7681 is well above trailing stop ($0.6855); trend structure intact.,0.71
2026-09-04T06:00:48.148572+00:00,ARB,HOLD,0.1354,75.71,bullish,none,cautious_bullish,none,Daily RSI is overbought (75.71 > 68 cutoff threshold). Standing aside to catch a healthier pullback.,0.85
2026-09-04T06:00:48.148572+00:00,UNI,HOLD,6.3260,81.74,bullish,bearish,cautious_bullish,none,Daily RSI is overbought (81.74 > 68 cutoff threshold). Standing aside to catch a healthier pullback.,0.85
2026-09-04T06:00:48.148572+00:00,HYPE,BUY,86.0620,66.92,bullish,bearish,cautious_bullish,none,"BULLISH CONFIRMATION (A+ TIER, Score: 0.89): Dual 1D/4H bullish trend alignment (Price $86.0620 > EMA50), healthy RSI (66.92), strong ADX (52.39), Order Book bid dominance (0.5286), and Taker Ratio (1.0369). RS Rank: #3 (Score: +5.63). [💵 CMF: +0.2568] Initiating A+ allocation ($906.43).",0.89
2026-09-04T06:00:48.148572+00:00,BNB,HOLD,724.5400,72.47,bullish,none,cautious_bullish,none,Daily RSI is overbought (72.47 > 65 cutoff threshold). Standing aside to catch a healthier pullback.,0.85
2026-09-04T06:00:48.148572+00:00,BTC,HOLD,80959.1700,71.65,bullish,none,bullish,hack,Daily RSI is overbought (71.65 > 65 cutoff threshold). Standing aside to catch a healthier pullback.,0.85
2026-09-04T06:00:48.148572+00:00,XRP,HOLD,1.4463,65.85,bullish,none,bullish,none,Daily RSI is overbought (65.85 > 65 cutoff threshold). Standing aside to catch a healthier pullback.,0.85
2026-09-04T06:00:48.148572+00:00,NEAR,BUY,1.9240,56.15,bullish,none,cautious_bullish,none,"BULLISH CONFIRMATION (CAUTIOUS TIER, Score: 0.51): Dual 1D/4H bullish trend alignment (Price $1.9240 > EMA50), healthy RSI (56.15), strong ADX (28.13), Order Book bid dominance (0.5191), and Taker Ratio (0.9639). RS Rank: #10 (Score: -1.35). [💵 CMF: +0.0619] Initiating CAUTIOUS allocation ($651.10).",0.51
2026-09-04T06:00:48.148572+00:00,LINK,HOLD,11.8770,67.59,bullish,none,cautious_bullish,none,Portfolio position cap reached (10/10 max positions). Cash reserved until an existing position exits.,0.80
2026-09-04T06:00:48.148572+00:00,ETH,HOLD,2507.7700,67.55,bullish,none,bullish,hack,Portfolio position cap reached (10/10 max positions). Cash reserved until an existing position exits.,0.80
2026-09-04T06:00:48.148572+00:00,XLM,HOLD,0.1828,54.06,neutral,none,cautious_bullish,none,Portfolio position cap reached (10/10 max positions). Cash reserved until an existing position exits.,0.80
2026-09-04T06:00:48.148572+00:00,TRX,HOLD,0.3287,44.08,bearish,none,cautious_bullish,none,Portfolio position cap reached (10/10 max positions). Cash reserved until an existing position exits.,0.80
2026-09-04T06:00:48.148572+00:00,INJ,HOLD,4.7960,46.81,bearish,none,cautious_bullish,none,Portfolio position cap reached (10/10 max positions). Cash reserved until an existing position exits.,0.80
2026-09-04T06:00:48.148572+00:00,HNT,HOLD,4.6700,46.94,bearish,none,cautious_bullish,none,Portfolio position cap reached (10/10 max positions). Cash reserved until an existing position exits.,0.80
2026-09-04T06:00:48.148572+00:00,MATIC,HOLD,0.3794,38.0,bearish,none,cautious_bullish,none,Portfolio position cap reached (10/10 max positions). Cash reserved until an existing position exits.,0.80
2026-09-04T06:02:44.191742+00:00,SOL,HOLD,103.7200,66.76,bullish,none,cautious_bullish,none,Active position in profit (+3.80% from $99.9200 entry) [🔒 PROFIT-LOCK ACTIVE: Stop at $103.0640 locks +3.15% profit]. Price $103.7200 comfortably above trailing stop ($103.0640); holding full amount.,0.91
2026-09-04T06:02:44.191742+00:00,ADA,HOLD,0.2209,62.91,bullish,none,cautious_bullish,none,Active position intact (-1.16% from $0.2235 entry). Price $0.2209 is well above trailing stop ($0.1984); trend structure intact.,0.98
2026-09-04T06:02:44.191742+00:00,AVAX,HOLD,7.4530,59.23,bullish,none,cautious_bullish,none,Active position intact (-0.93% from $7.5230 entry). Price $7.4530 is well above trailing stop ($6.8482); trend structure intact.,0.65
2026-09-04T06:02:44.191742+00:00,LTC,HOLD,50.8200,60.17,bullish,none,cautious_bullish,none,Active position in profit (+0.24% from $50.7000 entry). Price $50.8200 comfortably above trailing stop ($47.8846); holding full amount.,0.71
2026-09-04T06:02:44.191742+00:00,NEAR,HOLD,1.9200,55.86,bullish,none,cautious_bullish,none,Active position intact (-0.21% from $1.9240 entry). Price $1.9200 is well above trailing stop ($1.6734); trend structure intact.,0.51
2026-09-04T06:02:44.191742+00:00,APT,HOLD,0.5900,53.46,bullish,bullish,cautious_bullish,none,Active position intact (-3.59% from $0.6120 entry). Price $0.5900 is well above trailing stop ($0.5356); trend structure intact.,0.67
2026-09-04T06:02:44.191742+00:00,ICP,HOLD,2.5310,60.61,bullish,none,cautious_bullish,none,Active position in profit (+0.60% from $2.5160 entry). Price $2.5310 comfortably above trailing stop ($2.3707); holding full amount.,0.71
2026-09-04T06:02:44.191742+00:00,SUI,HOLD,0.7674,54.54,bullish,none,cautious_bullish,none,Active position intact (-1.73% from $0.7809 entry). Price $0.7674 is well above trailing stop ($0.6855); trend structure intact.,0.59
2026-09-04T06:02:44.191742+00:00,HYPE,HOLD,85.9300,66.67,bullish,bearish,cautious_bullish,none,Active position intact (-0.15% from $86.0620 entry). Price $85.9300 is well above trailing stop ($76.5674); trend structure intact.,0.89
2026-09-04T06:02:44.191742+00:00,ARB,HOLD,0.1355,75.81,bullish,none,cautious_bullish,none,Daily RSI is overbought (75.81 > 68 cutoff threshold). Standing aside to catch a healthier pullback.,0.85
2026-09-04T06:02:44.191742+00:00,UNI,HOLD,6.3070,81.19,bullish,bearish,cautious_bullish,none,Daily RSI is overbought (81.19 > 68 cutoff threshold). Standing aside to catch a healthier pullback.,0.85
2026-09-04T06:02:44.191742+00:00,BNB,HOLD,724.2100,72.3,bullish,none,cautious_bullish,none,Daily RSI is overbought (72.30 > 65 cutoff threshold). Standing aside to catch a healthier pullback.,0.85
2026-09-04T06:02:44.191742+00:00,BTC,HOLD,80932.6200,71.54,bullish,none,bullish,hack,Daily RSI is overbought (71.54 > 65 cutoff threshold). Standing aside to catch a healthier pullback.,0.85
2026-09-04T06:02:44.191742+00:00,XRP,HOLD,1.4480,66.07,bullish,none,bullish,none,Daily RSI is overbought (66.07 > 65 cutoff threshold). Standing aside to catch a healthier pullback.,0.85
2026-09-04T06:02:44.191742+00:00,LINK,HOLD,11.8770,67.59,bullish,none,cautious_bullish,none,Daily RSI is overbought (67.59 > 65 cutoff threshold). Standing aside to catch a healthier pullback.,0.85
2026-09-04T06:02:44.191742+00:00,ETH,HOLD,2507.8600,67.55,bullish,none,bullish,hack,Daily RSI is overbought (67.55 > 65 cutoff threshold). Standing aside to catch a healthier pullback.,0.85
2026-09-04T06:02:44.191742+00:00,DOT,BUY,0.8690,53.94,bullish,none,cautious_bullish,none,"BULLISH CONFIRMATION (SOLID TIER, Score: 0.71): Dual 1D/4H bullish trend alignment (Price $0.8690 > EMA50), healthy RSI (53.94), strong ADX (20.34), Order Book bid dominance (0.7010), and Taker Ratio (0.9743). RS Rank: #16 (Score: -5.31). [💵 CMF: +0.1405] Initiating SOLID allocation ($948.69).",0.71
2026-09-04T06:02:44.191742+00:00,XLM,HOLD,0.1829,54.15,neutral,none,cautious_bullish,none,Portfolio position cap reached (10/10 max positions). Cash reserved until an existing position exits.,0.80
2026-09-04T06:02:44.191742+00:00,TRX,HOLD,0.3287,44.08,bearish,none,cautious_bullish,none,Portfolio position cap reached (10/10 max positions). Cash reserved until an existing position exits.,0.80
2026-09-04T06:02:44.191742+00:00,INJ,HOLD,4.7710,46.26,bearish,none,cautious_bullish,none,Portfolio position cap reached (10/10 max positions). Cash reserved until an existing position exits.,0.80
2026-09-04T06:02:44.191742+00:00,HNT,HOLD,4.6700,46.94,bearish,none,cautious_bullish,none,Portfolio position cap reached (10/10 max positions). Cash reserved until an existing position exits.,0.80
2026-09-04T06:02:44.191742+00:00,MATIC,HOLD,0.3794,38.0,bearish,none,cautious_bullish,none,Portfolio position cap reached (10/10 max positions). Cash reserved until an existing position exits.,0.80
