timestamp,symbol,action,price,qty,cost_or_proceeds,reasoning,confidence,cash_after,rsi14,ema12,ema26,ema50,macd,macd_signal,momentum_10,volume_ratio,divergence,trend_bias,news_sentiment,event_risk,btc_correlation,funding_rate,onchain_signal,social_trend,adx14,vwap,oi_change_24h,taker_ratio,suggested_pos_size
2026-08-30T08:11:48.684945+00:00,BTC,HOLD,78146.0000,0.000000,0.00,"RSI is at 71.12 with bullish trend bias, MACD hist at 505.3, and divergence 'bearish'. Conditions do not meet optimal risk-reward entry threshold; skipping trade.",0.80,10000.00,71.12,76124.6800,72225.0600,69364.6300,3899.6300,3394.3200,7.01,0.09,bearish,bullish,no_signal,none,1.00,0.000100,neutral,normal,20.00,78146.0000,0.00,1.0000,250.00
2026-08-30T08:11:48.684945+00:00,ETH,HOLD,2456.7000,0.000000,0.00,"RSI is at 70.65 with bullish trend bias, MACD hist at 13.76, and divergence 'bearish'. Conditions do not meet optimal risk-reward entry threshold; skipping trade.",0.80,10000.00,70.65,2381.2700,2224.8400,2087.5000,156.4400,142.6700,5.58,0.11,bearish,bullish,no_signal,none,0.85,0.000100,neutral,normal,20.00,2456.7000,0.00,1.0000,250.00
2026-08-30T08:11:48.684945+00:00,SOL,HOLD,104.8800,0.000000,0.00,"RSI is at 73.95 with bullish trend bias, MACD hist at 1.78, and divergence 'none'. Conditions do not meet optimal risk-reward entry threshold; skipping trade.",0.80,10000.00,73.95,97.9800,90.0800,84.4700,7.9000,6.1200,19.64,0.11,none,bullish,no_signal,none,0.85,0.000100,neutral,normal,20.00,104.8800,0.00,1.0000,250.00
2026-08-30T08:16:42.417702+00:00,BTC,HOLD,78169.7700,0.000000,0.00,RSI is at 71.23 with bullish trend bias and divergence 'bearish'. News sentiment is 'bullish'. Conditions do not meet optimal risk-reward entry threshold; skipping trade.,0.80,10000.00,71.23,76128.3400,72226.8200,69365.5600,3901.5200,3394.7000,7.04,0.09,bearish,bullish,bullish,macro,1.00,0.000100,neutral,normal,20.00,78169.7700,0.00,1.0000,250.00
2026-08-30T08:16:42.417702+00:00,ETH,HOLD,2457.8000,0.000000,0.00,RSI is at 70.77 with bullish trend bias and divergence 'bearish'. News sentiment is 'mixed'. Conditions do not meet optimal risk-reward entry threshold; skipping trade.,0.80,10000.00,70.77,2381.4400,2224.9200,2087.5400,156.5300,142.6900,5.63,0.11,bearish,bullish,mixed,none,0.85,0.000100,neutral,normal,20.00,2457.8000,0.00,1.0000,250.00
2026-08-30T08:16:42.417702+00:00,SOL,HOLD,104.9500,0.000000,0.00,Skipping buy for SOL: Event risk detected (hack) from headline: 'Bitcoin is having a great month—but Solana is doing even better as coin soars above $100'. RSI at 74.1 with bullish trend bias requires risk clarity.,0.80,10000.00,74.10,97.9900,90.0900,84.4700,7.9100,6.1300,19.72,0.11,none,bullish,bullish,hack,0.85,0.000100,neutral,normal,20.00,104.9500,0.00,1.0000,250.00
2026-08-30T08:18:28.566938+00:00,BTC,HOLD,78155.0500,0.000000,0.00,"BTC displays a bullish trend bias (EMA12 > EMA26 > EMA50) but RSI(14) is overbought at 71.16 alongside a bearish price/RSI divergence. Despite positive news, macro headwinds (Fed inflation concerns) recommend holding off until a pullback.",0.80,10000.00,71.16,76126.0800,72225.7300,69364.9900,3900.3500,3394.4700,7.02,0.09,bearish,bullish,bullish,macro,1.00,0.000100,neutral,normal,20.00,78155.0500,0.00,1.0000,250.00
2026-08-30T08:18:28.566938+00:00,ETH,HOLD,2457.7600,0.000000,0.00,"ETH maintains a bullish trend bias with price above EMA50 (087.54), but RSI(14) at 70.77 is overbought with bearish divergence. Mixed news sentiment advises remaining patient for a favorable entry.",0.80,10000.00,70.77,2381.4400,2224.9200,2087.5400,156.5200,142.6900,5.63,0.12,bearish,bullish,mixed,none,0.85,0.000100,neutral,normal,20.00,2457.7600,0.00,1.0000,250.00
2026-08-30T08:18:28.566938+00:00,SOL,HOLD,104.9800,0.000000,0.00,"SOL exhibits strong momentum (+19.76%), but RSI(14) at 74.16 is overbought. Crucially, an event risk (a .1M Solana-based crypto card hack reported by CoinDesk) counsels against entering a new position.",0.85,10000.00,74.16,98.0000,90.0900,84.4800,7.9100,6.1300,19.76,0.11,none,bullish,bullish,hack,0.85,0.000100,neutral,normal,20.00,104.9800,0.00,1.0000,250.00
2026-08-30T08:26:43.910366+00:00,BTC,HOLD,78176.5700,0.000000,0.00,"BTC maintains a strong bullish trend_bias (price above EMA50 $69365.83 and MACD signal), but RSI(14) at 71.26 is overbought. Despite bullish news (Capital B treasury expansion and Coinbase BTC mortgage collateral), holding cash until RSI cools below 65.",0.80,9000.00,71.26,76129.3900,72227.3200,69365.8300,3902.0647,3394.8117,7.05,0.09,none,bullish,bullish,none,1.00,0.000100,neutral,normal,20.00,78176.5700,0.00,1.0000,250.00
2026-08-30T08:26:43.910366+00:00,ETH,HOLD,2458.9800,0.000000,0.00,"ETH exhibits solid bullish trend structure above EMA50 ($2087.59) and MACD histogram (+13.91), yet RSI(14) at 70.82 signals overbought conditions. Bullish news (Sberbank ETH collateral expansion) supports macro trend, but holding for a minor pullback.",0.80,9000.00,70.82,2381.6300,2225.0100,2087.5900,156.6193,142.7111,5.68,0.12,none,bullish,bullish,none,0.85,0.000100,neutral,normal,20.00,2458.9800,0.00,1.0000,250.00
2026-08-30T08:26:43.910366+00:00,SOL,HOLD,105.0100,0.000000,0.00,"SOL shows powerful momentum (+19.79% ROC10) and strong news (Bitwise BSOL ETF hitting $1B AUM and 300ms slot time upgrade), but RSI(14) at 74.23 is severely overbought. Remaining on the sidelines until RSI normalizes.",0.85,9000.00,74.23,98.0000,90.0900,84.4800,7.9105,6.1260,19.79,0.11,none,bullish,bullish,none,0.85,0.000100,neutral,normal,20.00,105.0100,0.00,1.0000,250.00
2026-08-30T08:26:43.910366+00:00,NEAR,BUY,1.8920,528.541226,-1000.00,"NEAR presents an ideal entry setup: RSI(14) at 55.80 is in healthy territory, trend_bias is bullish (price $1.892 > EMA50 $1.83, MACD +0.0457 > 0.0326), and a bullish price/RSI divergence is confirmed. Initiating 10% position ($1,000).",0.85,9000.00,55.80,1.8500,1.8100,1.8300,0.0457,0.0326,7.13,0.23,bullish,bullish,bullish,none,0.85,0.000100,neutral,normal,20.00,1.8920,0.00,1.0000,250.00
2026-08-30T13:45:00+00:00,BTC,HOLD,78057.4600,0.000000,0.00,"BTC maintains a strong 1D bullish trend ($78k > EMA50 $69,365), but daily RSI is overbought at 70.72 and 4H trend has diverged to neutral amid Fed rate hike fears. Holding cash until RSI cools below 65.",0.80,7000.00,70.72,76124.6800,72225.0600,69364.6300,3890.3500,3394.0000,6.89,0.10,none,bullish,mixed,macro,1.00,0.000100,neutral,normal,20.00,78057.4600,0.00,1.0000,250.00
2026-08-30T13:45:00+00:00,ETH,HOLD,2455.6400,0.000000,0.00,"ETH remains in a structural bull trend above EMA50 ($2,087), but RSI is overbought at 70.53 with 4H trend divergence and near-1.0 BTC correlation (0.992). Holding off for a consolidation phase.",0.80,7000.00,70.53,2381.2700,2224.8400,2087.5000,156.2400,142.6300,5.54,0.12,none,bullish,mixed,none,0.99,0.000026,neutral,normal,20.00,2455.6400,0.00,1.0000,250.00
2026-08-30T13:45:00+00:00,SOL,HOLD,104.7700,0.000000,0.00,"SOL demonstrates powerful 10-day momentum (+19.52%), but RSI is overbought at 73.71, 4H timeframe is diverging, and security concerns from the recent card hack recommend patience.",0.85,7000.00,73.71,97.9800,90.0800,84.4700,7.9000,6.1200,19.52,0.11,none,bullish,bullish,hack,0.97,-0.000011,accumulation,spiking,20.00,104.7700,0.00,1.0000,250.00
2026-08-30T13:45:00+00:00,XRP,HOLD,1.3904,0.000000,0.00,"XRP holds a strong 1D bullish trend ($1.39 > EMA50 $1.12), but 4H trend is diverging to neutral and high BTC correlation (0.978) indicates moves are currently BTC-dependent.",0.80,7000.00,64.65,1.3500,1.2200,1.1200,0.0784,0.0652,9.64,0.11,none,bullish,neutral,none,0.98,0.000062,neutral,normal,20.00,1.3904,0.00,1.0000,250.00
2026-08-30T13:45:00+00:00,ADA,HOLD,0.2003,0.000000,0.00,ADA exhibits weak momentum (ROC10 +0.65%) with price below EMA50 ($0.205) and a bearish 4H trend bias. Lacks a strong breakout or divergence signal.,0.80,7000.00,51.88,0.2010,0.2030,0.2050,-0.0020,-0.0015,0.65,0.14,none,neutral,neutral,none,0.81,0.000008,neutral,normal,20.00,0.2003,0.00,1.0000,250.00
2026-08-30T13:45:00+00:00,AVAX,HOLD,7.3170,0.000000,0.00,"AVAX is trading above EMA50 ($6.98) with RSI at 57.98, but 10-day momentum is stagnant (+0.36%) and 4H trend is neutral. Waiting for volume expansion before committing capital.",0.80,7000.00,57.98,7.2500,7.0500,6.9800,0.2000,0.1800,0.36,0.08,none,bullish,neutral,none,0.96,0.000046,neutral,normal,20.00,7.3170,0.00,1.0000,250.00
2026-08-30T13:45:00+00:00,LINK,HOLD,11.3800,0.000000,0.00,"LINK displays solid 1D trend structure ($11.38 > EMA50 $10.15), but RSI at 65.74 is approaching overbought limits while 4H trend is diverging. Prefer entering after an RSI pullback.",0.80,7000.00,65.74,11.1000,10.4500,10.1500,0.4810,0.3950,6.43,0.09,none,bullish,neutral,none,0.94,0.000041,neutral,normal,20.00,11.3800,0.00,1.0000,250.00
2026-08-30T13:45:00+00:00,DOT,BUY,0.8410,1189.060642,-1000.00,"DOT presents a classic mean-reversion setup with a confirmed bullish RSI divergence, RSI sitting near 50 after a reset, and major catalysts (DTCC-listed Staking ETF & 100% JAM fee burn proposal). Initiating a 10% position ($1,000).",0.82,7000.00,50.26,0.8450,0.8490,0.8520,-0.0016,-0.0041,-0.83,0.15,bullish,neutral,bullish,none,0.80,0.000048,accumulation,normal,20.00,0.8410,0.00,1.0000,250.00
2026-08-30T13:45:00+00:00,MATIC,HOLD,0.3794,0.000000,0.00,"MATIC remains in a bearish trend bias (price below EMA50 $0.412, ROC10 -9.58%) without a bullish divergence confirmation. Skipping trade.",0.85,7000.00,38.00,0.3850,0.3980,0.4120,-0.0130,-0.0100,-9.58,0.06,none,bearish,neutral,none,-0.68,0.000100,distribution,declining,20.00,0.3794,0.00,1.0000,250.00
2026-08-30T13:45:00+00:00,LTC,HOLD,48.9500,0.000000,0.00,LTC is consolidating around EMA50 ($48.60) with flat momentum (ROC10 +2.36%) and neutral trend biases across 1D and 4H timeframes. No clear directional edge.,0.80,7000.00,54.85,48.8000,48.7000,48.6000,0.1000,0.0800,2.36,0.11,none,neutral,neutral,none,0.94,0.000052,neutral,normal,20.00,48.9500,0.00,1.0000,250.00
2026-08-30T13:45:00+00:00,UNI,BUY,4.8350,206.825233,-1000.00,"UNI exhibits massive independent momentum (ROC10 +28.49%, decorrelated BTC corr 0.754) with 1D/4H bullish trend alignment ($4.835 > EMA50 $4.49) and strong fundamental catalysts (Robinhood Chain launch & fee buyback). Entering a 10% position ($1,000).",0.85,7000.00,67.66,4.6500,4.5200,4.4900,0.2228,0.1741,28.49,0.70,bearish,bullish,bullish,none,0.75,0.000100,accumulation,spiking,20.00,4.8350,0.00,1.0000,250.00
2026-08-30T13:45:00+00:00,NEAR,HOLD,1.8900,0.000000,0.00,"NEAR remains our strongest setup with 1D/4H bullish alignment, RSI at a healthy 55.69, active bullish divergence, and strong news backing (NASDAQ treasury adoption). Holding position.",0.88,7000.00,55.69,1.8500,1.8100,1.8400,0.0440,0.0349,7.02,0.25,bullish,bullish,bullish,none,0.92,-0.000072,accumulation,spiking,20.00,1.8900,0.00,1.0000,250.00
2026-08-30T13:45:00+00:00,APT,HOLD,0.5400,0.000000,0.00,APT is in a clear 1D downtrend below EMA50 ($0.58) with negative momentum (-6.25%). Skipping trade until technical structure improves.,0.85,7000.00,41.93,0.5450,0.5600,0.5800,-0.0150,-0.0120,-6.25,0.22,none,bearish,neutral,none,0.31,-0.000060,neutral,normal,20.00,0.5400,0.00,1.0000,250.00
2026-08-30T13:45:00+00:00,ICP,HOLD,2.4130,0.000000,0.00,"ICP is above EMA50 ($2.31) with RSI at 55.70, but momentum is low (+1.05%) and 4H trend is unaligned. Standing aside for higher conviction.",0.80,7000.00,55.70,2.3900,2.3400,2.3100,0.0500,0.0400,1.05,0.24,none,bullish,neutral,none,0.87,0.000084,neutral,normal,20.00,2.4130,0.00,1.0000,250.00
2026-08-30T13:45:00+00:00,XLM,HOLD,0.1791,0.000000,0.00,"XLM shows mild bullish trend bias above EMA50 ($0.172), but negative 10-day ROC (-1.43%) and diverging 4H trend counsel holding off.",0.80,7000.00,51.03,0.1780,0.1750,0.1720,0.0030,0.0025,-1.43,0.15,none,bullish,neutral,none,0.88,0.000029,neutral,normal,20.00,0.1791,0.00,1.0000,250.00
2026-08-30T13:45:00+00:00,SUI,HOLD,0.7382,0.000000,0.00,SUI is bound in a narrow range around EMA50 ($0.735) with neutral RSI (50.06) and flat ROC (+0.64%). Awaiting a volatility expansion.,0.80,7000.00,50.06,0.7370,0.7360,0.7350,0.0010,0.0008,0.64,0.16,none,neutral,neutral,none,0.88,0.000055,neutral,normal,20.00,0.7382,0.00,1.0000,250.00
2026-09-01T15:22:00+00:00,BTC,HOLD,77975.4700,0.000000,0.00,BTC is consolidating around $78k with RSI at 68.02 near overbought territory and 4H trend diverging to neutral. Holding cash until RSI cools below 65.,0.80,8175.80,68.02,76850.0000,73500.0000,70200.0000,3350.0000,3100.0000,1.17,0.35,none,bullish,neutral,none,1.00,0.000068,neutral,normal,20.00,77975.4700,0.00,1.0000,250.00
2026-09-01T15:22:00+00:00,ETH,HOLD,2455.3100,0.000000,0.00,"ETH exhibits neutral 1D and 4H trend bias around $2,455 with RSI at 67.63. Waiting for a clean breakout or RSI reset before taking action.",0.80,8175.80,67.63,2410.0000,2320.0000,2180.0000,90.0000,85.0000,1.35,0.29,none,neutral,neutral,none,0.99,0.000056,neutral,normal,20.00,2455.3100,0.00,1.0000,250.00
2026-09-01T15:22:00+00:00,SOL,HOLD,102.3700,0.000000,0.00,"SOL holds 1D bullish trend ($102.37 > EMA50 $87.50), but 4H trend is diverging to neutral and RSI(14) at 67.51 is high. Standing aside pending RSI normalization.",0.85,8175.80,67.51,99.5000,92.1000,87.5000,7.4000,6.3000,9.11,0.30,none,bullish,neutral,none,0.97,-0.000076,neutral,normal,20.00,102.3700,0.00,1.0000,250.00
2026-09-01T15:22:00+00:00,XRP,HOLD,1.3733,0.000000,0.00,XRP is consolidating with neutral 1D/4H trends and negative 10-day ROC (-6.06%). Highly correlated to BTC (0.980); awaiting fresh momentum.,0.80,8175.80,61.49,1.3600,1.2800,1.1800,0.0800,0.0750,-6.06,0.24,none,neutral,neutral,none,0.98,-0.000005,neutral,normal,20.00,1.3733,0.00,1.0000,250.00
2026-09-01T15:22:00+00:00,ADA,HOLD,0.1986,0.000000,0.00,ADA momentum is negative (ROC10 -12.12%) with neutral 1D/4H trend bias. Lacks a valid buy structure.,0.80,8175.80,50.93,0.2000,0.2020,0.2040,-0.0020,-0.0018,-12.12,0.31,none,neutral,neutral,none,0.75,0.000036,neutral,normal,20.00,0.1986,0.00,1.0000,250.00
2026-09-01T15:22:00+00:00,AVAX,HOLD,7.2430,0.000000,0.00,AVAX displays neutral trend structure with flat momentum (ROC10 -3.35%) and 0.953 correlation to BTC. Holding cash.,0.80,8175.80,55.51,7.2200,7.1000,7.0200,0.1200,0.1100,-3.35,0.27,none,neutral,neutral,none,0.95,0.000063,neutral,normal,20.00,7.2430,0.00,1.0000,250.00
2026-09-01T15:22:00+00:00,LINK,HOLD,11.3850,0.000000,0.00,LINK RSI sits at 64.17 with neutral 1D/4H trend biases. Waiting for trend confirmation or RSI pullback.,0.80,8175.80,64.17,11.2000,10.8000,10.4000,0.4000,0.3600,-2.26,0.39,none,neutral,neutral,none,0.94,0.000068,neutral,normal,20.00,11.3850,0.00,1.0000,250.00
2026-09-01T15:22:00+00:00,DOT,HOLD,0.8620,0.000000,0.00,"DOT position is up +2.50% from $0.8410 entry. 4H trend flipped to bullish, active daily RSI bullish divergence remains valid, and negative funding rate (-0.000181) supports short-squeeze upside. Holding position.",0.85,8175.80,53.93,0.8500,0.8520,0.8550,-0.0010,-0.0030,-6.30,0.63,bullish,neutral,bullish,none,0.77,-0.000181,accumulation,normal,20.00,0.8620,0.00,1.0000,250.00
2026-09-01T15:22:00+00:00,MATIC,HOLD,0.3794,0.000000,0.00,MATIC remains in a 1D downtrend below EMA50 ($0.412) with RSI at 38.00. Skipping trade.,0.85,8175.80,38.00,0.3820,0.3950,0.4120,-0.0130,-0.0110,-9.58,0.06,none,bearish,neutral,none,-0.69,0.000100,distribution,declining,20.00,0.3794,0.00,1.0000,250.00
2026-09-01T15:22:00+00:00,LTC,HOLD,48.8400,0.000000,0.00,LTC is bound near EMA50 ($48.60) with negative ROC10 (-6.88%) and neutral trend biases across timeframes.,0.80,8175.80,54.02,48.8000,48.7000,48.6000,0.0800,0.0700,-6.88,0.27,none,neutral,neutral,none,0.92,0.000100,neutral,normal,20.00,48.8400,0.00,1.0000,250.00
2026-09-01T15:22:00+00:00,UNI,SELL,5.6850,206.825233,1175.80,UNI has rallied +17.58% from $4.8350 entry to $5.6850. Daily RSI has reached extreme overbought territory at 77.04 with a bearish divergence forming on price highs. Executing SELL to lock in +$175.80 profit.,0.90,8175.80,77.04,5.2000,4.8500,4.6000,0.3500,0.2500,32.30,1.18,bearish,bullish,bullish,none,0.78,0.000100,accumulation,spiking,20.00,5.6850,0.00,1.0000,250.00
2026-09-01T15:22:00+00:00,NEAR,HOLD,1.9300,0.000000,0.00,"NEAR position is up +2.01% at $1.9300. 1D/4H bullish alignment holds strong ($1.93 > EMA50 $1.84), RSI at healthy 57.40, and active bullish divergence remains intact. Holding open position.",0.88,8175.80,57.40,1.8900,1.8300,1.8400,0.0500,0.0380,2.82,0.53,bullish,bullish,bullish,none,0.93,0.000100,accumulation,spiking,20.00,1.9300,0.00,1.0000,250.00
2026-09-01T15:22:00+00:00,APT,HOLD,0.5360,0.000000,0.00,APT is in a strong 1D downtrend below EMA50 ($0.58) with -15.19% ROC10. Skipping trade.,0.85,8175.80,42.72,0.5400,0.5600,0.5800,-0.0180,-0.0140,-15.19,0.36,none,bearish,neutral,none,0.15,0.000012,neutral,normal,20.00,0.5360,0.00,1.0000,250.00
2026-09-01T15:22:00+00:00,ICP,HOLD,2.4030,0.000000,0.00,ICP exhibits neutral 1D trend and bearish 4H trend bias. Waiting for timeframe alignment before considering entries.,0.80,8175.80,54.69,2.4000,2.3600,2.3200,0.0400,0.0380,2.87,0.26,none,neutral,neutral,none,0.88,0.000073,neutral,normal,20.00,2.4030,0.00,1.0000,250.00
2026-09-01T15:22:00+00:00,XLM,HOLD,0.1768,0.000000,0.00,XLM remains in a 1D bearish bias with negative ROC10 (-9.61%) and RSI below 50 (49.42). Skipping trade.,0.80,8175.80,49.42,0.1770,0.1760,0.1740,0.0010,0.0015,-9.61,0.25,none,bearish,neutral,none,0.88,0.000094,neutral,normal,20.00,0.1768,0.00,1.0000,250.00
2026-09-01T15:22:00+00:00,SUI,HOLD,0.7245,0.000000,0.00,SUI exhibits a 1D bearish trend bias with negative ROC10 (-11.02%) and upcoming Sept token unlock volatility. Skipping trade.,0.85,8175.80,48.23,0.7300,0.7340,0.7350,-0.0040,-0.0020,-11.02,0.34,none,bearish,neutral,none,0.82,0.000043,neutral,normal,20.00,0.7245,0.00,1.0000,250.00
2026-09-01T15:43:00+00:00,BTC,HOLD,78166.8200,0.000000,0.00,BTC RSI sits at 68.88 near overbought limits ($78.1k) with 4H trend diverging to neutral. Holding cash balance.,0.80,8175.80,68.88,76850.0000,73500.0000,70200.0000,3350.0000,3100.0000,1.42,0.35,none,bullish,neutral,none,1.00,0.000063,neutral,normal,20.00,78166.8200,0.00,1.0000,250.00
2026-09-01T15:43:00+00:00,ETH,HOLD,2462.5000,0.000000,0.00,"ETH daily RSI is elevated at 68.41 following a minor rebound to $2,462. Waiting for RSI to cool below 60 before entering new long positions.",0.80,8175.80,68.41,2410.0000,2320.0000,2180.0000,90.0000,85.0000,1.65,0.30,none,bullish,neutral,none,0.99,0.000054,neutral,normal,20.00,2462.5000,0.00,1.0000,250.00
2026-09-01T15:43:00+00:00,SOL,HOLD,102.6100,0.000000,0.00,"SOL maintains 1D bullish trend ($102.61 > EMA50 $87.50), but daily RSI is near overbought (67.99) and 4H trend is diverging.",0.85,8175.80,67.99,99.5000,92.1000,87.5000,7.4000,6.3000,9.37,0.31,none,bullish,neutral,none,0.97,-0.000077,neutral,normal,20.00,102.6100,0.00,1.0000,250.00
2026-09-01T15:43:00+00:00,ARB,HOLD,0.1121,0.000000,0.00,"Newly added Shariah-compliant asset ARB demonstrates strong L2 momentum (ROC10 +13.23% on 3.71x volume ratio), but daily RSI has reached 71.07 (overbought). Standing aside to catch a healthier pullback.",0.82,8175.80,71.07,0.1080,0.1020,0.0980,0.0050,0.0040,13.23,3.71,none,bullish,bullish,none,0.84,0.000100,accumulation,spiking,20.00,0.1121,0.00,1.0000,250.00
2026-09-01T15:43:00+00:00,INJ,HOLD,4.8650,0.000000,0.00,Newly screened asset INJ is currently in a 1D/4H bearish trend alignment below EMA50 with negative 10-day momentum (-1.42%). Skipping trade.,0.85,8175.80,47.96,4.9000,5.1000,5.3000,-0.1500,-0.1200,-1.42,0.61,none,bearish,neutral,none,0.81,0.000093,neutral,normal,20.00,4.8650,0.00,1.0000,250.00
2026-09-01T15:43:00+00:00,BNB,HOLD,688.1000,0.000000,0.00,Newly added asset BNB is consolidating under $700 with neutral 1D/4H trend biases and RSI at 64.64. Awaiting clearer trend breakout.,0.80,8175.80,64.64,680.0000,665.0000,650.0000,12.0000,10.5000,-1.03,0.28,none,neutral,neutral,none,0.98,0.000049,neutral,normal,20.00,688.1000,0.00,1.0000,250.00
2026-09-01T15:43:00+00:00,TRX,HOLD,0.3289,0.000000,0.00,Newly added asset TRX exhibits a 1D/4H bearish trend bias with negative ROC10 (-4.45%). Skipping trade until trend structure turns bullish.,0.85,8175.80,40.10,0.3320,0.3380,0.3450,-0.0060,-0.0050,-4.45,0.41,none,bearish,neutral,none,0.69,-0.000993,neutral,normal,20.00,0.3289,0.00,1.0000,250.00
2026-09-01T15:43:00+00:00,NEAR,HOLD,1.9380,0.000000,0.00,"NEAR position is up +2.43% ($1.9380 vs $1.8920 entry). 1D/4H bullish trend alignment holds strong, RSI at 57.81, and active bullish RSI divergence remains intact. Holding open position.",0.88,8175.80,57.81,1.8900,1.8300,1.8400,0.0520,0.0400,3.25,0.54,bullish,bullish,bullish,none,0.93,0.000100,accumulation,spiking,20.00,1.9380,0.00,1.0000,250.00
2026-09-01T15:43:00+00:00,DOT,HOLD,0.8630,0.000000,0.00,"DOT position is up +2.62% ($0.8630 vs $0.8410 entry). 4H trend bias is bullish, daily RSI bullish divergence active, and negative funding rate (-0.000160) supports short squeeze upside. Holding open position.",0.85,8175.80,54.08,0.8500,0.8520,0.8550,-0.0010,-0.0030,-6.20,0.66,bullish,neutral,bullish,none,0.77,-0.000160,accumulation,normal,20.00,0.8630,0.00,1.0000,250.00
2026-09-02T04:24:05.439461+00:00,BTC,HOLD,77404.6800,0.000000,0.00,"Heavy ask wall in orderbook depth (OB 0.5741, NEUTRAL_FLOW). Macro resistance near $78,000 ahead of FOMC.",0.75,7175.80,65.56,76720.0500,73342.3188,70285.9866,3377.7312,3466.2143,-0.42,0.13,none,neutral,bearish,none,1.00,0.000000,no_signal,normal,44.64,77284.3572,-1.17,0.9205,0.57
2026-09-02T04:24:05.439461+00:00,ETH,HOLD,2410.7400,0.000000,0.00,"Trend bias neutral, ADX 47.12, OB imbalance 0.5759. Criteria for entry not met (requires aligned bullish bias, ADX>20, OB>0.50, RSI 45-65).",0.70,7175.80,63.14,2396.4657,2264.9549,2124.2401,131.5108,140.6487,-2.14,0.15,none,neutral,neutral,none,0.80,0.000000,no_signal,normal,47.12,2440.5198,-2.81,0.9219,0.58
2026-09-02T04:24:05.439461+00:00,SOL,BUY,99.9200,10.008006,-1000.00,"Bullish 1D trend bias (price $99.92 > EMA50 $86.1903), ADX 49.26 (strong trend), price > VWAP ($98.1604), OB imbalance 0.5497 (bid dominance), RSI 62.97 in healthy 45-65 zone.",0.88,7175.80,62.97,98.8096,92.1290,86.1903,6.6806,6.5468,4.71,0.14,none,bullish,bullish,none,0.80,0.000000,no_signal,normal,49.26,98.1604,-1.00,0.9155,0.55
2026-09-02T04:24:05.439461+00:00,XRP,HOLD,1.3452,0.000000,0.00,"Trend bias neutral, ADX 43.36, OB imbalance 0.5223. Criteria for entry not met (requires aligned bullish bias, ADX>20, OB>0.50, RSI 45-65).",0.70,7175.80,58.04,1.3541,1.2787,1.2151,0.0754,0.0830,-11.52,0.14,none,neutral,neutral,none,0.80,0.000000,no_signal,normal,43.36,1.4210,-2.24,0.9710,0.52
2026-09-02T04:24:05.439461+00:00,ADA,HOLD,0.1969,0.000000,0.00,"Trend bias neutral, ADX 28.99, OB imbalance 0.5206. Criteria for entry not met (requires aligned bullish bias, ADX>20, OB>0.50, RSI 45-65).",0.70,7175.80,49.83,0.2012,0.1975,0.1915,0.0038,0.0063,-13.26,0.13,none,neutral,neutral,none,0.80,0.000000,no_signal,normal,28.99,0.2141,-2.07,0.8799,0.52
2026-09-02T04:24:05.439461+00:00,AVAX,HOLD,7.2080,0.000000,0.00,"Trend bias neutral, ADX 31.52, OB imbalance 0.5111. Criteria for entry not met (requires aligned bullish bias, ADX>20, OB>0.50, RSI 45-65).",0.70,7175.80,54.61,7.2253,7.0525,6.9389,0.1728,0.2013,-5.27,0.12,none,neutral,neutral,none,0.80,0.000000,no_signal,normal,31.52,7.4294,0.88,0.9572,0.51
2026-09-02T04:24:05.439461+00:00,LINK,HOLD,11.1800,0.000000,0.00,"Trend bias neutral, ADX 59.2, OB imbalance 0.4597. Criteria for entry not met (requires aligned bullish bias, ADX>20, OB>0.50, RSI 45-65).",0.70,7175.80,60.96,11.1648,10.5314,9.8017,0.6334,0.7222,-3.14,0.12,none,neutral,neutral,none,0.80,0.000000,no_signal,normal,59.20,11.4874,-2.35,0.9235,0.46
2026-09-02T04:24:05.439461+00:00,DOT,HOLD,0.8840,0.000000,0.00,"Position in profit (+5.00%). Bullish trend bias (price $0.884 > EMA50 $0.849), RSI 57.18 healthy, OB imbalance 0.6223 bid dominance.",0.85,7175.80,57.18,0.8573,0.8442,0.8490,0.0131,0.0127,-4.74,0.26,none,bullish,neutral,none,0.80,0.000000,no_signal,normal,20.24,0.8852,5.30,0.8720,0.62
2026-09-02T04:24:05.439461+00:00,MATIC,HOLD,0.3794,0.000000,0.00,"Trend bias bearish, ADX 37.07, OB imbalance 0.5. Criteria for entry not met (requires aligned bullish bias, ADX>20, OB>0.50, RSI 45-65).",0.70,7175.80,38.00,0.3943,0.4190,0.4484,-0.0246,-0.0202,-9.58,0.06,none,bearish,neutral,none,0.80,0.000000,no_signal,normal,37.07,0.4055,0.00,1.0000,0.50
2026-09-02T04:24:05.439461+00:00,LTC,HOLD,49.0900,0.000000,0.00,"Trend bias neutral, ADX 28.5, OB imbalance 0.5959. Criteria for entry not met (requires aligned bullish bias, ADX>20, OB>0.50, RSI 45-65).",0.70,7175.80,54.48,49.0776,48.2073,47.3046,0.8703,1.0542,-6.10,0.16,none,neutral,neutral,none,0.80,0.000000,no_signal,normal,28.50,50.7499,4.24,0.9606,0.60
2026-09-02T04:24:05.439461+00:00,UNI,HOLD,6.1660,0.000000,0.00,"Extreme overbought RSI (80.59 > 65), bearish divergence detected, ask wall present (NEUTRAL_FLOW). Avoid buy entry.",0.85,7175.80,80.59,4.9523,4.4620,4.1018,0.4903,0.2888,36.33,0.68,bearish,bullish,bearish,none,0.80,0.000000,no_signal,normal,45.71,4.6953,19.52,0.9921,0.53
2026-09-02T04:24:05.439461+00:00,NEAR,HOLD,1.8670,0.000000,0.00,1D trend bias remains bullish (price $1.867 > EMA50 $1.8318). Price above trailing stop ($1.636). OB imbalance 0.5636 shows bid support.,0.82,7175.80,53.27,1.8599,1.8195,1.8318,0.0404,0.0366,-7.39,0.18,none,bullish,neutral,none,0.80,0.000000,no_signal,normal,26.26,1.9060,-0.77,0.9124,0.56
2026-09-02T04:24:05.439461+00:00,APT,HOLD,0.5550,0.000000,0.00,"Trend bias bearish, ADX 20.35, OB imbalance 0.4943. Criteria for entry not met (requires aligned bullish bias, ADX>20, OB>0.50, RSI 45-65).",0.70,7175.80,47.11,0.5568,0.5669,0.5873,-0.0102,-0.0071,-13.01,0.18,bullish,bearish,neutral,none,0.80,0.000000,no_signal,normal,20.35,0.5870,0.89,0.9191,0.49
2026-09-02T04:24:05.439461+00:00,ICP,HOLD,2.5080,0.000000,0.00,"Trend bias bullish, ADX 23.65, OB imbalance 0.476. Criteria for entry not met (requires aligned bullish bias, ADX>20, OB>0.50, RSI 45-65).",0.70,7175.80,59.72,2.4166,2.3500,2.3053,0.0666,0.0621,3.13,0.17,none,bullish,neutral,none,0.80,0.000000,no_signal,normal,23.65,2.4182,5.38,0.9681,0.48
2026-09-02T04:24:05.439461+00:00,XLM,HOLD,0.1752,0.000000,0.00,"Trend bias bearish, ADX 26.8, OB imbalance 0.5405. Criteria for entry not met (requires aligned bullish bias, ADX>20, OB>0.50, RSI 45-65).",0.70,7175.80,48.16,0.1788,0.1773,0.1775,0.0015,0.0024,-12.27,0.10,none,bearish,neutral,none,0.80,0.000000,no_signal,normal,26.80,0.1902,2.53,0.9731,0.54
2026-09-02T04:24:05.439461+00:00,SUI,HOLD,0.7207,0.000000,0.00,"Trend bias bearish, ADX 26.9, OB imbalance 0.4734. Criteria for entry not met (requires aligned bullish bias, ADX>20, OB>0.50, RSI 45-65).",0.70,7175.80,47.63,0.7390,0.7337,0.7338,0.0052,0.0118,-15.25,0.17,none,bearish,neutral,none,0.80,0.000000,no_signal,normal,26.90,0.7839,3.35,0.9433,0.47
2026-09-02T04:24:05.439461+00:00,ARB,HOLD,0.1139,0.000000,0.00,Overbought RSI (72.09 > 65 limit). Skip buy entry.,0.80,7175.80,72.09,0.0978,0.0917,0.0885,0.0061,0.0039,12.44,0.37,none,bullish,neutral,none,0.80,0.000000,no_signal,normal,35.29,0.1011,10.78,0.9681,0.54
2026-09-02T04:24:05.439461+00:00,INJ,HOLD,4.8520,0.000000,0.00,"Trend bias bearish, ADX 25.85, OB imbalance 0.5657. Criteria for entry not met (requires aligned bullish bias, ADX>20, OB>0.50, RSI 45-65).",0.70,7175.80,47.84,5.0139,4.9373,4.9169,0.0766,0.1094,-9.41,0.21,none,bearish,neutral,none,0.80,0.000000,no_signal,normal,25.85,5.2156,-0.19,0.9759,0.57
2026-09-02T04:24:05.439461+00:00,BNB,HOLD,686.6400,0.000000,0.00,"Trend bias neutral, ADX 41.73, OB imbalance 0.4591. Criteria for entry not met (requires aligned bullish bias, ADX>20, OB>0.50, RSI 45-65).",0.70,7175.80,63.10,683.0605,659.9738,635.9858,23.0867,25.4207,-2.24,0.19,none,neutral,neutral,none,0.80,0.000000,no_signal,normal,41.73,689.2738,-1.31,0.9376,0.46
2026-09-02T04:24:05.439461+00:00,TRX,HOLD,0.3220,0.000000,0.00,"Trend bias bearish, ADX 23.69, OB imbalance 0.5024. Criteria for entry not met (requires aligned bullish bias, ADX>20, OB>0.50, RSI 45-65).",0.70,7175.80,33.21,0.3331,0.3337,0.3331,-0.0006,0.0016,-6.37,0.11,none,bearish,neutral,none,0.80,0.000000,no_signal,normal,23.69,0.3385,14.92,1.1428,0.50
2026-09-02T12:33:36.802693+00:00,BTC,HOLD,76986.8300,0.000000,0.00,"Neutral trend alignment (MACD histogram negative or price near EMA50). RSI 63.8, ADX 44.5. Awaiting bullish breakout.",0.70,6279.76,63.75,76655.7654,73311.3670,70269.6004,3344.3985,3459.5478,-0.96,0.41,none,neutral,cautious_bullish,none,1.00,0.000000,no_signal,normal,44.53,77277.0022,-1.17,0.9205,0.39
2026-09-02T12:33:36.802693+00:00,ETH,HOLD,2386.2600,0.000000,0.00,"Neutral trend alignment (MACD histogram negative or price near EMA50). RSI 60.8, ADX 46.6. Awaiting bullish breakout.",0.70,6279.76,60.78,2392.6995,2263.1416,2123.2801,129.5580,140.2582,-3.13,0.50,none,neutral,cautious_bullish,none,1.00,0.000000,no_signal,normal,46.58,2439.2366,-2.81,0.9219,0.51
2026-09-02T12:33:36.802693+00:00,SOL,HOLD,98.3300,0.000000,0.00,"Active position intact. Strong bullish bias (Price $98.33 > EMA50 $86.13), ADX 48.9 trend presence. Well above trailing stop ($89.93).",0.82,6279.76,60.15,98.5650,92.0112,86.1279,6.5538,6.5214,3.04,0.34,none,bullish,cautious_bullish,none,1.00,0.000000,no_signal,normal,48.89,98.1610,-1.00,0.9155,0.48
2026-09-02T12:33:36.802693+00:00,XRP,HOLD,1.3300,0.000000,0.00,"Neutral trend alignment (MACD histogram negative or price near EMA50). RSI 56.2, ADX 43.0. Awaiting bullish breakout.",0.70,6279.76,56.24,1.3517,1.2776,1.2145,0.0742,0.0828,-12.52,0.40,none,neutral,cautious_bullish,none,1.00,0.000000,no_signal,normal,43.01,1.4196,-2.24,0.9710,0.45
2026-09-02T12:33:36.802693+00:00,ADA,HOLD,0.1951,0.000000,0.00,"Neutral trend alignment (MACD histogram negative or price near EMA50). RSI 48.6, ADX 28.9. Awaiting bullish breakout.",0.70,6279.76,48.61,0.2009,0.1973,0.1914,0.0036,0.0062,-14.05,0.37,none,neutral,cautious_bullish,none,1.00,0.000000,no_signal,normal,28.87,0.2138,-2.07,0.8799,0.52
2026-09-02T12:33:36.802693+00:00,AVAX,HOLD,7.1300,0.000000,0.00,"Neutral trend alignment (MACD histogram negative or price near EMA50). RSI 52.5, ADX 31.2. Awaiting bullish breakout.",0.70,6279.76,52.49,7.2133,7.0467,6.9358,0.1666,0.2001,-6.30,0.37,none,neutral,cautious_bullish,none,1.00,0.000000,no_signal,normal,31.18,7.4243,0.88,0.9572,0.46
2026-09-02T12:33:36.802693+00:00,LINK,HOLD,11.0650,0.000000,0.00,"Neutral trend alignment (MACD histogram negative or price near EMA50). RSI 59.0, ADX 58.5. Awaiting bullish breakout.",0.70,6279.76,58.96,11.1471,10.5229,9.7972,0.6242,0.7204,-4.14,0.48,none,neutral,cautious_bullish,none,1.00,0.000000,no_signal,normal,58.55,11.4773,-2.35,0.9235,0.53
2026-09-02T12:33:36.802693+00:00,DOT,HOLD,0.8470,0.000000,0.00,"Active position intact. Price $0.847 above entry ($0.841) and trailing stop ($0.831). RSI 51.0 neutral, volume expanding (0.80x).",0.75,6279.76,51.01,0.8516,0.8415,0.8475,0.0102,0.0121,-8.73,0.80,none,neutral,cautious_bullish,none,1.00,0.000000,no_signal,normal,20.30,0.8840,5.30,0.8720,0.57
2026-09-02T12:33:36.802693+00:00,MATIC,HOLD,0.3794,0.000000,0.00,"Bearish trend bias (Price $0.3794 < EMA50 $0.4484), RSI 38.0. Skipping buy entries.",0.70,6279.76,38.00,0.3943,0.4190,0.4484,-0.0246,-0.0202,-9.58,0.06,none,bearish,cautious_bullish,none,1.00,0.000000,no_signal,normal,37.07,0.4055,0.00,1.0000,0.50
2026-09-02T12:33:36.802693+00:00,LTC,HOLD,48.8800,0.000000,0.00,"Neutral trend alignment (MACD histogram negative or price near EMA50). RSI 53.5, ADX 28.5. Awaiting bullish breakout.",0.70,6279.76,53.49,49.0453,48.1917,47.2963,0.8536,1.0509,-6.50,0.51,none,neutral,cautious_bullish,none,1.00,0.000000,no_signal,normal,28.50,50.7133,4.24,0.9606,0.46
2026-09-02T12:33:36.802693+00:00,UNI,HOLD,5.8680,0.000000,0.00,RSI 78.5 overbought (> 65) with bearish RSI divergence. Buy vetoed under risk management rules.,0.75,6279.76,78.47,4.9065,4.4399,4.0902,0.4666,0.2841,29.74,1.87,bearish,bullish,cautious_bullish,none,1.00,0.000000,no_signal,normal,45.79,4.7866,19.52,0.9921,0.58
2026-09-02T12:33:36.802693+00:00,NEAR,HOLD,1.8540,0.000000,0.00,"Active position intact. Price $1.854 > EMA50 ($1.831), RSI 52.4 healthy, ADX 26.2 strong. Price well above ATR trailing stop.",0.80,6279.76,52.42,1.8579,1.8185,1.8313,0.0394,0.0363,-8.04,0.48,none,bullish,cautious_bullish,none,1.00,0.000000,no_signal,normal,26.20,1.9051,-0.77,0.9124,0.53
2026-09-02T12:33:36.802693+00:00,APT,HOLD,0.5610,0.000000,0.00,"Bearish trend bias (Price $0.561 < EMA50 $0.5876), RSI 48.4. Skipping buy entries.",0.70,6279.76,48.43,0.5577,0.5674,0.5876,-0.0097,-0.0070,-12.07,0.56,bullish,bearish,cautious_bullish,none,1.00,0.000000,no_signal,normal,20.35,0.5863,0.89,0.9191,0.47
2026-09-02T12:33:36.802693+00:00,ICP,BUY,2.5160,356.136725,-896.04,"BULLISH CONFIRMATION: Price $2.516 > EMA50 ($2.306) & VWAP ($2.423), RSI 60.1 in prime 45-65 zone, ADX 24.2 strong trend, OB Imbalance 0.56 (bid dominance), Taker Ratio 0.97 (buying pressure).",0.85,6279.76,60.08,2.4179,2.3506,2.3056,0.0673,0.0623,3.45,0.85,none,bullish,cautious_bullish,none,1.00,0.000000,no_signal,normal,24.24,2.4226,5.38,0.9681,0.56
2026-09-02T12:33:36.802693+00:00,XLM,HOLD,0.1730,0.000000,0.00,"Bearish trend bias (Price $0.173 < EMA50 $0.1774), RSI 46.5. Skipping buy entries.",0.70,6279.76,46.46,0.1784,0.1771,0.1774,0.0013,0.0024,-13.37,0.32,none,bearish,cautious_bullish,none,1.00,0.000000,no_signal,normal,26.56,0.1900,2.53,0.9731,0.61
2026-09-02T12:33:36.802693+00:00,SUI,HOLD,0.7145,0.000000,0.00,"Bearish trend bias (Price $0.7145 < EMA50 $0.7335), RSI 46.6. Skipping buy entries.",0.70,6279.76,46.62,0.7380,0.7333,0.7335,0.0047,0.0117,-15.98,0.43,none,bearish,cautious_bullish,none,1.00,0.000000,no_signal,normal,26.78,0.7829,3.35,0.9433,0.45
2026-09-02T12:33:36.802693+00:00,ARB,HOLD,0.1084,0.000000,0.00,Bullish momentum present but RSI 67.5 near overbought cutoff (> 65). Holding for pullback.,0.72,6279.76,67.55,0.0969,0.0913,0.0882,0.0056,0.0038,7.01,1.43,none,bullish,cautious_bullish,none,1.00,0.000000,no_signal,normal,35.29,0.1017,10.78,0.9681,0.51
2026-09-02T12:33:36.802693+00:00,INJ,HOLD,4.8450,0.000000,0.00,"Bearish trend bias (Price $4.845 < EMA50 $4.9166), RSI 47.7. Skipping buy entries.",0.70,6279.76,47.66,5.0128,4.9367,4.9166,0.0761,0.1093,-9.54,0.50,none,bearish,cautious_bullish,none,1.00,0.000000,no_signal,normal,25.85,5.2087,-0.19,0.9759,0.58
2026-09-02T12:33:36.802693+00:00,BNB,HOLD,685.0000,0.000000,0.00,"Neutral trend alignment (MACD histogram negative or price near EMA50). RSI 62.6, ADX 41.7. Awaiting bullish breakout.",0.70,6279.76,62.57,682.8082,659.8523,635.9215,22.9558,25.3945,-2.47,0.42,none,neutral,cautious_bullish,none,1.00,0.000000,no_signal,normal,41.73,689.2034,-1.31,0.9376,0.49
2026-09-02T12:33:36.802693+00:00,TRX,HOLD,0.3244,0.000000,0.00,"Bearish trend bias (Price $0.3244 < EMA50 $0.3332), RSI 37.0. Skipping buy entries.",0.70,6279.76,37.04,0.3334,0.3339,0.3332,-0.0004,0.0016,-5.67,0.44,none,bearish,cautious_bullish,none,1.00,0.000000,no_signal,normal,23.69,0.3382,14.92,1.1428,0.55
2026-09-02T12:33:36.802693+00:00,HYPE,HOLD,0.0000,0.000000,0.00,Data fetch error or inactive Binance ticker (400 Client Error: Bad Request for url: https://api.binance.com/api/v3/klines?symbol=HYPEUSDT&interval=1d&limit=100). Skipping.,0.00,6279.76,0.00,0.0000,0.0000,0.0000,0.0000,0.0000,0.00,0.00,none,neutral,no_signal,none,1.00,0.000000,no_signal,normal,0.00,0.0000,0.00,1.0000,0.50
2026-09-03T02:05:54.261947+00:00,BTC,HOLD,77304.1600,0.000000,0.00,"BTC is consolidating at $77.3k with 4H bearish pullback and macro FOMC rate hike uncertainty. Price below VWAP ($78,088). Holding cash buffer.",0.80,6279.76,65.11,76801.4944,73630.6799,70531.6668,3170.8146,3407.1639,-2.14,0.05,none,neutral,no_signal,none,1.00,0.000000,no_signal,normal,44.50,78088.8562,-0.72,0.9627,0.94
2026-09-03T02:05:54.261947+00:00,ETH,HOLD,2385.8800,0.000000,0.00,"Trend bias neutral with MACD histogram negative (-16.48) and price below VWAP ($2,457.15). Waiting for 4H trend re-alignment.",0.75,6279.76,60.70,2392.3872,2272.5993,2132.8957,119.7879,136.2646,-3.88,0.06,none,neutral,no_signal,none,0.85,0.000000,no_signal,normal,46.49,2457.1495,-1.87,0.9577,0.59
2026-09-03T02:05:54.261947+00:00,SOL,HOLD,100.1400,0.000000,0.00,"Active position in profit (+0.22% from $99.92 entry). Price $100.14 > EMA50 ($86.73) and VWAP ($99.08), strong ADX (48.71). Trailing stop raised; holding position.",0.85,6279.76,63.01,99.0807,92.7568,86.7331,6.3239,6.5095,1.18,0.06,none,neutral,no_signal,none,0.85,0.000000,no_signal,normal,48.71,99.0816,3.52,1.0089,0.51
2026-09-03T02:05:54.261947+00:00,XRP,HOLD,1.3565,0.000000,0.00,Consolidating below VWAP ($1.4439) with negative MACD histogram and 10-day ROC (-8.45%). Lacks bullish breakout confirmation.,0.70,6279.76,59.28,1.3552,1.2849,1.2205,0.0704,0.0806,-8.45,0.08,none,neutral,no_signal,none,0.85,0.000000,no_signal,normal,42.04,1.4439,-0.06,0.9817,0.52
2026-09-03T02:05:54.261947+00:00,ADA,HOLD,0.2042,0.000000,0.00,Negative 10-day momentum (-7.81%) and price below VWAP ($0.2155). Taker buy/sell ratio < 0.95 indicates seller absorption.,0.70,6279.76,54.59,0.2022,0.1983,0.1921,0.0040,0.0059,-7.81,0.20,none,neutral,no_signal,none,0.85,0.000000,no_signal,normal,28.51,0.2155,4.01,0.9277,0.53
2026-09-03T02:05:54.261947+00:00,AVAX,HOLD,7.2010,0.000000,0.00,Neutral trend bias with price below VWAP ($7.4588) and order book depth skewed slightly to asks (OB 0.4972). Standing aside.,0.70,6279.76,54.40,7.2197,7.0625,6.9468,0.1573,0.1924,-4.55,0.06,none,neutral,no_signal,none,0.85,0.000000,no_signal,normal,30.64,7.4588,1.71,0.9514,0.50
2026-09-03T02:05:54.261947+00:00,LINK,HOLD,11.1030,0.000000,0.00,Price below VWAP ($11.5290) with negative MACD histogram (-0.1149) and 4H bearish trend divergence. Awaiting momentum turn.,0.70,6279.76,59.59,11.1473,10.5694,9.8458,0.5779,0.6927,-4.52,0.07,none,neutral,no_signal,none,0.85,0.000000,no_signal,normal,57.95,11.5290,-2.65,0.9493,0.52
2026-09-03T02:05:54.261947+00:00,DOT,HOLD,0.8700,0.000000,0.00,"Position in profit (+3.45% from $0.8410 entry). 4H trend bias is bullish, strong order book bid imbalance (0.6220), price comfortably above trailing stop ($0.8310). Holding open position.",0.85,6279.76,54.98,0.8572,0.8450,0.8489,0.0122,0.0124,-3.23,0.10,none,neutral,no_signal,none,0.85,0.000000,no_signal,normal,20.22,0.8891,2.52,0.9018,0.62
2026-09-03T02:05:54.261947+00:00,MATIC,HOLD,0.3794,0.000000,0.00,"Downtrend structure intact (Price < EMA50 $0.4484, RSI 38.00). No bullish divergence confirmed; skipping buy entry.",0.85,6279.76,38.00,0.3943,0.4190,0.4484,-0.0246,-0.0202,-9.58,0.06,none,bearish,no_signal,none,0.85,0.000000,no_signal,normal,37.07,0.4055,0.00,1.0000,0.50
2026-09-03T02:05:54.261947+00:00,LTC,HOLD,49.8000,0.000000,0.00,Consolidating near EMA50 with negative MACD histogram and price below VWAP ($50.8828). Insufficient edge.,0.70,6279.76,57.84,49.2669,48.3664,47.4260,0.9004,1.0311,-3.60,0.07,none,neutral,no_signal,none,0.85,0.000000,no_signal,normal,28.20,50.8828,3.91,0.9734,0.50
2026-09-03T02:05:54.261947+00:00,UNI,HOLD,5.7040,0.000000,0.00,Overbought RSI (73.98 > 65 cutoff) with active bearish swing divergence. Buy entry strictly vetoed under risk management rules.,0.90,6279.76,73.98,5.0274,4.5325,4.1500,0.4948,0.3261,31.64,0.14,bearish,bullish,no_signal,none,0.85,0.000000,no_signal,normal,48.18,4.9057,3.88,0.9729,0.59
2026-09-03T02:05:54.261947+00:00,NEAR,HOLD,1.8640,0.000000,0.00,"Active position intact. Price $1.864 > EMA50 ($1.8327), RSI at a healthy 52.94, ADX 26.38 confirms trend strength. Well above trailing stop ($1.6942); holding for continuation.",0.82,6279.76,52.94,1.8633,1.8242,1.8327,0.0391,0.0374,-4.65,0.05,none,bullish,no_signal,none,0.85,0.000000,no_signal,normal,26.38,1.9127,-3.54,0.8923,0.50
2026-09-03T02:05:54.261947+00:00,APT,HOLD,0.5820,0.000000,0.00,Heavy ask orderbook pressure (OB imbalance 0.3768 < 0.50) and price below EMA50 ($0.5879). Skipping trade.,0.75,6279.76,52.43,0.5647,0.5702,0.5879,-0.0055,-0.0064,-4.28,0.10,bullish,neutral,no_signal,none,0.85,0.000000,no_signal,normal,20.76,0.5871,9.94,0.9548,0.38
2026-09-03T02:05:54.261947+00:00,ICP,HOLD,2.4720,0.000000,0.00,"Position setup intact. Aligned bullish across both 1D and 4H timeframes (Price $2.472 > EMA50 $2.3136), healthy RSI 57.74, positive MACD histogram. Well above trailing stop ($2.2352); holding position.",0.85,6279.76,57.74,2.4196,2.3562,2.3136,0.0634,0.0617,2.15,0.13,none,bullish,no_signal,none,0.85,0.000000,no_signal,normal,24.99,2.4294,-0.21,0.9646,0.51
2026-09-03T02:05:54.261947+00:00,XLM,HOLD,0.1775,0.000000,0.00,Price below VWAP ($0.1909) and negative MACD histogram with sluggish taker ratio (0.9178). Standing aside.,0.70,6279.76,50.19,0.1786,0.1773,0.1778,0.0013,0.0022,-8.41,0.08,none,neutral,no_signal,none,0.85,0.000000,no_signal,normal,25.72,0.1909,0.89,0.9178,0.50
2026-09-03T02:05:54.261947+00:00,SUI,HOLD,0.7559,0.000000,0.00,Price below VWAP ($0.7851) with negative MACD histogram and ask-slanted orderbook (OB 0.4820). Skipping trade.,0.70,6279.76,53.49,0.7449,0.7371,0.7348,0.0078,0.0113,-5.50,0.14,none,neutral,no_signal,none,0.85,0.000000,no_signal,normal,26.92,0.7851,3.35,1.0067,0.48
2026-09-03T02:05:54.261947+00:00,ARB,HOLD,0.1243,0.000000,0.00,Severe overbought RSI (76.55 > 65 cutoff) and Bollinger %B at 1.0237 (stretched above upper band). Buy vetoed.,0.88,6279.76,76.55,0.1032,0.0948,0.0902,0.0084,0.0049,28.14,0.12,none,bullish,no_signal,none,0.85,0.000000,no_signal,normal,37.31,0.1053,8.35,0.9864,0.56
2026-09-03T02:05:54.261947+00:00,INJ,HOLD,4.7820,0.000000,0.00,"Bearish trend bias (Price < EMA50 $4.9048, RSI < 50) and sharp 10-day drawdown (-16.02%). Skipping entry.",0.80,6279.76,46.16,4.9674,4.9200,4.9048,0.0474,0.0960,-16.02,0.04,none,bearish,no_signal,none,0.85,0.000000,no_signal,normal,25.12,5.2437,-0.28,0.9996,0.56
2026-09-03T02:05:54.261947+00:00,BNB,HOLD,690.1600,0.000000,0.00,Negative MACD histogram (-2.7035) and resistance below $700. Price under VWAP ($694.61); awaiting cleaner setup.,0.75,6279.76,64.23,684.4391,662.3573,638.0542,22.0818,24.7854,-2.01,0.05,none,neutral,no_signal,none,0.85,0.000000,no_signal,normal,41.71,694.6139,-1.68,0.9412,0.57
2026-09-03T02:05:54.261947+00:00,TRX,HOLD,0.3251,0.000000,0.00,Bearish trend structure below EMA50 ($0.3328) with RSI 38.20 and negative ROC10 (-5.74%). Skipping trade.,0.80,6279.76,38.20,0.3323,0.3333,0.3328,-0.0010,0.0011,-5.74,0.03,none,bearish,no_signal,none,0.85,0.000000,no_signal,normal,23.88,0.3380,-1.37,1.0704,0.57
2026-09-03T02:05:54.261947+00:00,HYPE,HOLD,0.0000,0.000000,0.00,Data fetch error or inactive Binance spot ticker (400 Bad Request). Skipping trade.,0.00,6279.76,0.00,0.0000,0.0000,0.0000,0.0000,0.0000,0.00,0.00,none,neutral,no_signal,none,1.00,0.000000,no_signal,normal,0.00,0.0000,0.00,1.0000,0.50
2026-09-03T07:13:23.191128+00:00,SOL,HOLD,101.3300,0.000000,0.00,Active position in profit (+1.41% from $99.9200 entry). Price $101.3300 comfortably above trailing stop ($94.1316); holding.,0.85,6279.76,64.59,99.2638,92.8450,86.7798,6.4188,6.5285,2.38,0.21,none,neutral,cautious_bullish,none,0.85,0.000054,no_signal,normal,48.80,99.0987,3.52,1.0089,0.50
2026-09-03T07:13:23.191128+00:00,DOT,HOLD,0.8820,0.000000,0.00,Active position in profit (+4.88% from $0.8410 entry). Price $0.8820 comfortably above trailing stop ($0.8318); holding.,0.85,6279.76,56.87,0.8590,0.8459,0.8493,0.0131,0.0126,-1.89,0.26,none,bullish,cautious_bullish,none,0.85,0.000100,no_signal,normal,20.22,0.8889,2.52,0.9018,0.34
2026-09-03T07:13:23.191128+00:00,NEAR,HOLD,1.9050,0.000000,0.00,Active position in profit (+0.69% from $1.8920 entry). Price $1.9050 comfortably above trailing stop ($1.7802); holding.,0.85,6279.76,55.72,1.8696,1.8272,1.8343,0.0423,0.0380,-2.56,0.24,none,bullish,cautious_bullish,none,0.85,0.000005,no_signal,normal,26.52,1.9126,-3.54,0.8923,0.42
2026-09-03T07:13:23.191128+00:00,ICP,HOLD,2.5220,0.000000,0.00,Active position in profit (+0.24% from $2.5160 entry). Price $2.5220 comfortably above trailing stop ($2.2352); holding.,0.85,6279.76,60.15,2.4273,2.3599,2.3156,0.0674,0.0625,4.21,0.29,none,bullish,cautious_bullish,none,0.85,0.000100,no_signal,normal,24.99,2.4303,-0.21,0.9646,0.46
2026-09-03T07:13:23.191128+00:00,ARB,HOLD,0.1341,0.000000,0.00,Daily RSI is overbought (79.82 > 65 cutoff threshold). Standing aside to catch a healthier pullback.,0.85,6279.76,79.82,0.1047,0.0955,0.0906,0.0092,0.0050,38.25,0.78,none,bullish,cautious_bullish,none,0.85,0.000008,no_signal,normal,37.69,0.1064,8.35,0.9864,0.60
2026-09-03T07:13:23.191128+00:00,UNI,HOLD,5.7490,0.000000,0.00,Daily RSI is overbought (75.25 > 65 cutoff threshold). Standing aside to catch a healthier pullback.,0.85,6279.76,75.25,5.0343,4.5358,4.1518,0.4984,0.3269,32.68,0.44,bearish,bullish,cautious_bullish,none,0.85,0.000100,no_signal,normal,48.17,4.9206,3.88,0.9729,0.59
2026-09-03T07:13:23.191128+00:00,APT,HOLD,0.6210,0.000000,0.00,"1H timeframe is overextended (1H RSI 78.94 > 68, +6.08% above 1H EMA20). Awaiting intraday pullback for precision entry.",0.80,6279.76,59.09,0.5707,0.5731,0.5894,-0.0024,-0.0058,2.14,0.64,bullish,bullish,cautious_bullish,none,0.85,0.000100,no_signal,normal,21.51,0.5878,9.94,0.9548,0.55
2026-09-03T07:13:23.191128+00:00,LTC,HOLD,50.5000,0.000000,0.00,"Multi-timeframe trend alignment unfulfilled (1D: 'neutral', 4H: 'bullish'). Requires dual bullish alignment.",0.75,6279.76,60.53,49.3745,48.4183,47.4534,0.9563,1.0423,-2.25,0.22,none,neutral,cautious_bullish,none,0.85,0.000041,no_signal,normal,28.45,50.8776,3.91,0.9734,0.52
2026-09-03T07:13:23.191128+00:00,BNB,HOLD,698.7600,0.000000,0.00,Daily RSI is overbought (66.81 > 65 cutoff threshold). Standing aside to catch a healthier pullback.,0.85,6279.76,66.81,685.7622,662.9943,638.3915,22.7679,24.9226,-0.79,0.19,none,neutral,cautious_bullish,none,0.85,0.000067,no_signal,normal,41.99,694.6339,-1.68,0.9412,0.41
2026-09-03T07:13:23.191128+00:00,SUI,HOLD,0.7701,0.000000,0.00,"Multi-timeframe trend alignment unfulfilled (1D: 'neutral', 4H: 'bullish'). Requires dual bullish alignment.",0.75,6279.76,55.60,0.7471,0.7381,0.7354,0.0089,0.0116,-3.73,0.50,none,neutral,cautious_bullish,none,0.85,0.000100,no_signal,normal,27.30,0.7847,3.35,1.0067,0.61
2026-09-03T07:13:23.191128+00:00,BTC,HOLD,78108.0200,0.000000,0.00,Whale flow alert 'BEARISH_WHALE_WALL' detected. Institutional selling pressure vetoes buy entry.,0.85,6279.76,67.12,76925.1652,73690.2251,70563.1907,3234.9401,3419.9890,-1.12,0.20,none,neutral,cautious_bullish,none,1.00,0.000068,no_signal,normal,44.61,78087.0318,-0.72,0.9627,0.06
2026-09-03T07:13:23.191128+00:00,XRP,HOLD,1.3748,0.000000,0.00,"Multi-timeframe trend alignment unfulfilled (1D: 'neutral', 4H: 'neutral'). Requires dual bullish alignment.",0.75,6279.76,60.91,1.3580,1.2862,1.2212,0.0718,0.0809,-7.21,0.24,none,neutral,cautious_bullish,none,0.85,0.000100,no_signal,normal,42.15,1.4432,-0.06,0.9817,0.52
2026-09-03T07:13:23.191128+00:00,ADA,HOLD,0.2063,0.000000,0.00,"Multi-timeframe trend alignment unfulfilled (1D: 'neutral', 4H: 'bullish'). Requires dual bullish alignment.",0.75,6279.76,55.85,0.2026,0.1984,0.1922,0.0041,0.0059,-6.86,0.37,none,neutral,cautious_bullish,none,0.85,0.000078,no_signal,normal,28.51,0.2154,4.01,0.9277,0.40
2026-09-03T07:13:23.191128+00:00,ETH,HOLD,2414.6100,0.000000,0.00,"Multi-timeframe trend alignment unfulfilled (1D: 'neutral', 4H: 'bearish'). Requires dual bullish alignment.",0.75,6279.76,62.72,2396.8072,2274.7274,2134.0223,122.0798,136.7230,-2.73,0.20,none,neutral,cautious_bullish,none,0.85,0.000100,no_signal,normal,46.49,2456.6319,-1.87,0.9577,0.49
2026-09-03T07:13:23.191128+00:00,LINK,HOLD,11.2710,0.000000,0.00,"Multi-timeframe trend alignment unfulfilled (1D: 'neutral', 4H: 'bearish'). Requires dual bullish alignment.",0.75,6279.76,61.71,11.1732,10.5819,9.8524,0.5913,0.6954,-3.08,0.26,none,neutral,cautious_bullish,none,0.85,0.000093,no_signal,normal,57.95,11.5248,-2.65,0.9493,0.50
2026-09-03T07:13:23.191128+00:00,AVAX,HOLD,7.3290,0.000000,0.00,"Multi-timeframe trend alignment unfulfilled (1D: 'neutral', 4H: 'bullish'). Requires dual bullish alignment.",0.75,6279.76,57.40,7.2394,7.0720,6.9519,0.1675,0.1944,-2.85,0.35,none,neutral,cautious_bullish,none,0.85,0.000100,no_signal,normal,30.91,7.4553,1.71,0.9514,0.40
2026-09-03T07:13:23.191128+00:00,TRX,HOLD,0.3265,0.000000,0.00,RSI is weak (40.39 < 45) with lack of upward momentum. Awaiting technical recovery.,0.75,6279.76,40.39,0.3325,0.3334,0.3328,-0.0009,0.0011,-5.33,0.15,none,bearish,cautious_bullish,none,0.85,-0.000194,no_signal,normal,23.61,0.3379,-1.37,1.0704,0.59
2026-09-03T07:13:23.191128+00:00,XLM,HOLD,0.1773,0.000000,0.00,"Multi-timeframe trend alignment unfulfilled (1D: 'neutral', 4H: 'neutral'). Requires dual bullish alignment.",0.75,6279.76,50.02,0.1786,0.1773,0.1778,0.0013,0.0022,-8.51,0.23,none,neutral,cautious_bullish,none,0.85,0.000100,no_signal,normal,25.75,0.1908,0.89,0.9178,0.56
2026-09-03T07:13:23.191128+00:00,INJ,HOLD,4.8700,0.000000,0.00,"Multi-timeframe trend alignment unfulfilled (1D: 'bearish', 4H: 'neutral'). Requires dual bullish alignment.",0.75,6279.76,48.55,4.9810,4.9265,4.9082,0.0545,0.0974,-14.47,0.17,none,bearish,cautious_bullish,none,0.85,-0.000189,no_signal,normal,25.12,5.2404,-0.28,0.9996,0.49
2026-09-03T07:13:23.191128+00:00,MATIC,HOLD,0.3794,0.000000,0.00,RSI is weak (38.00 < 45) with lack of upward momentum. Awaiting technical recovery.,0.75,6279.76,38.00,0.3943,0.4190,0.4484,-0.0246,-0.0202,-9.58,0.06,none,bearish,cautious_bullish,none,0.85,0.000100,no_signal,normal,37.07,0.4055,0.00,1.0000,0.50
2026-09-03T07:13:23.191128+00:00,HYPE,HOLD,0.0000,0.000000,0.00,Data fetch error or inactive Binance spot ticker (400 Client Error: Bad Request for url: https://api.binance.com/api/v3/klines?symbol=HYPEUSDT&interval=1d&limit=100). Skipping trade.,0.00,6279.76,0.00,0.0000,0.0000,0.0000,0.0000,0.0000,0.00,0.00,none,neutral,no_signal,none,1.00,0.000000,no_signal,normal,0.00,0.0000,0.00,1.0000,0.50
2026-09-03T11:24:55.796456+00:00,SOL,HOLD,100.6600,0.000000,0.00,Active position in profit (+0.74% from $99.9200 entry). Price $100.6600 comfortably above trailing stop ($95.2502); holding.,0.85,6279.76,63.85,99.1607,92.7953,86.7535,6.3653,6.5178,1.71,0.31,none,neutral,cautious_bullish,none,0.85,0.000039,no_signal,normal,48.80,99.1044,3.52,1.0089,0.44
2026-09-03T11:24:55.796456+00:00,DOT,HOLD,0.8760,0.000000,0.00,Active position in profit (+4.16% from $0.8410 entry). Price $0.8760 comfortably above trailing stop ($0.8318); holding.,0.85,6279.76,55.94,0.8581,0.8455,0.8491,0.0127,0.0125,-2.56,0.36,none,bullish,cautious_bullish,none,0.85,0.000100,no_signal,normal,20.22,0.8888,2.52,0.9018,0.48
2026-09-03T11:24:55.796456+00:00,NEAR,HOLD,1.8990,0.000000,0.00,Active position in profit (+0.37% from $1.8920 entry). Price $1.8990 comfortably above trailing stop ($1.7907); holding.,0.85,6279.76,55.36,1.8686,1.8268,1.8340,0.0419,0.0379,-2.86,0.40,none,bullish,cautious_bullish,none,0.85,0.000100,no_signal,normal,26.52,1.9123,-3.54,0.8923,0.50
2026-09-03T11:24:55.796456+00:00,ICP,HOLD,2.4900,0.000000,0.00,Active position intact (-1.03% from $2.5160 entry). Price $2.4900 is well above trailing stop ($2.3707); trend structure intact.,0.85,6279.76,58.64,2.4223,2.3575,2.3143,0.0648,0.0620,2.89,0.39,none,bullish,cautious_bullish,none,0.85,0.000052,no_signal,normal,24.99,2.4304,-0.21,0.9646,0.52
2026-09-03T11:24:55.796456+00:00,ARB,HOLD,0.1364,0.000000,0.00,Daily RSI is overbought (80.46 > 65 cutoff threshold). Standing aside to catch a healthier pullback.,0.85,6279.76,80.46,0.1050,0.0957,0.0907,0.0093,0.0051,40.62,1.39,none,bullish,cautious_bullish,none,0.85,0.000049,no_signal,normal,37.88,0.1075,8.35,0.9864,0.50
2026-09-03T11:24:55.796456+00:00,UNI,HOLD,6.1310,0.000000,0.00,Daily RSI is overbought (80.50 > 65 cutoff threshold). Standing aside to catch a healthier pullback.,0.85,6279.76,80.50,5.0930,4.5641,4.1668,0.5289,0.3329,41.50,0.90,bearish,bullish,cautious_bullish,none,0.85,0.000082,no_signal,normal,47.99,4.9546,3.88,0.9729,0.54
2026-09-03T11:24:55.796456+00:00,APT,HOLD,0.6150,0.000000,0.00,"1H timeframe is overextended (1H RSI 67.83 > 68, +3.57% above 1H EMA20). Awaiting intraday pullback for precision entry.",0.80,6279.76,58.20,0.5698,0.5726,0.5892,-0.0029,-0.0059,1.15,1.12,bullish,bullish,cautious_bullish,none,0.85,0.000100,no_signal,normal,21.64,0.5884,9.94,0.9548,0.63
2026-09-03T11:24:55.796456+00:00,BNB,HOLD,709.3400,0.000000,0.00,Whale flow alert 'BEARISH_WHALE_WALL' detected. Institutional selling pressure vetoes buy entry.,0.85,6279.76,69.51,687.3899,663.7780,638.8064,23.6119,25.0914,0.71,0.39,none,neutral,cautious_bullish,none,0.85,0.000098,no_signal,normal,42.31,694.8196,-1.68,0.9412,0.25
2026-09-03T11:24:55.796456+00:00,LTC,HOLD,50.5800,0.000000,0.00,"Multi-timeframe trend alignment unfulfilled (1D: 'neutral', 4H: 'bullish'). Requires dual bullish alignment.",0.75,6279.76,60.82,49.3869,48.4242,47.4565,0.9626,1.0435,-2.09,0.46,none,neutral,cautious_bullish,none,0.85,0.000043,no_signal,normal,28.67,50.8723,3.91,0.9734,0.55
2026-09-03T11:24:55.796456+00:00,SUI,HOLD,0.7677,0.000000,0.00,"Multi-timeframe trend alignment unfulfilled (1D: 'neutral', 4H: 'bullish'). Requires dual bullish alignment.",0.75,6279.76,55.26,0.7467,0.7380,0.7353,0.0087,0.0115,-4.03,0.73,none,neutral,cautious_bullish,none,0.85,0.000100,no_signal,normal,27.30,0.7843,3.35,1.0067,0.46
2026-09-03T11:24:55.796456+00:00,BTC,HOLD,77900.0000,0.000000,0.00,Daily RSI is overbought (66.64 > 65 cutoff threshold). Standing aside to catch a healthier pullback.,0.85,6279.76,66.64,76893.1621,73674.8162,70555.0331,3218.3460,3416.6702,-1.38,0.29,none,neutral,cautious_bullish,none,1.00,0.000052,no_signal,normal,44.61,78083.3459,-0.72,0.9627,0.93
2026-09-03T11:24:55.796456+00:00,ADA,HOLD,0.2071,0.000000,0.00,"Multi-timeframe trend alignment unfulfilled (1D: 'neutral', 4H: 'bullish'). Requires dual bullish alignment.",0.75,6279.76,56.31,0.2027,0.1985,0.1922,0.0042,0.0059,-6.50,0.59,none,neutral,cautious_bullish,none,0.85,0.000100,no_signal,normal,28.64,0.2153,4.01,0.9277,0.44
2026-09-03T11:24:55.796456+00:00,XRP,HOLD,1.3680,0.000000,0.00,"Multi-timeframe trend alignment unfulfilled (1D: 'neutral', 4H: 'neutral'). Requires dual bullish alignment.",0.75,6279.76,60.32,1.3570,1.2857,1.2210,0.0713,0.0807,-7.67,0.36,none,neutral,cautious_bullish,none,0.85,0.000100,no_signal,normal,42.18,1.4426,-0.06,0.9817,0.49
2026-09-03T11:24:55.796456+00:00,LINK,HOLD,11.2580,0.000000,0.00,"Multi-timeframe trend alignment unfulfilled (1D: 'neutral', 4H: 'neutral'). Requires dual bullish alignment.",0.75,6279.76,61.56,11.1712,10.5809,9.8519,0.5902,0.6952,-3.19,0.36,none,neutral,cautious_bullish,none,0.85,0.000066,no_signal,normal,57.95,11.5223,-2.65,0.9493,0.50
2026-09-03T11:24:55.796456+00:00,ETH,HOLD,2403.0900,0.000000,0.00,"Multi-timeframe trend alignment unfulfilled (1D: 'neutral', 4H: 'bearish'). Requires dual bullish alignment.",0.75,6279.76,62.02,2395.0349,2273.8741,2133.5706,121.1608,136.5392,-3.19,0.33,none,neutral,cautious_bullish,none,0.85,0.000045,no_signal,normal,46.49,2456.0606,-1.87,0.9577,0.60
2026-09-03T11:24:55.796456+00:00,AVAX,HOLD,7.2720,0.000000,0.00,"Multi-timeframe trend alignment unfulfilled (1D: 'neutral', 4H: 'neutral'). Requires dual bullish alignment.",0.75,6279.76,56.12,7.2307,7.0677,6.9496,0.1629,0.1935,-3.61,0.50,none,neutral,cautious_bullish,none,0.85,0.000100,no_signal,normal,30.91,7.4525,1.71,0.9514,0.59
2026-09-03T11:24:55.796456+00:00,TRX,HOLD,0.3280,0.000000,0.00,RSI is weak (42.63 < 45) with lack of upward momentum. Awaiting technical recovery.,0.75,6279.76,42.63,0.3327,0.3335,0.3329,-0.0008,0.0011,-4.90,0.28,none,bearish,cautious_bullish,none,0.85,-0.000163,no_signal,normal,23.14,0.3378,-1.37,1.0704,0.58
2026-09-03T11:24:55.796456+00:00,XLM,HOLD,0.1776,0.000000,0.00,"Multi-timeframe trend alignment unfulfilled (1D: 'neutral', 4H: 'neutral'). Requires dual bullish alignment.",0.75,6279.76,50.28,0.1786,0.1774,0.1778,0.0013,0.0022,-8.36,0.32,none,neutral,cautious_bullish,none,0.85,0.000095,no_signal,normal,25.75,0.1907,0.89,0.9178,0.59
2026-09-03T11:24:55.796456+00:00,INJ,HOLD,4.8890,0.000000,0.00,"Multi-timeframe trend alignment unfulfilled (1D: 'bearish', 4H: 'neutral'). Requires dual bullish alignment.",0.75,6279.76,49.04,4.9839,4.9279,4.9090,0.0560,0.0978,-14.14,0.27,none,bearish,cautious_bullish,none,0.85,-0.000050,no_signal,normal,25.12,5.2378,-0.28,0.9996,0.48
2026-09-03T11:24:55.796456+00:00,MATIC,HOLD,0.3794,0.000000,0.00,RSI is weak (38.00 < 45) with lack of upward momentum. Awaiting technical recovery.,0.75,6279.76,38.00,0.3943,0.4190,0.4484,-0.0246,-0.0202,-9.58,0.06,none,bearish,cautious_bullish,none,0.85,0.000100,no_signal,normal,37.07,0.4055,0.00,1.0000,0.50
2026-09-03T11:24:55.796456+00:00,HYPE,HOLD,0.0000,0.000000,0.00,Data fetch error or inactive Binance spot ticker (400 Client Error: Bad Request for url: https://api.binance.com/api/v3/klines?symbol=HYPEUSDT&interval=1d&limit=100). Skipping trade.,0.00,6279.76,0.00,0.0000,0.0000,0.0000,0.0000,0.0000,0.00,0.00,none,neutral,no_signal,none,1.00,0.000000,no_signal,normal,0.00,0.0000,0.00,1.0000,0.50
2026-09-03T11:39:00.120688+00:00,SOL,HOLD,100.8200,0.000000,0.00,Active position in profit (+0.90% from $99.9200 entry). Price $100.8200 comfortably above trailing stop ($95.2904); holding.,0.85,4510.42,64.03,99.1853,92.8072,86.7598,6.3781,6.5203,1.87,0.32,none,bullish,cautious_bullish,none,0.85,0.000045,no_signal,normal,48.80,99.1060,3.52,1.0089,0.36
2026-09-03T11:39:00.120688+00:00,DOT,HOLD,0.8780,0.000000,0.00,Active position in profit (+4.40% from $0.8410 entry). Price $0.8780 comfortably above trailing stop ($0.8318); holding.,0.85,4510.42,56.26,0.8584,0.8456,0.8492,0.0128,0.0125,-2.34,0.37,none,bullish,cautious_bullish,none,0.85,0.000100,no_signal,normal,20.22,0.8888,2.52,0.9018,0.47
2026-09-03T11:39:00.120688+00:00,NEAR,HOLD,1.8960,0.000000,0.00,Active position in profit (+0.21% from $1.8920 entry). Price $1.8960 comfortably above trailing stop ($1.7911); holding.,0.85,4510.42,55.18,1.8682,1.8266,1.8339,0.0416,0.0379,-3.02,0.42,none,bullish,cautious_bullish,none,0.85,0.000100,no_signal,normal,26.52,1.9122,-3.54,0.8923,0.52
2026-09-03T11:39:00.120688+00:00,ICP,HOLD,2.4940,0.000000,0.00,Active position intact (-0.87% from $2.5160 entry). Price $2.4940 is well above trailing stop ($2.3707); trend structure intact.,0.85,4510.42,58.84,2.4229,2.3578,2.3145,0.0651,0.0621,3.06,0.40,none,bullish,cautious_bullish,none,0.85,0.000064,no_signal,normal,24.99,2.4305,-0.21,0.9646,0.52
2026-09-03T11:39:00.120688+00:00,ARB,HOLD,0.1350,0.000000,0.00,Daily RSI is overbought (80.07 > 68 cutoff threshold). Standing aside to catch a healthier pullback.,0.85,4510.42,80.07,0.1048,0.0956,0.0906,0.0092,0.0051,39.18,1.43,none,bullish,cautious_bullish,none,0.85,0.000040,no_signal,normal,37.88,0.1075,8.35,0.9864,0.58
2026-09-03T11:39:00.120688+00:00,UNI,HOLD,6.1820,0.000000,0.00,Daily RSI is overbought (80.85 > 68 cutoff threshold). Standing aside to catch a healthier pullback.,0.85,4510.42,80.85,5.1009,4.5679,4.1688,0.5330,0.3338,42.67,0.94,bearish,bullish,cautious_bullish,none,0.85,0.000076,no_signal,normal,47.99,4.9596,3.88,0.9729,0.54
2026-09-03T11:39:00.120688+00:00,APT,BUY,0.6120,1257.091503,-769.34,"BULLISH CONFIRMATION: Dual 1D/4H bullish trend alignment (Price $0.6120 > EMA50), healthy RSI (57.74), strong ADX (21.64), Order Book bid dominance (0.9194), and Taker Ratio (0.9548). RS Rank: #3 (Score: +5.65). Initiating allocation ($769.34).",0.88,4510.42,57.74,0.5693,0.5724,0.5891,-0.0031,-0.0059,0.66,1.14,bullish,bullish,cautious_bullish,none,0.85,0.000100,no_signal,normal,21.64,0.5884,9.94,0.9548,0.92
2026-09-03T11:39:00.120688+00:00,LTC,BUY,50.7000,19.723866,-1000.00,"BULLISH CONFIRMATION: Dual 1D/4H bullish trend alignment (Price $50.7000 > EMA50), healthy RSI (61.24), strong ADX (28.67), Order Book bid dominance (0.5039), and Taker Ratio (0.9734). RS Rank: #4 (Score: +2.41). Initiating allocation ($1000.00).",0.88,4510.42,61.24,49.4053,48.4331,47.4612,0.9722,1.0454,-1.86,0.47,none,bullish,cautious_bullish,none,0.85,0.000050,no_signal,normal,28.67,50.8732,3.91,0.9734,0.50
2026-09-03T11:39:00.120688+00:00,BNB,HOLD,710.6500,0.000000,0.00,Daily RSI is overbought (69.82 > 65 cutoff threshold). Standing aside to catch a healthier pullback.,0.85,4510.42,69.82,687.5914,663.8750,638.8577,23.7164,25.1123,0.90,0.43,none,bullish,cautious_bullish,none,0.85,0.000102,no_signal,normal,42.42,694.8877,-1.68,0.9412,0.44
2026-09-03T11:39:00.120688+00:00,HYPE,HOLD,81.9810,0.000000,0.00,"Multi-timeframe trend alignment unfulfilled (1D: 'bullish', 4H: 'bearish'). Requires dual bullish alignment.",0.75,4510.42,64.33,79.9383,74.0261,69.0386,5.9122,5.9277,3.83,0.27,none,bullish,cautious_bullish,none,0.85,0.000050,no_signal,normal,50.79,80.1673,-5.26,0.9434,0.49
2026-09-03T11:39:00.120688+00:00,SUI,HOLD,0.7677,0.000000,0.00,Order book depth skewed to asks (imbalance ratio 0.4141 < 0.48). Lacks sufficient bid support.,0.75,4510.42,55.26,0.7467,0.7380,0.7353,0.0087,0.0115,-4.03,0.74,none,bullish,cautious_bullish,none,0.85,0.000100,no_signal,normal,27.30,0.7843,3.35,1.0067,0.41
2026-09-03T11:39:00.120688+00:00,BTC,HOLD,77915.7900,0.000000,0.00,Daily RSI is overbought (66.68 > 65 cutoff threshold). Standing aside to catch a healthier pullback.,0.85,4510.42,66.68,76895.5914,73675.9858,70555.6523,3219.6056,3416.9221,-1.36,0.30,none,bullish,bullish,hack,1.00,0.000054,no_signal,normal,44.61,78083.2848,-0.72,0.9627,0.36
2026-09-03T11:39:00.120688+00:00,ADA,HOLD,0.2072,0.000000,0.00,Order book depth skewed to asks (imbalance ratio 0.4086 < 0.48). Lacks sufficient bid support.,0.75,4510.42,56.37,0.2027,0.1985,0.1922,0.0042,0.0059,-6.46,0.60,none,bullish,cautious_bullish,none,0.85,0.000100,no_signal,normal,28.64,0.2153,4.01,0.9277,0.41
2026-09-03T11:39:00.120688+00:00,XRP,HOLD,1.3691,0.000000,0.00,"Multi-timeframe trend alignment unfulfilled (1D: 'bullish', 4H: 'neutral'). Requires dual bullish alignment.",0.75,4510.42,60.42,1.3572,1.2858,1.2210,0.0714,0.0808,-7.60,0.37,none,bullish,bullish,none,0.85,0.000100,no_signal,normal,42.18,1.4425,-0.06,0.9817,0.56
2026-09-03T11:39:00.120688+00:00,LINK,HOLD,11.2940,0.000000,0.00,"Multi-timeframe trend alignment unfulfilled (1D: 'bullish', 4H: 'neutral'). Requires dual bullish alignment.",0.75,4510.42,61.97,11.1767,10.5836,9.8533,0.5931,0.6958,-2.88,0.37,none,bullish,cautious_bullish,none,0.85,0.000067,no_signal,normal,57.95,11.5225,-2.65,0.9493,0.54
2026-09-03T11:39:00.120688+00:00,ETH,HOLD,2405.1000,0.000000,0.00,"Multi-timeframe trend alignment unfulfilled (1D: 'bullish', 4H: 'bearish'). Requires dual bullish alignment.",0.75,4510.42,62.14,2395.3441,2274.0230,2133.6494,121.3212,136.5713,-3.11,0.33,none,bullish,bullish,hack,0.85,0.000047,no_signal,normal,46.49,2456.0506,-1.87,0.9577,0.50
2026-09-03T11:39:00.120688+00:00,AVAX,HOLD,7.2870,0.000000,0.00,Price $7.2870 is trading notably below VWAP ($7.4526). Awaiting reclaim of VWAP.,0.75,4510.42,56.46,7.2330,7.0689,6.9502,0.1641,0.1937,-3.41,0.51,none,bullish,cautious_bullish,none,0.85,0.000100,no_signal,normal,30.91,7.4526,1.71,0.9514,0.53
2026-09-03T11:39:00.120688+00:00,TRX,HOLD,0.3278,0.000000,0.00,RSI is weak (42.34 < 45) with lack of upward momentum. Awaiting technical recovery.,0.75,4510.42,42.34,0.3327,0.3335,0.3329,-0.0008,0.0011,-4.96,0.30,none,bearish,cautious_bullish,none,0.85,-0.000175,no_signal,normal,23.14,0.3378,-1.37,1.0704,0.59
2026-09-03T11:39:00.120688+00:00,XLM,HOLD,0.1777,0.000000,0.00,"Multi-timeframe trend alignment unfulfilled (1D: 'neutral', 4H: 'neutral'). Requires dual bullish alignment.",0.75,4510.42,50.36,0.1787,0.1774,0.1778,0.0013,0.0022,-8.31,0.33,none,neutral,cautious_bullish,none,0.85,0.000097,no_signal,normal,25.75,0.1907,0.89,0.9178,0.59
2026-09-03T11:39:00.120688+00:00,INJ,HOLD,4.8940,0.000000,0.00,"Multi-timeframe trend alignment unfulfilled (1D: 'bearish', 4H: 'bearish'). Requires dual bullish alignment.",0.75,4510.42,49.16,4.9847,4.9283,4.9092,0.0564,0.0978,-14.05,0.29,none,bearish,cautious_bullish,none,0.85,-0.000043,no_signal,normal,25.12,5.2376,-0.28,0.9996,0.46
2026-09-03T11:39:00.120688+00:00,MATIC,HOLD,0.3794,0.000000,0.00,RSI is weak (38.00 < 45) with lack of upward momentum. Awaiting technical recovery.,0.75,4510.42,38.00,0.3943,0.4190,0.4484,-0.0246,-0.0202,-9.58,0.06,none,bearish,cautious_bullish,none,0.85,0.000100,no_signal,normal,37.07,0.4055,0.00,1.0000,0.50
2026-09-03T11:50:37.322000+00:00,SOL,HOLD,100.8700,0.000000,0.00,Active position in profit (+0.95% from $99.9200 entry). Price $100.8700 comfortably above trailing stop ($95.2904); holding.,0.50,4510.42,64.08,99.1930,92.8109,86.7617,6.3821,6.5211,1.92,0.32,none,bullish,cautious_bullish,none,0.85,0.000051,no_signal,normal,48.80,99.1066,3.52,1.0089,0.40
2026-09-03T11:50:37.322000+00:00,DOT,HOLD,0.8790,0.000000,0.00,Active position in profit (+4.52% from $0.8410 entry). Price $0.8790 comfortably above trailing stop ($0.8318); holding.,0.65,4510.42,56.41,0.8586,0.8457,0.8492,0.0129,0.0125,-2.22,0.38,none,bullish,cautious_bullish,none,0.85,0.000100,no_signal,normal,20.22,0.8888,2.52,0.9018,0.53
2026-09-03T11:50:37.322000+00:00,LTC,HOLD,50.8900,0.000000,0.00,Active position in profit (+0.37% from $50.7000 entry). Price $50.8900 comfortably above trailing stop ($46.9102); holding.,0.65,4510.42,61.89,49.4345,48.4472,47.4687,0.9874,1.0485,-1.49,0.48,none,bullish,cautious_bullish,none,0.85,0.000058,no_signal,normal,28.67,50.8747,3.91,0.9734,0.48
2026-09-03T11:50:37.322000+00:00,NEAR,HOLD,1.8990,0.000000,0.00,Active position in profit (+0.37% from $1.8920 entry). Price $1.8990 comfortably above trailing stop ($1.7911); holding.,0.65,4510.42,55.36,1.8686,1.8268,1.8340,0.0419,0.0379,-2.86,0.42,none,bullish,cautious_bullish,none,0.85,0.000100,no_signal,normal,26.52,1.9123,-3.54,0.8923,0.47
2026-09-03T11:50:37.322000+00:00,APT,HOLD,0.6020,0.000000,0.00,Active position intact (-1.63% from $0.6120 entry). Price $0.6020 is well above trailing stop ($0.5324); trend structure intact.,0.75,4510.42,56.13,0.5678,0.5717,0.5887,-0.0039,-0.0061,-0.99,1.24,bullish,bullish,cautious_bullish,none,0.85,0.000100,no_signal,normal,21.64,0.5882,9.94,0.9548,0.53
2026-09-03T11:50:37.322000+00:00,ICP,HOLD,2.4970,0.000000,0.00,Active position intact (-0.76% from $2.5160 entry). Price $2.4970 is well above trailing stop ($2.3707); trend structure intact.,0.65,4510.42,58.98,2.4234,2.3580,2.3146,0.0654,0.0621,3.18,0.40,none,bullish,cautious_bullish,none,0.85,0.000064,no_signal,normal,24.99,2.4305,-0.21,0.9646,0.52
2026-09-03T11:50:37.322000+00:00,ARB,HOLD,0.1356,0.000000,0.00,Portfolio position cap reached (6/6 max positions). Cash reserved until an existing position exits.,0.80,4510.42,80.24,0.1049,0.0956,0.0907,0.0093,0.0051,39.79,1.45,none,bullish,cautious_bullish,none,0.85,0.000033,no_signal,normal,37.88,0.1076,8.35,0.9864,0.60
2026-09-03T11:50:37.322000+00:00,UNI,HOLD,6.2450,0.000000,0.00,Portfolio position cap reached (6/6 max positions). Cash reserved until an existing position exits.,0.80,4510.42,81.26,5.1106,4.5726,4.1712,0.5380,0.3348,44.13,0.96,bearish,bullish,cautious_bullish,none,0.85,0.000069,no_signal,normal,47.99,4.9626,3.88,0.9729,0.58
2026-09-03T11:50:37.322000+00:00,BNB,HOLD,715.1300,0.000000,0.00,Portfolio position cap reached (6/6 max positions). Cash reserved until an existing position exits.,0.80,4510.42,70.81,688.2806,664.2069,639.0334,24.0738,25.1838,1.54,0.47,none,bullish,cautious_bullish,none,0.85,0.000106,no_signal,normal,42.48,694.9809,-1.68,0.9412,0.34
2026-09-03T11:50:37.322000+00:00,HYPE,HOLD,82.1090,0.000000,0.00,Portfolio position cap reached (6/6 max positions). Cash reserved until an existing position exits.,0.80,4510.42,64.48,79.9580,74.0356,69.0436,5.9225,5.9298,3.99,0.27,none,bullish,cautious_bullish,none,0.85,0.000050,no_signal,normal,50.79,80.1686,-5.26,0.9434,0.40
2026-09-03T11:50:37.322000+00:00,BTC,HOLD,77919.9600,0.000000,0.00,Portfolio position cap reached (6/6 max positions). Cash reserved until an existing position exits.,0.80,4510.42,66.69,76896.2329,73676.2947,70555.8158,3219.9382,3416.9887,-1.36,0.31,none,bullish,bullish,hack,1.00,0.000057,no_signal,normal,44.61,78083.1817,-0.72,0.9627,0.64
2026-09-03T11:50:37.322000+00:00,SUI,HOLD,0.7675,0.000000,0.00,Portfolio position cap reached (6/6 max positions). Cash reserved until an existing position exits.,0.80,4510.42,55.23,0.7467,0.7379,0.7353,0.0087,0.0115,-4.05,0.74,none,bullish,cautious_bullish,none,0.85,0.000100,no_signal,normal,27.30,0.7843,3.35,1.0067,0.46
2026-09-03T11:50:37.322000+00:00,XRP,HOLD,1.3713,0.000000,0.00,Portfolio position cap reached (6/6 max positions). Cash reserved until an existing position exits.,0.80,4510.42,60.61,1.3575,1.2859,1.2211,0.0715,0.0808,-7.45,0.38,none,bullish,bullish,none,0.85,0.000100,no_signal,normal,42.18,1.4425,-0.06,0.9817,0.49
2026-09-03T11:50:37.322000+00:00,ADA,HOLD,0.2070,0.000000,0.00,Portfolio position cap reached (6/6 max positions). Cash reserved until an existing position exits.,0.80,4510.42,56.25,0.2027,0.1985,0.1922,0.0042,0.0059,-6.55,0.61,none,bullish,cautious_bullish,none,0.85,0.000100,no_signal,normal,28.64,0.2153,4.01,0.9277,0.46
2026-09-03T11:50:37.322000+00:00,LINK,HOLD,11.2780,0.000000,0.00,Portfolio position cap reached (6/6 max positions). Cash reserved until an existing position exits.,0.80,4510.42,61.79,11.1742,10.5824,9.8527,0.5918,0.6955,-3.02,0.38,none,bullish,cautious_bullish,none,0.85,0.000058,no_signal,normal,57.97,11.5225,-2.65,0.9493,0.42
2026-09-03T11:50:37.322000+00:00,ETH,HOLD,2407.5200,0.000000,0.00,Portfolio position cap reached (6/6 max positions). Cash reserved until an existing position exits.,0.80,4510.42,62.29,2395.7164,2274.2022,2133.7443,121.5142,136.6099,-3.01,0.34,none,bullish,bullish,hack,0.85,0.000052,no_signal,normal,46.49,2456.0411,-1.87,0.9577,0.45
2026-09-03T11:50:37.322000+00:00,AVAX,HOLD,7.2860,0.000000,0.00,Portfolio position cap reached (6/6 max positions). Cash reserved until an existing position exits.,0.80,4510.42,56.44,7.2328,7.0688,6.9502,0.1640,0.1937,-3.42,0.52,none,bullish,cautious_bullish,none,0.85,0.000100,no_signal,normal,30.91,7.4525,1.71,0.9514,0.58
2026-09-03T11:50:37.322000+00:00,TRX,HOLD,0.3279,0.000000,0.00,Portfolio position cap reached (6/6 max positions). Cash reserved until an existing position exits.,0.80,4510.42,42.48,0.3327,0.3335,0.3329,-0.0008,0.0011,-4.93,0.30,none,bearish,cautious_bullish,none,0.85,-0.000176,no_signal,normal,23.14,0.3378,-1.37,1.0704,0.60
2026-09-03T11:50:37.322000+00:00,XLM,HOLD,0.1777,0.000000,0.00,Portfolio position cap reached (6/6 max positions). Cash reserved until an existing position exits.,0.80,4510.42,50.36,0.1787,0.1774,0.1778,0.0013,0.0022,-8.31,0.33,none,neutral,cautious_bullish,none,0.85,0.000096,no_signal,normal,25.75,0.1907,0.89,0.9178,0.58
2026-09-03T11:50:37.322000+00:00,INJ,HOLD,4.9220,0.000000,0.00,Portfolio position cap reached (6/6 max positions). Cash reserved until an existing position exits.,0.80,4510.42,49.86,4.9890,4.9304,4.9103,0.0586,0.0983,-13.56,0.29,none,neutral,cautious_bullish,none,0.85,-0.000047,no_signal,normal,25.12,5.2376,-0.28,0.9996,0.55
2026-09-03T11:50:37.322000+00:00,MATIC,HOLD,0.3794,0.000000,0.00,Portfolio position cap reached (6/6 max positions). Cash reserved until an existing position exits.,0.80,4510.42,38.00,0.3943,0.4190,0.4484,-0.0246,-0.0202,-9.58,0.06,none,bearish,cautious_bullish,none,0.85,0.000100,no_signal,normal,37.07,0.4055,0.00,1.0000,0.50
2026-09-03T12:05:22.648998+00:00,SOL,HOLD,100.7900,0.000000,0.00,Active position in profit (+0.87% from $99.9200 entry). Price $100.7900 comfortably above Chandelier stop ($95.2904); holding.,0.67,4510.42,63.99,99.1807,92.8050,86.7586,6.3757,6.5198,1.84,0.33,none,bullish,cautious_bullish,none,0.85,0.000059,no_signal,normal,48.80,99.1066,3.52,1.0089,0.46
2026-09-03T12:05:22.648998+00:00,DOT,HOLD,0.8770,0.000000,0.00,Active position in profit (+4.28% from $0.8410 entry). Price $0.8770 comfortably above Chandelier stop ($0.8318); holding.,0.79,4510.42,56.10,0.8583,0.8455,0.8491,0.0127,0.0125,-2.45,0.38,none,bullish,cautious_bullish,none,0.85,0.000100,no_signal,normal,20.22,0.8888,2.52,0.9018,0.49
2026-09-03T12:05:22.648998+00:00,LTC,HOLD,50.9900,0.000000,0.00,Active position in profit (+0.57% from $50.7000 entry). Price $50.9900 comfortably above Chandelier stop ($47.2002); holding.,0.79,4510.42,62.22,49.4499,48.4546,47.4726,0.9953,1.0501,-1.30,0.49,none,bullish,cautious_bullish,none,0.85,0.000062,no_signal,normal,28.67,50.8753,3.91,0.9734,0.46
2026-09-03T12:05:22.648998+00:00,NEAR,HOLD,1.9000,0.000000,0.00,Active position in profit (+0.42% from $1.8920 entry). Price $1.9000 comfortably above Chandelier stop ($1.7911); holding.,0.61,4510.42,55.42,1.8688,1.8269,1.8341,0.0419,0.0379,-2.81,0.42,none,bullish,cautious_bullish,none,0.85,0.000100,no_signal,normal,26.52,1.9123,-3.54,0.8923,0.49
2026-09-03T12:05:22.648998+00:00,APT,HOLD,0.6040,0.000000,0.00,Active position intact (-1.31% from $0.6120 entry). Price $0.6040 is well above Chandelier stop ($0.5324); trend structure intact.,0.89,4510.42,56.46,0.5681,0.5718,0.5888,-0.0037,-0.0060,-0.66,1.26,bullish,bullish,cautious_bullish,none,0.85,0.000100,no_signal,normal,21.64,0.5883,9.94,0.9548,0.52
2026-09-03T12:05:22.648998+00:00,ICP,HOLD,2.4930,0.000000,0.00,Active position intact (-0.91% from $2.5160 entry). Price $2.4930 is well above Chandelier stop ($2.3707); trend structure intact.,0.69,4510.42,58.79,2.4228,2.3577,2.3144,0.0650,0.0621,3.02,0.40,none,bullish,cautious_bullish,none,0.85,0.000046,no_signal,normal,24.99,2.4305,-0.21,0.9646,0.52
2026-09-03T12:05:22.648998+00:00,ARB,HOLD,0.1355,0.000000,0.00,Portfolio position cap reached (6/6 max positions). Cash reserved until an existing position exits.,0.80,4510.42,80.21,0.1049,0.0956,0.0907,0.0093,0.0051,39.69,1.47,none,bullish,cautious_bullish,none,0.85,0.000022,no_signal,normal,37.88,0.1076,8.35,0.9864,0.56
2026-09-03T12:05:22.648998+00:00,UNI,HOLD,6.2340,0.000000,0.00,Portfolio position cap reached (6/6 max positions). Cash reserved until an existing position exits.,0.80,4510.42,81.19,5.1089,4.5718,4.1708,0.5371,0.3346,43.87,0.99,bearish,bullish,cautious_bullish,none,0.85,0.000065,no_signal,normal,47.99,4.9648,3.88,0.9729,0.47
2026-09-03T12:05:22.648998+00:00,BNB,HOLD,710.9400,0.000000,0.00,Portfolio position cap reached (6/6 max positions). Cash reserved until an existing position exits.,0.80,4510.42,69.88,687.6360,663.8965,638.8691,23.7395,25.1169,0.94,0.49,none,bullish,cautious_bullish,none,0.85,0.000109,no_signal,normal,42.48,694.9539,-1.68,0.9412,0.36
2026-09-03T12:05:22.648998+00:00,HYPE,HOLD,81.9630,0.000000,0.00,Portfolio position cap reached (6/6 max positions). Cash reserved until an existing position exits.,0.80,4510.42,64.31,79.9356,74.0247,69.0379,5.9108,5.9274,3.81,0.27,none,bullish,cautious_bullish,none,0.85,0.000050,no_signal,normal,50.79,80.1682,-5.26,0.9434,0.57
2026-09-03T12:05:22.648998+00:00,BTC,HOLD,77941.4900,0.000000,0.00,Portfolio position cap reached (6/6 max positions). Cash reserved until an existing position exits.,0.80,4510.42,66.74,76899.5452,73677.8895,70556.6602,3221.6557,3417.3322,-1.33,0.31,none,bullish,bullish,hack,1.00,0.000060,no_signal,normal,44.61,78083.1966,-0.72,0.9627,0.85
2026-09-03T12:05:22.648998+00:00,SUI,HOLD,0.7669,0.000000,0.00,Portfolio position cap reached (6/6 max positions). Cash reserved until an existing position exits.,0.80,4510.42,55.14,0.7466,0.7379,0.7353,0.0087,0.0115,-4.13,0.75,none,bullish,cautious_bullish,none,0.85,0.000100,no_signal,normal,27.30,0.7843,3.35,1.0067,0.53
2026-09-03T12:05:22.648998+00:00,ADA,HOLD,0.2075,0.000000,0.00,Portfolio position cap reached (6/6 max positions). Cash reserved until an existing position exits.,0.80,4510.42,56.54,0.2027,0.1985,0.1922,0.0042,0.0059,-6.32,0.63,none,bullish,cautious_bullish,none,0.85,0.000100,no_signal,normal,28.64,0.2153,4.01,0.9277,0.55
2026-09-03T12:05:22.648998+00:00,XRP,HOLD,1.3721,0.000000,0.00,Portfolio position cap reached (6/6 max positions). Cash reserved until an existing position exits.,0.80,4510.42,60.68,1.3576,1.2860,1.2211,0.0716,0.0808,-7.40,0.39,none,bullish,bullish,none,0.85,0.000100,no_signal,normal,42.18,1.4424,-0.06,0.9817,0.51
2026-09-03T12:05:22.648998+00:00,LINK,HOLD,11.2760,0.000000,0.00,Portfolio position cap reached (6/6 max positions). Cash reserved until an existing position exits.,0.80,4510.42,61.76,11.1739,10.5822,9.8526,0.5917,0.6955,-3.04,0.39,none,bullish,cautious_bullish,none,0.85,0.000049,no_signal,normal,57.97,11.5223,-2.65,0.9493,0.46
2026-09-03T12:05:22.648998+00:00,ETH,HOLD,2407.6000,0.000000,0.00,Portfolio position cap reached (6/6 max positions). Cash reserved until an existing position exits.,0.80,4510.42,62.29,2395.7287,2274.2081,2133.7474,121.5206,136.6111,-3.01,0.35,none,bullish,bullish,hack,0.85,0.000054,no_signal,normal,46.49,2456.0216,-1.87,0.9577,0.50
2026-09-03T12:05:22.648998+00:00,AVAX,HOLD,7.2820,0.000000,0.00,Portfolio position cap reached (6/6 max positions). Cash reserved until an existing position exits.,0.80,4510.42,56.35,7.2322,7.0685,6.9500,0.1637,0.1937,-3.47,0.52,none,bullish,cautious_bullish,none,0.85,0.000100,no_signal,normal,30.91,7.4523,1.71,0.9514,0.61
2026-09-03T12:05:22.648998+00:00,TRX,HOLD,0.3280,0.000000,0.00,Portfolio position cap reached (6/6 max positions). Cash reserved until an existing position exits.,0.80,4510.42,42.63,0.3327,0.3335,0.3329,-0.0008,0.0011,-4.90,0.30,none,bearish,cautious_bullish,none,0.85,-0.000176,no_signal,normal,23.14,0.3378,-1.37,1.0704,0.59
2026-09-03T12:05:22.648998+00:00,XLM,HOLD,0.1776,0.000000,0.00,Portfolio position cap reached (6/6 max positions). Cash reserved until an existing position exits.,0.80,4510.42,50.28,0.1786,0.1774,0.1778,0.0013,0.0022,-8.36,0.34,none,neutral,cautious_bullish,none,0.85,0.000095,no_signal,normal,25.75,0.1907,0.89,0.9178,0.58
2026-09-03T12:05:22.648998+00:00,INJ,HOLD,4.9550,0.000000,0.00,Portfolio position cap reached (6/6 max positions). Cash reserved until an existing position exits.,0.80,4510.42,50.66,4.9940,4.9328,4.9115,0.0612,0.0988,-12.98,0.33,none,neutral,cautious_bullish,none,0.85,-0.000064,no_signal,normal,25.30,5.2374,-0.28,0.9996,0.49
2026-09-03T12:05:22.648998+00:00,MATIC,HOLD,0.3794,0.000000,0.00,Portfolio position cap reached (6/6 max positions). Cash reserved until an existing position exits.,0.80,4510.42,38.00,0.3943,0.4190,0.4484,-0.0246,-0.0202,-9.58,0.06,none,bearish,cautious_bullish,none,0.85,0.000100,no_signal,normal,37.07,0.4055,0.00,1.0000,0.50
2026-09-03T12:27:58.294003+00:00,SOL,HOLD,100.7700,0.000000,0.00,Active position in profit (+0.85% from $99.9200 entry). Price $100.7700 comfortably above Chandelier stop ($95.2904); holding.,0.67,4510.42,63.97,99.1776,92.8035,86.7578,6.3741,6.5195,1.82,0.34,none,bullish,cautious_bullish,none,0.85,0.000069,no_signal,normal,48.80,99.1073,3.52,1.0089,0.48
2026-09-03T12:27:58.294003+00:00,DOT,HOLD,0.8740,0.000000,0.00,Active position in profit (+3.92% from $0.8410 entry). Price $0.8740 comfortably above Chandelier stop ($0.8318); holding.,0.69,4510.42,55.63,0.8578,0.8453,0.8490,0.0125,0.0125,-2.78,0.40,none,bullish,cautious_bullish,none,0.85,0.000100,no_signal,normal,20.22,0.8887,2.52,0.9018,0.57
2026-09-03T12:27:58.294003+00:00,LTC,HOLD,50.8400,0.000000,0.00,Active position in profit (+0.28% from $50.7000 entry). Price $50.8400 comfortably above Chandelier stop ($47.2002); holding.,0.79,4510.42,61.72,49.4269,48.4435,47.4667,0.9834,1.0477,-1.59,0.51,none,bullish,cautious_bullish,none,0.85,0.000060,no_signal,normal,28.68,50.8737,3.91,0.9734,0.46
2026-09-03T12:27:58.294003+00:00,NEAR,HOLD,1.9000,0.000000,0.00,Active position in profit (+0.42% from $1.8920 entry). Price $1.9000 comfortably above Chandelier stop ($1.7911); holding.,0.61,4510.42,55.42,1.8688,1.8269,1.8341,0.0419,0.0379,-2.81,0.44,none,bullish,cautious_bullish,none,0.85,0.000100,no_signal,normal,26.52,1.9122,-3.54,0.8923,0.49
2026-09-03T12:27:58.294003+00:00,APT,HOLD,0.6040,0.000000,0.00,Active position intact (-1.31% from $0.6120 entry). Price $0.6040 is well above Chandelier stop ($0.5324); trend structure intact.,0.89,4510.42,56.46,0.5681,0.5718,0.5888,-0.0037,-0.0060,-0.66,1.28,bullish,bullish,cautious_bullish,none,0.85,0.000100,no_signal,normal,21.64,0.5883,9.94,0.9548,0.53
2026-09-03T12:27:58.294003+00:00,ICP,HOLD,2.4920,0.000000,0.00,Active position intact (-0.95% from $2.5160 entry). Price $2.4920 is well above Chandelier stop ($2.3707); trend structure intact.,0.69,4510.42,58.74,2.4226,2.3577,2.3144,0.0650,0.0621,2.98,0.41,none,bullish,cautious_bullish,none,0.85,0.000037,no_signal,normal,24.99,2.4305,-0.21,0.9646,0.51
2026-09-03T12:27:58.294003+00:00,ARB,HOLD,0.1360,0.000000,0.00,Portfolio position cap reached (6/6 max positions). Cash reserved until an existing position exits.,0.80,4510.42,80.35,0.1050,0.0957,0.0907,0.0093,0.0051,40.21,1.51,none,bullish,cautious_bullish,none,0.85,0.000010,no_signal,normal,37.88,0.1077,8.35,0.9864,0.52
2026-09-03T12:27:58.294003+00:00,UNI,HOLD,6.2250,0.000000,0.00,Portfolio position cap reached (6/6 max positions). Cash reserved until an existing position exits.,0.80,4510.42,81.13,5.1075,4.5711,4.1705,0.5364,0.3344,43.66,1.01,bearish,bullish,cautious_bullish,none,0.85,0.000055,no_signal,normal,47.99,4.9660,3.88,0.9729,0.32
2026-09-03T12:27:58.294003+00:00,BNB,HOLD,711.2700,0.000000,0.00,Portfolio position cap reached (6/6 max positions). Cash reserved until an existing position exits.,0.80,4510.42,69.96,687.6868,663.9210,638.8820,23.7658,25.1222,0.99,0.51,none,bullish,cautious_bullish,none,0.85,0.000111,no_signal,normal,42.48,694.9670,-1.68,0.9412,0.37
2026-09-03T12:27:58.294003+00:00,HYPE,HOLD,81.9420,0.000000,0.00,Portfolio position cap reached (6/6 max positions). Cash reserved until an existing position exits.,0.80,4510.42,64.29,79.9323,74.0232,69.0371,5.9091,5.9271,3.78,0.28,none,bullish,cautious_bullish,none,0.85,0.000050,no_signal,normal,50.79,80.1689,-5.26,0.9434,0.47
2026-09-03T12:27:58.294003+00:00,BTC,HOLD,77970.0900,0.000000,0.00,Portfolio position cap reached (6/6 max positions). Cash reserved until an existing position exits.,0.80,4510.42,66.80,76903.9452,73680.0080,70557.7817,3223.9372,3417.7885,-1.29,0.32,none,bullish,bullish,hack,1.00,0.000062,no_signal,normal,44.61,78083.1203,-0.72,0.9627,0.88
2026-09-03T12:27:58.294003+00:00,SUI,HOLD,0.7642,0.000000,0.00,Portfolio position cap reached (6/6 max positions). Cash reserved until an existing position exits.,0.80,4510.42,54.75,0.7462,0.7377,0.7352,0.0085,0.0115,-4.46,0.76,none,bullish,cautious_bullish,none,0.85,0.000100,no_signal,normal,27.30,0.7843,3.35,1.0067,0.41
2026-09-03T12:27:58.294003+00:00,ADA,HOLD,0.2076,0.000000,0.00,Portfolio position cap reached (6/6 max positions). Cash reserved until an existing position exits.,0.80,4510.42,56.59,0.2028,0.1985,0.1922,0.0043,0.0059,-6.28,0.64,none,bullish,cautious_bullish,none,0.85,0.000100,no_signal,normal,28.64,0.2153,4.01,0.9277,0.55
2026-09-03T12:27:58.294003+00:00,XRP,HOLD,1.3722,0.000000,0.00,Portfolio position cap reached (6/6 max positions). Cash reserved until an existing position exits.,0.80,4510.42,60.69,1.3576,1.2860,1.2211,0.0716,0.0808,-7.39,0.39,none,bullish,bullish,none,0.85,0.000096,no_signal,normal,42.18,1.4424,-0.06,0.9817,0.49
2026-09-03T12:27:58.294003+00:00,LINK,HOLD,11.2850,0.000000,0.00,Portfolio position cap reached (6/6 max positions). Cash reserved until an existing position exits.,0.80,4510.42,61.87,11.1753,10.5829,9.8530,0.5924,0.6956,-2.96,0.39,none,bullish,cautious_bullish,none,0.85,0.000043,no_signal,normal,57.97,11.5223,-2.65,0.9493,0.51
2026-09-03T12:27:58.294003+00:00,ETH,HOLD,2408.2500,0.000000,0.00,Portfolio position cap reached (6/6 max positions). Cash reserved until an existing position exits.,0.80,4510.42,62.33,2395.8287,2274.2563,2133.7729,121.5724,136.6215,-2.98,0.36,none,bullish,bullish,hack,0.85,0.000059,no_signal,normal,46.49,2455.9864,-1.87,0.9577,0.77
2026-09-03T12:27:58.294003+00:00,AVAX,HOLD,7.2870,0.000000,0.00,Portfolio position cap reached (6/6 max positions). Cash reserved until an existing position exits.,0.80,4510.42,56.46,7.2330,7.0689,6.9502,0.1641,0.1937,-3.41,0.53,none,bullish,cautious_bullish,none,0.85,0.000100,no_signal,normal,30.91,7.4523,1.71,0.9514,0.54
2026-09-03T12:27:58.294003+00:00,TRX,HOLD,0.3278,0.000000,0.00,Portfolio position cap reached (6/6 max positions). Cash reserved until an existing position exits.,0.80,4510.42,42.34,0.3327,0.3335,0.3329,-0.0008,0.0011,-4.96,0.32,none,bearish,cautious_bullish,none,0.85,-0.000172,no_signal,normal,23.14,0.3377,-1.37,1.0704,0.59
2026-09-03T12:27:58.294003+00:00,XLM,HOLD,0.1784,0.000000,0.00,Portfolio position cap reached (6/6 max positions). Cash reserved until an existing position exits.,0.80,4510.42,50.96,0.1788,0.1774,0.1779,0.0014,0.0022,-7.95,0.35,none,neutral,cautious_bullish,none,0.85,0.000096,no_signal,normal,25.75,0.1907,0.89,0.9178,0.57
2026-09-03T12:27:58.294003+00:00,INJ,HOLD,4.9430,0.000000,0.00,Portfolio position cap reached (6/6 max positions). Cash reserved until an existing position exits.,0.80,4510.42,50.38,4.9922,4.9319,4.9111,0.0603,0.0986,-13.19,0.34,none,neutral,cautious_bullish,none,0.85,-0.000093,no_signal,normal,25.30,5.2371,-0.28,0.9996,0.51
2026-09-03T12:27:58.294003+00:00,MATIC,HOLD,0.3794,0.000000,0.00,Portfolio position cap reached (6/6 max positions). Cash reserved until an existing position exits.,0.80,4510.42,38.00,0.3943,0.4190,0.4484,-0.0246,-0.0202,-9.58,0.06,none,bearish,cautious_bullish,none,0.85,0.000100,no_signal,normal,37.07,0.4055,0.00,1.0000,0.50
2026-09-03T12:37:28.629555+00:00,SOL,HOLD,0.0000,0.000000,0.00,Data fetch error or inactive Binance spot ticker (Failed to fetch klines from Spot & Futures for SOLUSDT: 451 Client Error:  for url: https://fapi.binance.com/fapi/v1/klines?symbol=SOLUSDT&interval=1d&limit=100). Skipping trade.,0.00,4510.42,0.00,0.0000,0.0000,0.0000,0.0000,0.0000,0.00,0.00,none,neutral,no_signal,none,1.00,0.000000,no_signal,normal,0.00,0.0000,0.00,1.0000,0.50
2026-09-03T12:37:28.629555+00:00,DOT,HOLD,0.0000,0.000000,0.00,Data fetch error or inactive Binance spot ticker (Failed to fetch klines from Spot & Futures for DOTUSDT: 451 Client Error:  for url: https://fapi.binance.com/fapi/v1/klines?symbol=DOTUSDT&interval=1d&limit=100). Skipping trade.,0.00,4510.42,0.00,0.0000,0.0000,0.0000,0.0000,0.0000,0.00,0.00,none,neutral,no_signal,none,1.00,0.000000,no_signal,normal,0.00,0.0000,0.00,1.0000,0.50
2026-09-03T12:37:28.629555+00:00,LTC,HOLD,0.0000,0.000000,0.00,Data fetch error or inactive Binance spot ticker (Failed to fetch klines from Spot & Futures for LTCUSDT: 451 Client Error:  for url: https://fapi.binance.com/fapi/v1/klines?symbol=LTCUSDT&interval=1d&limit=100). Skipping trade.,0.00,4510.42,0.00,0.0000,0.0000,0.0000,0.0000,0.0000,0.00,0.00,none,neutral,no_signal,none,1.00,0.000000,no_signal,normal,0.00,0.0000,0.00,1.0000,0.50
2026-09-03T12:37:28.629555+00:00,NEAR,HOLD,0.0000,0.000000,0.00,Data fetch error or inactive Binance spot ticker (Failed to fetch klines from Spot & Futures for NEARUSDT: 451 Client Error:  for url: https://fapi.binance.com/fapi/v1/klines?symbol=NEARUSDT&interval=1d&limit=100). Skipping trade.,0.00,4510.42,0.00,0.0000,0.0000,0.0000,0.0000,0.0000,0.00,0.00,none,neutral,no_signal,none,1.00,0.000000,no_signal,normal,0.00,0.0000,0.00,1.0000,0.50
2026-09-03T12:37:28.629555+00:00,APT,HOLD,0.0000,0.000000,0.00,Data fetch error or inactive Binance spot ticker (Failed to fetch klines from Spot & Futures for APTUSDT: 451 Client Error:  for url: https://fapi.binance.com/fapi/v1/klines?symbol=APTUSDT&interval=1d&limit=100). Skipping trade.,0.00,4510.42,0.00,0.0000,0.0000,0.0000,0.0000,0.0000,0.00,0.00,none,neutral,no_signal,none,1.00,0.000000,no_signal,normal,0.00,0.0000,0.00,1.0000,0.50
2026-09-03T12:37:28.629555+00:00,ICP,HOLD,0.0000,0.000000,0.00,Data fetch error or inactive Binance spot ticker (Failed to fetch klines from Spot & Futures for ICPUSDT: 451 Client Error:  for url: https://fapi.binance.com/fapi/v1/klines?symbol=ICPUSDT&interval=1d&limit=100). Skipping trade.,0.00,4510.42,0.00,0.0000,0.0000,0.0000,0.0000,0.0000,0.00,0.00,none,neutral,no_signal,none,1.00,0.000000,no_signal,normal,0.00,0.0000,0.00,1.0000,0.50
2026-09-03T12:37:28.629555+00:00,BTC,HOLD,0.0000,0.000000,0.00,Data fetch error or inactive Binance spot ticker (Failed to fetch klines from Spot & Futures for BTCUSDT: 451 Client Error:  for url: https://fapi.binance.com/fapi/v1/klines?symbol=BTCUSDT&interval=1d&limit=100). Skipping trade.,0.00,4510.42,0.00,0.0000,0.0000,0.0000,0.0000,0.0000,0.00,0.00,none,neutral,no_signal,none,1.00,0.000000,no_signal,normal,0.00,0.0000,0.00,1.0000,0.50
2026-09-03T12:37:28.629555+00:00,ETH,HOLD,0.0000,0.000000,0.00,Data fetch error or inactive Binance spot ticker (Failed to fetch klines from Spot & Futures for ETHUSDT: 451 Client Error:  for url: https://fapi.binance.com/fapi/v1/klines?symbol=ETHUSDT&interval=1d&limit=100). Skipping trade.,0.00,4510.42,0.00,0.0000,0.0000,0.0000,0.0000,0.0000,0.00,0.00,none,neutral,no_signal,none,1.00,0.000000,no_signal,normal,0.00,0.0000,0.00,1.0000,0.50
2026-09-03T12:37:28.629555+00:00,XRP,HOLD,0.0000,0.000000,0.00,Data fetch error or inactive Binance spot ticker (Failed to fetch klines from Spot & Futures for XRPUSDT: 451 Client Error:  for url: https://fapi.binance.com/fapi/v1/klines?symbol=XRPUSDT&interval=1d&limit=100). Skipping trade.,0.00,4510.42,0.00,0.0000,0.0000,0.0000,0.0000,0.0000,0.00,0.00,none,neutral,no_signal,none,1.00,0.000000,no_signal,normal,0.00,0.0000,0.00,1.0000,0.50
2026-09-03T12:37:28.629555+00:00,ADA,HOLD,0.0000,0.000000,0.00,Data fetch error or inactive Binance spot ticker (Failed to fetch klines from Spot & Futures for ADAUSDT: 451 Client Error:  for url: https://fapi.binance.com/fapi/v1/klines?symbol=ADAUSDT&interval=1d&limit=100). Skipping trade.,0.00,4510.42,0.00,0.0000,0.0000,0.0000,0.0000,0.0000,0.00,0.00,none,neutral,no_signal,none,1.00,0.000000,no_signal,normal,0.00,0.0000,0.00,1.0000,0.50
2026-09-03T12:37:28.629555+00:00,AVAX,HOLD,0.0000,0.000000,0.00,Data fetch error or inactive Binance spot ticker (Failed to fetch klines from Spot & Futures for AVAXUSDT: 451 Client Error:  for url: https://fapi.binance.com/fapi/v1/klines?symbol=AVAXUSDT&interval=1d&limit=100). Skipping trade.,0.00,4510.42,0.00,0.0000,0.0000,0.0000,0.0000,0.0000,0.00,0.00,none,neutral,no_signal,none,1.00,0.000000,no_signal,normal,0.00,0.0000,0.00,1.0000,0.50
2026-09-03T12:37:28.629555+00:00,LINK,HOLD,0.0000,0.000000,0.00,Data fetch error or inactive Binance spot ticker (Failed to fetch klines from Spot & Futures for LINKUSDT: 451 Client Error:  for url: https://fapi.binance.com/fapi/v1/klines?symbol=LINKUSDT&interval=1d&limit=100). Skipping trade.,0.00,4510.42,0.00,0.0000,0.0000,0.0000,0.0000,0.0000,0.00,0.00,none,neutral,no_signal,none,1.00,0.000000,no_signal,normal,0.00,0.0000,0.00,1.0000,0.50
2026-09-03T12:37:28.629555+00:00,MATIC,HOLD,0.0000,0.000000,0.00,Data fetch error or inactive Binance spot ticker (Failed to fetch klines from Spot & Futures for MATICUSDT: 451 Client Error:  for url: https://fapi.binance.com/fapi/v1/klines?symbol=MATICUSDT&interval=1d&limit=100). Skipping trade.,0.00,4510.42,0.00,0.0000,0.0000,0.0000,0.0000,0.0000,0.00,0.00,none,neutral,no_signal,none,1.00,0.000000,no_signal,normal,0.00,0.0000,0.00,1.0000,0.50
2026-09-03T12:37:28.629555+00:00,UNI,HOLD,0.0000,0.000000,0.00,Data fetch error or inactive Binance spot ticker (Failed to fetch klines from Spot & Futures for UNIUSDT: 451 Client Error:  for url: https://fapi.binance.com/fapi/v1/klines?symbol=UNIUSDT&interval=1d&limit=100). Skipping trade.,0.00,4510.42,0.00,0.0000,0.0000,0.0000,0.0000,0.0000,0.00,0.00,none,neutral,no_signal,none,1.00,0.000000,no_signal,normal,0.00,0.0000,0.00,1.0000,0.50
2026-09-03T12:37:28.629555+00:00,XLM,HOLD,0.0000,0.000000,0.00,Data fetch error or inactive Binance spot ticker (Failed to fetch klines from Spot & Futures for XLMUSDT: 451 Client Error:  for url: https://fapi.binance.com/fapi/v1/klines?symbol=XLMUSDT&interval=1d&limit=100). Skipping trade.,0.00,4510.42,0.00,0.0000,0.0000,0.0000,0.0000,0.0000,0.00,0.00,none,neutral,no_signal,none,1.00,0.000000,no_signal,normal,0.00,0.0000,0.00,1.0000,0.50
2026-09-03T12:37:28.629555+00:00,SUI,HOLD,0.0000,0.000000,0.00,Data fetch error or inactive Binance spot ticker (Failed to fetch klines from Spot & Futures for SUIUSDT: 451 Client Error:  for url: https://fapi.binance.com/fapi/v1/klines?symbol=SUIUSDT&interval=1d&limit=100). Skipping trade.,0.00,4510.42,0.00,0.0000,0.0000,0.0000,0.0000,0.0000,0.00,0.00,none,neutral,no_signal,none,1.00,0.000000,no_signal,normal,0.00,0.0000,0.00,1.0000,0.50
2026-09-03T12:37:28.629555+00:00,ARB,HOLD,0.0000,0.000000,0.00,Data fetch error or inactive Binance spot ticker (Failed to fetch klines from Spot & Futures for ARBUSDT: 451 Client Error:  for url: https://fapi.binance.com/fapi/v1/klines?symbol=ARBUSDT&interval=1d&limit=100). Skipping trade.,0.00,4510.42,0.00,0.0000,0.0000,0.0000,0.0000,0.0000,0.00,0.00,none,neutral,no_signal,none,1.00,0.000000,no_signal,normal,0.00,0.0000,0.00,1.0000,0.50
2026-09-03T12:37:28.629555+00:00,INJ,HOLD,0.0000,0.000000,0.00,Data fetch error or inactive Binance spot ticker (Failed to fetch klines from Spot & Futures for INJUSDT: 451 Client Error:  for url: https://fapi.binance.com/fapi/v1/klines?symbol=INJUSDT&interval=1d&limit=100). Skipping trade.,0.00,4510.42,0.00,0.0000,0.0000,0.0000,0.0000,0.0000,0.00,0.00,none,neutral,no_signal,none,1.00,0.000000,no_signal,normal,0.00,0.0000,0.00,1.0000,0.50
2026-09-03T12:37:28.629555+00:00,BNB,HOLD,0.0000,0.000000,0.00,Data fetch error or inactive Binance spot ticker (Failed to fetch klines from Spot & Futures for BNBUSDT: 451 Client Error:  for url: https://fapi.binance.com/fapi/v1/klines?symbol=BNBUSDT&interval=1d&limit=100). Skipping trade.,0.00,4510.42,0.00,0.0000,0.0000,0.0000,0.0000,0.0000,0.00,0.00,none,neutral,no_signal,none,1.00,0.000000,no_signal,normal,0.00,0.0000,0.00,1.0000,0.50
2026-09-03T12:37:28.629555+00:00,TRX,HOLD,0.0000,0.000000,0.00,Data fetch error or inactive Binance spot ticker (Failed to fetch klines from Spot & Futures for TRXUSDT: 451 Client Error:  for url: https://fapi.binance.com/fapi/v1/klines?symbol=TRXUSDT&interval=1d&limit=100). Skipping trade.,0.00,4510.42,0.00,0.0000,0.0000,0.0000,0.0000,0.0000,0.00,0.00,none,neutral,no_signal,none,1.00,0.000000,no_signal,normal,0.00,0.0000,0.00,1.0000,0.50
2026-09-03T12:37:28.629555+00:00,HYPE,HOLD,0.0000,0.000000,0.00,Data fetch error or inactive Binance spot ticker (Failed to fetch klines from Spot & Futures for HYPEUSDT: 451 Client Error:  for url: https://fapi.binance.com/fapi/v1/klines?symbol=HYPEUSDT&interval=1d&limit=100). Skipping trade.,0.00,4510.42,0.00,0.0000,0.0000,0.0000,0.0000,0.0000,0.00,0.00,none,neutral,no_signal,none,1.00,0.000000,no_signal,normal,0.00,0.0000,0.00,1.0000,0.50
2026-09-03T12:41:56.465322+00:00,SOL,HOLD,101.0300,0.000000,0.00,Active position in profit (+1.11% from $99.9200 entry). Price $101.0300 comfortably above Chandelier stop ($95.2904); holding.,0.67,4510.42,64.26,99.2176,92.8228,86.7680,6.3948,6.5237,2.08,0.36,none,bullish,cautious_bullish,none,0.85,0.000075,no_signal,normal,48.82,99.1112,3.52,1.0089,0.41
2026-09-03T12:41:56.465322+00:00,DOT,HOLD,0.8770,0.000000,0.00,Active position in profit (+4.28% from $0.8410 entry). Price $0.8770 comfortably above Chandelier stop ($0.8318); holding.,0.69,4510.42,56.10,0.8583,0.8455,0.8491,0.0127,0.0125,-2.45,0.41,none,bullish,cautious_bullish,none,0.85,0.000100,no_signal,normal,20.22,0.8887,2.52,0.9018,0.46
2026-09-03T12:41:56.465322+00:00,LTC,HOLD,50.9000,0.000000,0.00,Active position in profit (+0.39% from $50.7000 entry). Price $50.9000 comfortably above Chandelier stop ($47.2002); holding.,0.79,4510.42,61.93,49.4361,48.4479,47.4691,0.9882,1.0486,-1.47,0.52,none,bullish,cautious_bullish,none,0.85,0.000064,no_signal,normal,28.69,50.8744,3.91,0.9734,0.48
2026-09-03T12:41:56.465322+00:00,NEAR,HOLD,1.9080,0.000000,0.00,Active position in profit (+0.85% from $1.8920 entry). Price $1.9080 comfortably above Chandelier stop ($1.7911); holding.,0.61,4510.42,55.90,1.8700,1.8275,1.8344,0.0426,0.0381,-2.40,0.45,none,bullish,cautious_bullish,none,0.85,0.000100,no_signal,normal,26.53,1.9123,-3.54,0.8923,0.47
2026-09-03T12:41:56.465322+00:00,APT,HOLD,0.6050,0.000000,0.00,Active position intact (-1.14% from $0.6120 entry). Price $0.6050 is well above Chandelier stop ($0.5324); trend structure intact.,0.89,4510.42,56.63,0.5682,0.5719,0.5888,-0.0037,-0.0060,-0.49,1.29,bullish,bullish,cautious_bullish,none,0.85,0.000100,no_signal,normal,21.64,0.5883,9.94,0.9548,0.53
2026-09-03T12:41:56.465322+00:00,ICP,HOLD,2.5060,0.000000,0.00,Active position intact (-0.40% from $2.5160 entry). Price $2.5060 is well above Chandelier stop ($2.3707); trend structure intact.,0.69,4510.42,59.41,2.4248,2.3587,2.3150,0.0661,0.0623,3.55,0.42,none,bullish,cautious_bullish,none,0.85,0.000040,no_signal,normal,24.99,2.4307,-0.21,0.9646,0.48
2026-09-03T12:41:56.465322+00:00,ARB,HOLD,0.1348,0.000000,0.00,Portfolio position cap reached (6/6 max positions). Cash reserved until an existing position exits.,0.80,4510.42,80.02,0.1048,0.0956,0.0906,0.0092,0.0051,38.97,1.53,none,bullish,cautious_bullish,none,0.85,0.000002,no_signal,normal,37.88,0.1077,8.35,0.9864,0.48
2026-09-03T12:41:56.465322+00:00,UNI,HOLD,6.1790,0.000000,0.00,Portfolio position cap reached (6/6 max positions). Cash reserved until an existing position exits.,0.80,4510.42,80.83,5.1004,4.5677,4.1687,0.5327,0.3337,42.60,1.04,bearish,bullish,cautious_bullish,none,0.85,0.000048,no_signal,normal,47.99,4.9670,3.88,0.9729,0.52
2026-09-03T12:41:56.465322+00:00,BNB,HOLD,713.4700,0.000000,0.00,Portfolio position cap reached (6/6 max positions). Cash reserved until an existing position exits.,0.80,4510.42,70.45,688.0253,664.0839,638.9683,23.9413,25.1573,1.30,0.53,none,bullish,cautious_bullish,none,0.85,0.000115,no_signal,normal,42.48,695.0068,-1.68,0.9412,0.51
2026-09-03T12:41:56.465322+00:00,HYPE,HOLD,82.4210,0.000000,0.00,Portfolio position cap reached (6/6 max positions). Cash reserved until an existing position exits.,0.80,4510.42,64.83,80.0060,74.0587,69.0559,5.9473,5.9347,4.39,0.29,none,bullish,cautious_bullish,none,0.85,0.000050,no_signal,normal,50.79,80.1738,-5.26,0.9434,0.39
2026-09-03T12:41:56.465322+00:00,BTC,HOLD,78292.8500,0.000000,0.00,Portfolio position cap reached (6/6 max positions). Cash reserved until an existing position exits.,0.80,4510.42,67.53,76953.6006,73703.9162,70570.4390,3249.6844,3422.9379,-0.89,0.34,none,bullish,bullish,hack,1.00,0.000065,no_signal,normal,44.68,78087.2754,-0.72,0.9627,0.13
2026-09-03T12:41:56.465322+00:00,SUI,HOLD,0.7669,0.000000,0.00,Portfolio position cap reached (6/6 max positions). Cash reserved until an existing position exits.,0.80,4510.42,55.14,0.7466,0.7379,0.7353,0.0087,0.0115,-4.13,0.77,none,bullish,cautious_bullish,none,0.85,0.000100,no_signal,normal,27.30,0.7843,3.35,1.0067,0.41
2026-09-03T12:41:56.465322+00:00,XRP,HOLD,1.3757,0.000000,0.00,Portfolio position cap reached (6/6 max positions). Cash reserved until an existing position exits.,0.80,4510.42,60.99,1.3582,1.2863,1.2213,0.0719,0.0809,-7.15,0.41,none,bullish,bullish,none,0.85,0.000093,no_signal,normal,42.22,1.4424,-0.06,0.9817,0.48
2026-09-03T12:41:56.465322+00:00,ADA,HOLD,0.2080,0.000000,0.00,Portfolio position cap reached (6/6 max positions). Cash reserved until an existing position exits.,0.80,4510.42,56.82,0.2028,0.1985,0.1923,0.0043,0.0059,-6.09,0.65,none,bullish,cautious_bullish,none,0.85,0.000100,no_signal,normal,28.64,0.2153,4.01,0.9277,0.52
2026-09-03T12:41:56.465322+00:00,LINK,HOLD,11.3470,0.000000,0.00,Portfolio position cap reached (6/6 max positions). Cash reserved until an existing position exits.,0.80,4510.42,62.55,11.1849,10.5875,9.8554,0.5973,0.6966,-2.42,0.41,none,bullish,cautious_bullish,none,0.85,0.000044,no_signal,normal,58.05,11.5230,-2.65,0.9493,0.45
2026-09-03T12:41:56.465322+00:00,ETH,HOLD,2412.4200,0.000000,0.00,Portfolio position cap reached (6/6 max positions). Cash reserved until an existing position exits.,0.80,4510.42,62.58,2396.4703,2274.5652,2133.9364,121.9051,136.6880,-2.82,0.38,none,bullish,bullish,hack,0.85,0.000064,no_signal,normal,46.49,2455.9759,-1.87,0.9577,0.58
2026-09-03T12:41:56.465322+00:00,AVAX,HOLD,7.2910,0.000000,0.00,Portfolio position cap reached (6/6 max positions). Cash reserved until an existing position exits.,0.80,4510.42,56.55,7.2336,7.0692,6.9504,0.1644,0.1938,-3.35,0.55,none,bullish,cautious_bullish,none,0.85,0.000100,no_signal,normal,30.91,7.4520,1.71,0.9514,0.52
2026-09-03T12:41:56.465322+00:00,TRX,HOLD,0.3278,0.000000,0.00,Portfolio position cap reached (6/6 max positions). Cash reserved until an existing position exits.,0.80,4510.42,42.34,0.3327,0.3335,0.3329,-0.0008,0.0011,-4.96,0.33,none,bearish,cautious_bullish,none,0.85,-0.000178,no_signal,normal,23.14,0.3377,-1.37,1.0704,0.58
2026-09-03T12:41:56.465322+00:00,XLM,HOLD,0.1785,0.000000,0.00,Portfolio position cap reached (6/6 max positions). Cash reserved until an existing position exits.,0.80,4510.42,51.05,0.1788,0.1774,0.1779,0.0014,0.0022,-7.89,0.36,none,neutral,cautious_bullish,none,0.85,0.000100,no_signal,normal,25.76,0.1907,0.89,0.9178,0.54
2026-09-03T12:41:56.465322+00:00,INJ,HOLD,4.9600,0.000000,0.00,Portfolio position cap reached (6/6 max positions). Cash reserved until an existing position exits.,0.80,4510.42,50.78,4.9948,4.9332,4.9117,0.0616,0.0989,-12.89,0.35,none,neutral,cautious_bullish,none,0.85,-0.000108,no_signal,normal,25.30,5.2371,-0.28,0.9996,0.45
2026-09-03T12:41:56.465322+00:00,MATIC,HOLD,0.3794,0.000000,0.00,Portfolio position cap reached (6/6 max positions). Cash reserved until an existing position exits.,0.80,4510.42,38.00,0.3943,0.4190,0.4484,-0.0246,-0.0202,-9.58,0.06,none,bearish,cautious_bullish,none,0.85,0.000100,no_signal,normal,37.07,0.4055,0.00,1.0000,0.50
2026-09-03T12:43:44.590432+00:00,SOL,HOLD,100.9900,0.000000,0.00,Active position in profit (+1.07% from $99.9200 entry). Price $100.9900 comfortably above Chandelier stop ($95.2904); holding.,0.67,4510.42,64.23,99.2156,92.8227,86.7684,6.3929,6.5240,2.04,0.37,none,bullish,cautious_bullish,none,0.85,0.000100,no_signal,normal,48.88,99.1727,0.00,1.0000,0.54
2026-09-03T12:43:44.590432+00:00,DOT,HOLD,0.8770,0.000000,0.00,Active position in profit (+4.28% from $0.8410 entry). Price $0.8770 comfortably above Chandelier stop ($0.8318); holding.,0.69,4510.42,56.09,0.8583,0.8455,0.8491,0.0128,0.0126,-2.53,0.42,none,bullish,cautious_bullish,none,0.85,0.000100,no_signal,normal,20.21,0.8887,0.00,1.0000,0.49
2026-09-03T12:43:44.590432+00:00,LTC,HOLD,50.9000,0.000000,0.00,Active position in profit (+0.39% from $50.7000 entry). Price $50.9000 comfortably above Chandelier stop ($47.2308); holding.,0.79,4510.42,61.95,49.4389,48.4500,47.4705,0.9889,1.0490,-1.51,0.53,none,bullish,cautious_bullish,none,0.85,0.000100,no_signal,normal,28.59,50.8440,0.00,1.0000,0.49
2026-09-03T12:43:44.590432+00:00,NEAR,HOLD,1.9059,0.000000,0.00,Active position in profit (+0.73% from $1.8920 entry). Price $1.9059 comfortably above Chandelier stop ($1.7911); holding.,0.61,4510.42,55.78,1.8701,1.8277,1.8346,0.0424,0.0382,-2.50,0.68,none,bullish,cautious_bullish,none,0.85,0.000100,no_signal,normal,26.90,1.9132,0.00,1.0000,0.43
2026-09-03T12:43:44.590432+00:00,APT,HOLD,0.6051,0.000000,0.00,Active position intact (-1.13% from $0.6120 entry). Price $0.6051 is well above Chandelier stop ($0.5338); trend structure intact.,0.79,4510.42,56.57,0.5683,0.5720,0.5889,-0.0037,-0.0060,-0.44,0.81,none,bullish,cautious_bullish,none,0.85,0.000100,no_signal,normal,22.00,0.5890,0.00,1.0000,0.54
2026-09-03T12:43:44.590432+00:00,ICP,HOLD,2.5050,0.000000,0.00,Active position intact (-0.44% from $2.5160 entry). Price $2.5050 is well above Chandelier stop ($2.3707); trend structure intact.,0.81,4510.42,59.56,2.4255,2.3591,2.3151,0.0664,0.0625,3.51,0.35,none,bullish,cautious_bullish,none,0.85,0.000100,no_signal,normal,25.15,2.4303,0.00,1.0000,0.63
2026-09-03T12:43:44.590432+00:00,ARB,HOLD,0.1350,0.000000,0.00,Portfolio position cap reached (6/6 max positions). Cash reserved until an existing position exits.,0.80,4510.42,80.24,0.1048,0.0956,0.0906,0.0092,0.0051,39.25,1.75,none,bullish,cautious_bullish,none,0.85,0.000100,no_signal,normal,37.79,0.1075,0.00,1.0000,0.42
2026-09-03T12:43:44.590432+00:00,UNI,HOLD,6.1950,0.000000,0.00,Portfolio position cap reached (6/6 max positions). Cash reserved until an existing position exits.,0.80,4510.42,80.82,5.1036,4.5693,4.1696,0.5343,0.3342,43.10,0.93,bearish,bullish,cautious_bullish,none,0.85,0.000100,no_signal,normal,47.94,4.9395,0.00,1.0000,0.44
2026-09-03T12:43:44.590432+00:00,BNB,HOLD,712.5200,0.000000,0.00,Portfolio position cap reached (6/6 max positions). Cash reserved until an existing position exits.,0.80,4510.42,70.21,687.8712,664.0217,638.9432,23.8495,25.1358,1.15,0.54,none,bullish,cautious_bullish,none,0.85,0.000100,no_signal,normal,42.61,694.9180,0.00,1.0000,0.15
2026-09-03T12:43:44.590432+00:00,HYPE,HOLD,82.3800,0.000000,0.00,Portfolio position cap reached (6/6 max positions). Cash reserved until an existing position exits.,0.80,4510.42,64.86,80.0415,74.0853,69.0810,5.9562,5.9443,4.34,0.20,none,bullish,cautious_bullish,none,0.85,0.000100,no_signal,normal,51.09,80.3461,0.00,1.0000,0.11
2026-09-03T12:43:44.590432+00:00,BTC,HOLD,78262.9200,0.000000,0.00,Portfolio position cap reached (6/6 max positions). Cash reserved until an existing position exits.,0.80,4510.42,67.51,76945.7109,73698.7336,70567.2494,3246.9773,3421.5628,-0.92,0.38,none,bullish,bullish,hack,1.00,0.000100,no_signal,normal,44.24,78116.9000,0.00,1.0000,0.57
2026-09-03T12:43:44.590432+00:00,SUI,HOLD,0.7665,0.000000,0.00,Portfolio position cap reached (6/6 max positions). Cash reserved until an existing position exits.,0.80,4510.42,55.08,0.7465,0.7379,0.7352,0.0087,0.0115,-4.08,0.78,none,bullish,cautious_bullish,none,0.85,0.000100,no_signal,normal,27.75,0.7827,0.00,1.0000,0.52
2026-09-03T12:43:44.590432+00:00,XRP,HOLD,1.3753,0.000000,0.00,Portfolio position cap reached (6/6 max positions). Cash reserved until an existing position exits.,0.80,4510.42,60.93,1.3581,1.2862,1.2212,0.0719,0.0809,-7.18,0.39,none,bullish,bullish,none,0.85,0.000100,no_signal,normal,42.26,1.4410,0.00,1.0000,0.53
2026-09-03T12:43:44.590432+00:00,ADA,HOLD,0.2078,0.000000,0.00,Portfolio position cap reached (6/6 max positions). Cash reserved until an existing position exits.,0.80,4510.42,56.67,0.2028,0.1985,0.1922,0.0043,0.0059,-6.14,0.67,none,bullish,cautious_bullish,none,0.85,0.000100,no_signal,normal,28.66,0.2148,0.00,1.0000,0.48
2026-09-03T12:43:44.590432+00:00,LINK,HOLD,11.3360,0.000000,0.00,Portfolio position cap reached (6/6 max positions). Cash reserved until an existing position exits.,0.80,4510.42,62.56,11.1847,10.5878,9.8557,0.5969,0.6967,-2.41,0.69,none,bullish,cautious_bullish,none,0.85,0.000100,no_signal,normal,62.88,11.4877,0.00,1.0000,0.59
2026-09-03T12:43:44.590432+00:00,ETH,HOLD,2412.3600,0.000000,0.00,Portfolio position cap reached (6/6 max positions). Cash reserved until an existing position exits.,0.80,4510.42,62.62,2396.5334,2274.6095,2133.9802,121.9239,136.6988,-2.82,0.41,none,bullish,bullish,hack,0.85,0.000100,no_signal,normal,46.80,2455.9373,0.00,1.0000,0.58
2026-09-03T12:43:44.590432+00:00,AVAX,HOLD,7.2930,0.000000,0.00,Portfolio position cap reached (6/6 max positions). Cash reserved until an existing position exits.,0.80,4510.42,56.64,7.2347,7.0700,6.9509,0.1647,0.1940,-3.37,0.31,none,bullish,cautious_bullish,none,0.85,0.000100,no_signal,normal,31.25,7.4766,0.00,1.0000,0.67
2026-09-03T12:43:44.590432+00:00,TRX,HOLD,0.3278,0.000000,0.00,Portfolio position cap reached (6/6 max positions). Cash reserved until an existing position exits.,0.80,4510.42,42.31,0.3327,0.3335,0.3329,-0.0008,0.0011,-4.99,0.33,none,bearish,cautious_bullish,none,0.85,0.000100,no_signal,normal,24.70,0.3377,0.00,1.0000,0.51
2026-09-03T12:43:44.590432+00:00,XLM,HOLD,0.1784,0.000000,0.00,Portfolio position cap reached (6/6 max positions). Cash reserved until an existing position exits.,0.80,4510.42,50.98,0.1788,0.1774,0.1779,0.0014,0.0022,-7.90,0.26,none,neutral,cautious_bullish,none,0.85,0.000100,no_signal,normal,26.44,0.1911,0.00,1.0000,0.53
2026-09-03T12:43:44.590432+00:00,INJ,HOLD,4.9600,0.000000,0.00,Portfolio position cap reached (6/6 max positions). Cash reserved until an existing position exits.,0.80,4510.42,50.78,4.9949,4.9333,4.9119,0.0615,0.0991,-12.92,0.43,none,neutral,cautious_bullish,none,0.85,0.000100,no_signal,normal,25.13,5.2325,0.00,1.0000,0.65
2026-09-03T12:43:44.590432+00:00,MATIC,HOLD,0.0000,0.000000,0.00,"Data fetch error or inactive Binance spot ticker (All global exchange sources (Binance, MEXC, Bybit) failed for MATICUSDT). Skipping trade.",0.00,4510.42,0.00,0.0000,0.0000,0.0000,0.0000,0.0000,0.00,0.00,none,neutral,no_signal,none,1.00,0.000000,no_signal,normal,0.00,0.0000,0.00,1.0000,0.50
2026-09-03T17:01:08.005082+00:00,SOL,HOLD,104.5700,0.000000,0.00,Active position in profit (+4.65% from $99.9200 entry). Price $104.5700 comfortably above Chandelier stop ($95.2904); holding.,0.79,4510.42,67.78,99.7622,93.0850,86.9068,6.6772,6.5801,5.66,0.70,none,bullish,cautious_bullish,none,0.85,0.000079,no_signal,normal,49.32,99.2535,3.52,1.0089,0.52
2026-09-03T17:01:08.005082+00:00,DOT,HOLD,0.8900,0.000000,0.00,Active position in profit (+5.83% from $0.8410 entry). Price $0.8900 comfortably above Chandelier stop ($0.8318); holding.,0.69,4510.42,58.03,0.8603,0.8465,0.8497,0.0138,0.0127,-1.00,0.76,none,bullish,cautious_bullish,none,0.85,0.000100,no_signal,normal,20.24,0.8887,2.52,0.9018,0.40
2026-09-03T17:01:08.005082+00:00,LTC,HOLD,51.2800,0.000000,0.00,Active position in profit (+1.14% from $50.7000 entry). Price $51.2800 comfortably above Chandelier stop ($47.4374); holding.,0.81,4510.42,63.16,49.4945,48.4761,47.4840,1.0185,1.0547,-0.74,0.74,none,bullish,cautious_bullish,none,0.85,0.000100,no_signal,normal,28.83,50.8794,3.91,0.9734,0.67
2026-09-03T17:01:08.005082+00:00,NEAR,HOLD,1.9830,0.000000,0.00,Active position in profit (+4.81% from $1.8920 entry). Price $1.9830 comfortably above Chandelier stop ($1.7911); holding.,0.61,4510.42,59.91,1.8816,1.8330,1.8373,0.0486,0.0393,1.43,0.78,none,bullish,cautious_bullish,none,0.85,0.000100,no_signal,normal,27.02,1.9142,-3.54,0.8923,0.44
2026-09-03T17:01:08.005082+00:00,APT,HOLD,0.6000,0.000000,0.00,Active position intact (-1.96% from $0.6120 entry). Price $0.6000 is well above Chandelier stop ($0.5324); trend structure intact.,0.77,4510.42,55.79,0.5675,0.5715,0.5886,-0.0041,-0.0061,-1.32,1.52,bullish,bullish,cautious_bullish,none,0.85,0.000100,no_signal,normal,21.64,0.5884,9.94,0.9548,0.50
2026-09-03T17:01:08.005082+00:00,ICP,HOLD,2.5320,0.000000,0.00,Active position in profit (+0.64% from $2.5160 entry). Price $2.5320 comfortably above Chandelier stop ($2.3707); holding.,0.71,4510.42,60.59,2.4288,2.3606,2.3160,0.0682,0.0627,4.63,0.71,none,bullish,cautious_bullish,none,0.85,0.000012,no_signal,normal,24.99,2.4325,-0.21,0.9646,0.72
2026-09-03T17:01:08.005082+00:00,ARB,HOLD,0.1317,0.000000,0.00,Portfolio position cap reached (6/6 max positions). Cash reserved until an existing position exits.,0.80,4510.42,79.10,0.1043,0.0954,0.0905,0.0090,0.0050,35.77,2.09,none,bullish,cautious_bullish,none,0.85,0.000100,no_signal,normal,37.88,0.1085,8.35,0.9864,0.57
2026-09-03T17:01:08.005082+00:00,UNI,HOLD,6.1310,0.000000,0.00,Portfolio position cap reached (6/6 max positions). Cash reserved until an existing position exits.,0.80,4510.42,80.50,5.0930,4.5641,4.1668,0.5289,0.3329,41.50,1.43,bearish,bullish,cautious_bullish,none,0.85,0.000073,no_signal,normal,47.99,4.9941,3.88,0.9729,0.65
2026-09-03T17:01:08.005082+00:00,ADA,HOLD,0.2220,0.000000,0.00,Portfolio position cap reached (6/6 max positions). Cash reserved until an existing position exits.,0.80,4510.42,63.42,0.2050,0.1996,0.1928,0.0054,0.0061,0.23,1.19,none,bullish,cautious_bullish,none,0.85,0.000100,no_signal,normal,29.45,0.2156,4.01,0.9277,0.42
2026-09-03T17:01:08.005082+00:00,XRP,HOLD,1.4548,0.000000,0.00,Portfolio position cap reached (6/6 max positions). Cash reserved until an existing position exits.,0.80,4510.42,66.72,1.3703,1.2921,1.2244,0.0782,0.0821,-1.82,0.88,none,bullish,bullish,none,0.85,0.000073,no_signal,normal,42.96,1.4431,-0.06,0.9817,0.52
2026-09-03T17:01:08.005082+00:00,BNB,HOLD,722.1600,0.000000,0.00,Portfolio position cap reached (6/6 max positions). Cash reserved until an existing position exits.,0.80,4510.42,72.25,689.3622,664.7276,639.3091,24.6345,25.2959,2.53,0.90,none,bullish,cautious_bullish,none,0.85,0.000124,no_signal,normal,42.78,695.6976,-1.68,0.9412,0.33
2026-09-03T17:01:08.005082+00:00,HYPE,HOLD,83.8960,0.000000,0.00,Portfolio position cap reached (6/6 max positions). Cash reserved until an existing position exits.,0.80,4510.42,66.40,80.2329,74.1679,69.1137,6.0650,5.9583,6.25,0.63,none,bullish,cautious_bullish,none,0.85,0.000050,no_signal,normal,50.95,80.2675,-5.26,0.9434,0.64
2026-09-03T17:01:08.005082+00:00,BTC,HOLD,80920.2900,0.000000,0.00,Portfolio position cap reached (6/6 max positions). Cash reserved until an existing position exits.,0.80,4510.42,72.46,77357.8221,73898.5414,70673.4758,3459.2808,3464.8572,2.44,0.80,none,bullish,bullish,hack,1.00,0.000100,no_signal,normal,45.34,78183.8741,-0.72,0.9627,0.50
2026-09-03T17:01:08.005082+00:00,SUI,HOLD,0.7893,0.000000,0.00,Portfolio position cap reached (6/6 max positions). Cash reserved until an existing position exits.,0.80,4510.42,58.18,0.7500,0.7396,0.7361,0.0105,0.0119,-1.33,1.12,none,bullish,cautious_bullish,none,0.85,0.000100,no_signal,normal,27.50,0.7845,3.35,1.0067,0.52
2026-09-03T17:01:08.005082+00:00,LINK,HOLD,11.7140,0.000000,0.00,Portfolio position cap reached (6/6 max positions). Cash reserved until an existing position exits.,0.80,4510.42,66.17,11.2413,10.6147,9.8698,0.6266,0.7025,0.73,0.71,none,bullish,cautious_bullish,none,0.85,0.000100,no_signal,normal,58.59,11.5308,-2.65,0.9493,0.54
2026-09-03T17:01:08.005082+00:00,ETH,HOLD,2492.6300,0.000000,0.00,Portfolio position cap reached (6/6 max positions). Cash reserved until an existing position exits.,0.80,4510.42,66.85,2408.8103,2280.5067,2137.0819,128.3036,137.9678,0.42,0.79,none,bullish,bullish,hack,0.85,0.000100,no_signal,normal,47.08,2457.6115,-1.87,0.9577,0.47
2026-09-03T17:01:08.005082+00:00,XLM,HOLD,0.1872,0.000000,0.00,Portfolio position cap reached (6/6 max positions). Cash reserved until an existing position exits.,0.80,4510.42,57.42,0.1801,0.1781,0.1782,0.0021,0.0023,-3.41,0.67,none,neutral,cautious_bullish,none,0.85,0.000100,no_signal,normal,26.61,0.1907,0.89,0.9178,0.46
2026-09-03T17:01:08.005082+00:00,AVAX,HOLD,7.5080,0.000000,0.00,Portfolio position cap reached (6/6 max positions). Cash reserved until an existing position exits.,0.80,4510.42,61.00,7.2670,7.0852,6.9589,0.1818,0.1973,-0.48,0.92,none,bullish,cautious_bullish,none,0.85,0.000100,no_signal,normal,31.42,7.4558,1.71,0.9514,0.47
2026-09-03T17:01:08.005082+00:00,TRX,HOLD,0.3319,0.000000,0.00,Portfolio position cap reached (6/6 max positions). Cash reserved until an existing position exits.,0.80,4510.42,47.73,0.3333,0.3338,0.3330,-0.0005,0.0012,-3.77,0.63,none,bearish,cautious_bullish,none,0.85,-0.000094,no_signal,normal,22.37,0.3376,-1.37,1.0704,0.54
2026-09-03T17:01:08.005082+00:00,INJ,HOLD,5.0460,0.000000,0.00,Portfolio position cap reached (6/6 max positions). Cash reserved until an existing position exits.,0.80,4510.42,52.75,5.0080,4.9395,4.9151,0.0685,0.1003,-11.38,0.60,none,bullish,cautious_bullish,none,0.85,-0.000109,no_signal,normal,25.63,5.2339,-0.28,0.9996,0.39
2026-09-03T17:01:08.005082+00:00,MATIC,HOLD,0.3794,0.000000,0.00,Portfolio position cap reached (6/6 max positions). Cash reserved until an existing position exits.,0.80,4510.42,38.00,0.3943,0.4190,0.4484,-0.0246,-0.0202,-9.58,0.06,none,bearish,cautious_bullish,none,0.85,0.000100,no_signal,normal,37.07,0.4055,0.00,1.0000,0.50
2026-09-03T17:12:44.754709+00:00,SOL,HOLD,104.6000,0.000000,0.00,Active position in profit (+4.68% from $99.9200 entry) [🔒 PROFIT-LOCK ACTIVE: Stop at $102.7280 locks +2.81% profit]. Price $104.6000 comfortably above trailing stop ($102.7280); holding full amount.,0.79,4510.42,67.81,99.7668,93.0872,86.9080,6.6796,6.5806,5.69,0.71,none,bullish,cautious_bullish,none,0.85,0.000081,no_signal,normal,49.32,99.2560,3.52,1.0089,0.39
2026-09-03T17:12:44.754709+00:00,DOT,HOLD,0.8890,0.000000,0.00,Active position in profit (+5.71% from $0.8410 entry) [🔒 PROFIT-LOCK ACTIVE: Stop at $0.8704 locks +3.50% profit]. Price $0.8890 comfortably above trailing stop ($0.8704); holding full amount.,0.69,4510.42,57.89,0.8601,0.8464,0.8496,0.0137,0.0127,-1.11,0.76,none,bullish,cautious_bullish,none,0.85,0.000100,no_signal,normal,20.24,0.8887,2.52,0.9018,0.40
2026-09-03T17:12:44.754709+00:00,LTC,HOLD,51.3700,0.000000,0.00,Active position in profit (+1.32% from $50.7000 entry). Price $51.3700 comfortably above trailing stop ($47.5188); holding full amount.,0.81,4510.42,63.44,49.5084,48.4827,47.4875,1.0257,1.0561,-0.56,0.75,none,bullish,cautious_bullish,none,0.85,0.000100,no_signal,normal,28.86,50.8817,3.91,0.9734,0.71
2026-09-03T17:12:44.754709+00:00,NEAR,HOLD,1.9970,0.000000,0.00,Active position in profit (+5.55% from $1.8920 entry) [🔒 PROFIT-LOCK ACTIVE: Stop at $1.9550 locks +3.33% profit]. Price $1.9970 comfortably above trailing stop ($1.9550); holding full amount.,0.81,4510.42,60.58,1.8837,1.8340,1.8379,0.0497,0.0395,2.15,0.79,none,bullish,cautious_bullish,none,0.85,0.000100,no_signal,normal,27.06,1.9146,-3.54,0.8923,0.46
2026-09-03T17:12:44.754709+00:00,APT,HOLD,0.6030,0.000000,0.00,Active position intact (-1.47% from $0.6120 entry). Price $0.6030 is well above trailing stop ($0.5324); trend structure intact.,0.87,4510.42,56.30,0.5679,0.5717,0.5887,-0.0038,-0.0060,-0.82,1.52,bullish,bullish,cautious_bullish,none,0.85,0.000100,no_signal,normal,21.64,0.5885,9.94,0.9548,0.54
2026-09-03T17:12:44.754709+00:00,ICP,HOLD,2.5350,0.000000,0.00,Active position in profit (+0.76% from $2.5160 entry). Price $2.5350 comfortably above trailing stop ($2.3707); holding full amount.,0.71,4510.42,60.73,2.4293,2.3609,2.3161,0.0684,0.0627,4.75,0.72,none,bullish,cautious_bullish,none,0.85,0.000002,no_signal,normal,24.99,2.4326,-0.21,0.9646,0.64
2026-09-03T17:12:44.754709+00:00,UNI,HOLD,6.1880,0.000000,0.00,Daily RSI is overbought (80.89 > 68 cutoff threshold). Standing aside to catch a healthier pullback.,0.85,4510.42,80.89,5.1018,4.5684,4.1690,0.5335,0.3339,42.81,1.44,bearish,bullish,cautious_bullish,none,0.85,0.000079,no_signal,normal,47.99,4.9961,3.88,0.9729,0.57
2026-09-03T17:12:44.754709+00:00,ARB,HOLD,0.1320,0.000000,0.00,Daily RSI is overbought (79.20 > 68 cutoff threshold). Standing aside to catch a healthier pullback.,0.85,4510.42,79.20,0.1044,0.0954,0.0905,0.0090,0.0050,36.08,2.10,none,bullish,cautious_bullish,none,0.85,0.000100,no_signal,normal,37.88,0.1085,8.35,0.9864,0.53
2026-09-03T17:12:44.754709+00:00,ADA,HOLD,0.2217,0.000000,0.00,Order book depth skewed to asks (imbalance ratio 0.4271 < 0.48). Lacks sufficient bid support.,0.75,4510.42,63.30,0.2049,0.1996,0.1928,0.0054,0.0061,0.09,1.20,none,bullish,cautious_bullish,none,0.85,0.000100,no_signal,normal,29.45,0.2156,4.01,0.9277,0.43
2026-09-03T17:12:44.754709+00:00,XRP,HOLD,1.4549,0.000000,0.00,Daily RSI is overbought (66.73 > 65 cutoff threshold). Standing aside to catch a healthier pullback.,0.85,4510.42,66.73,1.3704,1.2921,1.2244,0.0782,0.0821,-1.81,0.88,none,bullish,bullish,none,0.85,0.000081,no_signal,normal,42.96,1.4431,-0.06,0.9817,0.51
2026-09-03T17:12:44.754709+00:00,HYPE,HOLD,84.2490,0.000000,0.00,Daily RSI is overbought (66.75 > 65 cutoff threshold). Standing aside to catch a healthier pullback.,0.85,4510.42,66.75,80.2872,74.1941,69.1276,6.0932,5.9639,6.70,0.63,bearish,bullish,cautious_bullish,none,0.85,0.000050,no_signal,normal,50.95,80.2740,-5.26,0.9434,0.39
2026-09-03T17:12:44.754709+00:00,BTC,HOLD,81040.7000,0.000000,0.00,Daily RSI is overbought (72.65 > 65 cutoff threshold). Standing aside to catch a healthier pullback.,0.85,4510.42,72.65,77376.3467,73907.4606,70678.1978,3468.8861,3466.7782,2.59,0.81,none,bullish,bullish,hack,1.00,0.000100,no_signal,normal,45.34,78187.2631,-0.72,0.9627,0.26
2026-09-03T17:12:44.754709+00:00,BNB,HOLD,722.1700,0.000000,0.00,Daily RSI is overbought (72.25 > 65 cutoff threshold). Standing aside to catch a healthier pullback.,0.85,4510.42,72.25,689.3637,664.7284,639.3095,24.6353,25.2961,2.54,0.91,none,bullish,cautious_bullish,none,0.85,0.000127,no_signal,normal,42.78,695.7052,-1.68,0.9412,0.43
2026-09-03T17:12:44.754709+00:00,SUI,HOLD,0.7893,0.000000,0.00,1H timeframe is overextended (1H RSI overbought (73.70 > 68)). Awaiting intraday pullback for precision entry.,0.80,4510.42,58.18,0.7500,0.7396,0.7361,0.0105,0.0119,-1.33,1.13,none,bullish,cautious_bullish,none,0.85,0.000100,no_signal,normal,27.51,0.7845,3.35,1.0067,0.57
2026-09-03T17:12:44.754709+00:00,LINK,HOLD,11.7280,0.000000,0.00,Daily RSI is overbought (66.30 > 65 cutoff threshold). Standing aside to catch a healthier pullback.,0.85,4510.42,66.30,11.2435,10.6157,9.8703,0.6277,0.7027,0.85,0.73,none,bullish,cautious_bullish,none,0.85,0.000100,no_signal,normal,58.59,11.5310,-2.65,0.9493,0.61
2026-09-03T17:12:44.754709+00:00,ETH,HOLD,2496.4600,0.000000,0.00,Daily RSI is overbought (67.03 > 65 cutoff threshold). Standing aside to catch a healthier pullback.,0.85,4510.42,67.03,2409.3995,2280.7904,2137.2321,128.6091,138.0289,0.57,0.79,none,bullish,bullish,hack,0.85,0.000100,no_signal,normal,47.08,2457.6830,-1.87,0.9577,0.45
2026-09-03T17:12:44.754709+00:00,XLM,HOLD,0.1874,0.000000,0.00,"Multi-timeframe trend alignment unfulfilled (1D: 'neutral', 4H: 'bullish'). Requires dual bullish alignment.",0.75,4510.42,57.55,0.1801,0.1781,0.1782,0.0021,0.0023,-3.30,0.68,none,neutral,cautious_bullish,none,0.85,0.000100,no_signal,normal,26.61,0.1907,0.89,0.9178,0.51
2026-09-03T17:12:44.754709+00:00,AVAX,HOLD,7.5130,0.000000,0.00,Order book depth skewed to asks (imbalance ratio 0.4791 < 0.48). Lacks sufficient bid support.,0.75,4510.42,61.09,7.2677,7.0856,6.9591,0.1822,0.1973,-0.41,0.93,none,bullish,cautious_bullish,none,0.85,0.000100,no_signal,normal,31.42,7.4559,1.71,0.9514,0.48
2026-09-03T17:12:44.754709+00:00,TRX,HOLD,0.3316,0.000000,0.00,"Multi-timeframe trend alignment unfulfilled (1D: 'bearish', 4H: 'neutral'). Requires dual bullish alignment.",0.75,4510.42,47.37,0.3333,0.3338,0.3330,-0.0005,0.0012,-3.86,0.64,none,bearish,cautious_bullish,none,0.85,-0.000091,no_signal,normal,22.37,0.3376,-1.37,1.0704,0.54
2026-09-03T17:12:44.754709+00:00,INJ,HOLD,5.0500,0.000000,0.00,Order book depth skewed to asks (imbalance ratio 0.4245 < 0.48). Lacks sufficient bid support.,0.75,4510.42,52.83,5.0087,4.9398,4.9153,0.0688,0.1003,-11.31,0.61,none,bullish,cautious_bullish,none,0.85,-0.000123,no_signal,normal,25.63,5.2339,-0.28,0.9996,0.42
2026-09-03T17:12:44.754709+00:00,MATIC,HOLD,0.3794,0.000000,0.00,Institutional money flow is negative (CMF -0.1162 <= -0.10). Smart money distribution vetoes buy entry.,0.85,4510.42,38.00,0.3943,0.4190,0.4484,-0.0246,-0.0202,-9.58,0.06,none,bearish,cautious_bullish,none,0.85,0.000100,no_signal,normal,37.07,0.4055,0.00,1.0000,0.50
2026-09-03T17:49:55.183837+00:00,SOL,HOLD,105.1600,0.000000,0.00,Active position in profit (+5.24% from $99.9200 entry) [🔒 PROFIT-LOCK ACTIVE: Stop at $103.0640 locks +3.15% profit]. Price $105.1600 comfortably above trailing stop ($103.0640); holding full amount.,0.79,3055.78,68.32,99.8571,93.1316,86.9319,6.7256,6.5905,6.25,0.75,none,bullish,cautious_bullish,none,0.85,0.000100,no_signal,normal,49.37,99.3331,0.00,1.0000,0.49
2026-09-03T17:49:55.183837+00:00,DOT,HOLD,0.8898,0.000000,0.00,Active position in profit (+5.80% from $0.8410 entry) [🔒 PROFIT-LOCK ACTIVE: Stop at $0.8704 locks +3.50% profit]. Price $0.8898 comfortably above trailing stop ($0.8704); holding full amount.,0.69,3055.78,57.99,0.8603,0.8465,0.8496,0.0138,0.0128,-1.11,0.81,none,bullish,cautious_bullish,none,0.85,0.000100,no_signal,normal,20.24,0.8887,0.00,1.0000,0.53
2026-09-03T17:49:55.183837+00:00,LTC,HOLD,51.3900,0.000000,0.00,Active position in profit (+1.36% from $50.7000 entry). Price $51.3900 comfortably above trailing stop ($47.5722); holding full amount.,0.69,3055.78,63.53,49.5143,48.4863,47.4897,1.0280,1.0568,-0.56,0.78,none,bullish,cautious_bullish,none,0.85,0.000100,no_signal,normal,28.77,50.8524,0.00,1.0000,0.44
2026-09-03T17:49:55.183837+00:00,NEAR,HOLD,1.9975,0.000000,0.00,Active position in profit (+5.58% from $1.8920 entry) [🔒 PROFIT-LOCK ACTIVE: Stop at $1.9553 locks +3.35% profit]. Price $1.9975 comfortably above trailing stop ($1.9553); holding full amount.,0.61,3055.78,60.63,1.8842,1.8344,1.8382,0.0497,0.0396,2.18,0.94,none,bullish,cautious_bullish,none,0.85,0.000100,no_signal,normal,27.47,1.9164,0.00,1.0000,0.47
2026-09-03T17:49:55.183837+00:00,APT,HOLD,0.6055,0.000000,0.00,Active position intact (-1.06% from $0.6120 entry). Price $0.6055 is well above trailing stop ($0.5338); trend structure intact.,0.79,3055.78,56.63,0.5683,0.5720,0.5890,-0.0037,-0.0060,-0.38,1.08,none,bullish,cautious_bullish,none,0.85,0.000100,no_signal,normal,22.00,0.5893,0.00,1.0000,0.56
2026-09-03T17:49:55.183837+00:00,ICP,HOLD,2.5380,0.000000,0.00,Active position in profit (+0.87% from $2.5160 entry). Price $2.5380 comfortably above trailing stop ($2.3707); holding full amount.,0.71,3055.78,61.08,2.4306,2.3616,2.3164,0.0690,0.0631,4.88,0.72,none,bullish,cautious_bullish,none,0.85,0.000100,no_signal,normal,25.15,2.4325,0.00,1.0000,0.69
2026-09-03T17:49:55.183837+00:00,ARB,HOLD,0.1324,0.000000,0.00,Daily RSI is overbought (79.48 > 68 cutoff threshold). Standing aside to catch a healthier pullback.,0.85,3055.78,79.48,0.1044,0.0954,0.0905,0.0090,0.0050,36.57,2.33,none,bullish,cautious_bullish,none,0.85,0.000100,no_signal,normal,37.79,0.1083,0.00,1.0000,0.62
2026-09-03T17:49:55.183837+00:00,UNI,HOLD,6.1440,0.000000,0.00,Daily RSI is overbought (80.47 > 68 cutoff threshold). Standing aside to catch a healthier pullback.,0.85,3055.78,80.47,5.0958,4.5656,4.1676,0.5302,0.3334,41.93,1.35,bearish,bullish,cautious_bullish,none,0.85,0.000100,no_signal,normal,47.94,4.9698,0.00,1.0000,0.59
2026-09-03T17:49:55.183837+00:00,ADA,BUY,0.2235,3571.409396,-798.21,"BULLISH CONFIRMATION (SOLID TIER, Score: 0.79): Dual 1D/4H bullish trend alignment (Price $0.2235 > EMA50), healthy RSI (63.94), strong ADX (29.48), Order Book bid dominance (0.4998), and Taker Ratio (1.0000). RS Rank: #4 (Score: +2.49). [💵 CMF: +0.1787] Initiating SOLID allocation ($798.21).",0.79,3055.78,63.94,0.2052,0.1997,0.1929,0.0055,0.0062,0.95,1.25,none,bullish,cautious_bullish,none,0.85,0.000100,no_signal,normal,29.48,0.2152,0.00,1.0000,0.50
2026-09-03T17:49:55.183837+00:00,XRP,HOLD,1.4636,0.000000,0.00,Daily RSI is overbought (67.23 > 65 cutoff threshold). Standing aside to catch a healthier pullback.,0.85,3055.78,67.23,1.3717,1.2928,1.2247,0.0789,0.0823,-1.22,0.89,none,bullish,bullish,none,0.85,0.000100,no_signal,normal,43.00,1.4418,0.00,1.0000,0.65
2026-09-03T17:49:55.183837+00:00,HYPE,HOLD,84.1800,0.000000,0.00,Daily RSI is overbought (66.77 > 65 cutoff threshold). Standing aside to catch a healthier pullback.,0.85,3055.78,66.77,80.3184,74.2186,69.1516,6.0998,5.9731,6.62,0.85,none,bullish,cautious_bullish,none,0.85,0.000100,no_signal,normal,51.24,80.4893,0.00,1.0000,0.54
2026-09-03T17:49:55.183837+00:00,BTC,HOLD,81143.3100,0.000000,0.00,Daily RSI is overbought (72.85 > 65 cutoff threshold). Standing aside to catch a healthier pullback.,0.85,3055.78,72.85,77388.8478,73912.0958,70680.2058,3476.7520,3467.5178,2.73,0.80,none,bullish,bullish,hack,1.00,0.000100,no_signal,normal,44.89,78218.1294,0.00,1.0000,0.57
2026-09-03T17:49:55.183837+00:00,BNB,HOLD,722.3400,0.000000,0.00,Daily RSI is overbought (72.25 > 65 cutoff threshold). Standing aside to catch a healthier pullback.,0.85,3055.78,72.25,689.3820,664.7491,639.3283,24.6329,25.2924,2.54,0.96,none,bullish,cautious_bullish,none,0.85,0.000100,no_signal,normal,42.91,695.6779,0.00,1.0000,0.49
2026-09-03T17:49:55.183837+00:00,SUI,HOLD,0.7942,0.000000,0.00,Order book depth skewed to asks (imbalance ratio 0.4077 < 0.48). Lacks sufficient bid support.,0.75,3055.78,58.78,0.7508,0.7399,0.7363,0.0109,0.0120,-0.61,1.21,none,bullish,cautious_bullish,none,0.85,0.000100,no_signal,normal,28.04,0.7832,0.00,1.0000,0.41
2026-09-03T17:49:55.183837+00:00,LINK,HOLD,11.7500,0.000000,0.00,Daily RSI is overbought (66.65 > 65 cutoff threshold). Standing aside to catch a healthier pullback.,0.85,3055.78,66.65,11.2484,10.6185,9.8719,0.6299,0.7034,1.15,1.11,none,bullish,cautious_bullish,none,0.85,0.000100,no_signal,normal,63.23,11.5035,0.00,1.0000,0.54
2026-09-03T17:49:55.183837+00:00,ETH,HOLD,2504.0000,0.000000,0.00,Daily RSI is overbought (67.42 > 65 cutoff threshold). Standing aside to catch a healthier pullback.,0.85,3055.78,67.42,2410.6318,2281.3976,2137.5739,129.2342,138.1609,0.87,0.86,none,bullish,bullish,hack,0.85,0.000100,no_signal,normal,47.39,2457.8677,0.00,1.0000,0.58
2026-09-03T17:49:55.183837+00:00,AVAX,BUY,7.5230,87.256414,-656.43,"BULLISH CONFIRMATION (CAUTIOUS TIER, Score: 0.59): Dual 1D/4H bullish trend alignment (Price $7.5230 > EMA50), healthy RSI (61.35), strong ADX (31.77), Order Book bid dominance (0.5150), and Taker Ratio (1.0000). RS Rank: #18 (Score: -3.90). [💵 CMF: +0.2779] Initiating CAUTIOUS allocation ($656.43).",0.59,3055.78,61.35,7.2701,7.0871,6.9600,0.1830,0.1977,-0.32,1.07,none,bullish,cautious_bullish,none,0.85,0.000100,no_signal,normal,31.77,7.4758,0.00,1.0000,0.52
2026-09-03T17:49:55.183837+00:00,XLM,HOLD,0.1872,0.000000,0.00,"Multi-timeframe trend alignment unfulfilled (1D: 'neutral', 4H: 'bullish'). Requires dual bullish alignment.",0.75,3055.78,57.58,0.1801,0.1781,0.1782,0.0021,0.0023,-3.36,0.61,none,neutral,cautious_bullish,none,0.85,0.000100,no_signal,normal,27.28,0.1910,0.00,1.0000,0.54
2026-09-03T17:49:55.183837+00:00,TRX,HOLD,0.3314,0.000000,0.00,"Multi-timeframe trend alignment unfulfilled (1D: 'bearish', 4H: 'neutral'). Requires dual bullish alignment.",0.75,3055.78,47.11,0.3332,0.3338,0.3330,-0.0005,0.0012,-3.94,0.68,none,bearish,cautious_bullish,none,0.85,0.000100,no_signal,normal,23.92,0.3376,0.00,1.0000,0.53
2026-09-03T17:49:55.183837+00:00,INJ,HOLD,5.0710,0.000000,0.00,Price $5.0710 is trading notably below VWAP ($5.2287). Awaiting reclaim of VWAP.,0.75,3055.78,53.28,5.0119,4.9415,4.9162,0.0704,0.1008,-10.97,0.78,none,bullish,cautious_bullish,none,0.85,0.000100,no_signal,normal,25.47,5.2287,0.00,1.0000,0.48
2026-09-03T17:49:55.183837+00:00,MATIC,HOLD,0.0000,0.000000,0.00,"Data fetch error or inactive Binance spot ticker (All global exchange sources (Binance, MEXC, Bybit) failed for MATICUSDT). Skipping trade.",0.00,3055.78,0.00,0.0000,0.0000,0.0000,0.0000,0.0000,0.00,0.00,none,neutral,no_signal,none,1.00,0.000000,no_signal,normal,0.00,0.0000,0.00,1.0000,0.50
2026-09-03T17:56:50.231703+00:00,SOL,HOLD,105.0300,0.000000,0.00,Active position in profit (+5.11% from $99.9200 entry) [🔒 PROFIT-LOCK ACTIVE: Stop at $103.0640 locks +3.15% profit]. Price $105.0300 comfortably above trailing stop ($103.0640); holding full amount.,0.79,3055.78,68.19,99.8330,93.1190,86.9249,6.7139,6.5875,6.12,0.73,none,bullish,cautious_bullish,none,0.85,0.000086,no_signal,normal,49.32,99.2688,3.52,1.0089,0.40
2026-09-03T17:56:50.231703+00:00,ADA,HOLD,0.2230,0.000000,0.00,Active position intact (-0.22% from $0.2235 entry). Price $0.2230 is well above trailing stop ($0.1955); trend structure intact.,0.89,3055.78,63.81,0.2051,0.1997,0.1928,0.0055,0.0062,0.68,1.25,none,bullish,cautious_bullish,none,0.85,0.000100,no_signal,normal,29.45,0.2157,4.01,0.9277,0.46
2026-09-03T17:56:50.231703+00:00,AVAX,HOLD,7.5140,0.000000,0.00,Active position intact (-0.12% from $7.5230 entry). Price $7.5140 is well above trailing stop ($6.8296); trend structure intact.,0.59,3055.78,61.11,7.2679,7.0857,6.9591,0.1822,0.1974,-0.40,0.96,none,bullish,cautious_bullish,none,0.85,0.000100,no_signal,normal,31.42,7.4558,1.71,0.9514,0.48
2026-09-03T17:56:50.231703+00:00,DOT,HOLD,0.8890,0.000000,0.00,Active position in profit (+5.71% from $0.8410 entry) [🔒 PROFIT-LOCK ACTIVE: Stop at $0.8704 locks +3.50% profit]. Price $0.8890 comfortably above trailing stop ($0.8704); holding full amount.,0.69,3055.78,57.89,0.8601,0.8464,0.8496,0.0137,0.0127,-1.11,0.81,none,bullish,cautious_bullish,none,0.85,0.000100,no_signal,normal,20.24,0.8887,2.52,0.9018,0.49
2026-09-03T17:56:50.231703+00:00,LTC,HOLD,51.2900,0.000000,0.00,Active position in profit (+1.16% from $50.7000 entry). Price $51.2900 comfortably above trailing stop ($47.5722); holding full amount.,0.81,3055.78,63.19,49.4961,48.4768,47.4844,1.0193,1.0549,-0.72,0.77,none,bullish,cautious_bullish,none,0.85,0.000100,no_signal,normal,28.86,50.8803,3.91,0.9734,0.67
2026-09-03T17:56:50.231703+00:00,NEAR,HOLD,1.9960,0.000000,0.00,Active position in profit (+5.50% from $1.8920 entry) [🔒 PROFIT-LOCK ACTIVE: Stop at $1.9553 locks +3.35% profit]. Price $1.9960 comfortably above trailing stop ($1.9553); holding full amount.,0.71,3055.78,60.53,1.8836,1.8340,1.8378,0.0496,0.0395,2.10,0.82,none,bullish,cautious_bullish,none,0.85,0.000100,no_signal,normal,27.10,1.9148,-3.54,0.8923,0.50
2026-09-03T17:56:50.231703+00:00,APT,HOLD,0.6050,0.000000,0.00,Active position intact (-1.14% from $0.6120 entry). Price $0.6050 is well above trailing stop ($0.5324); trend structure intact.,0.87,3055.78,56.63,0.5682,0.5719,0.5888,-0.0037,-0.0060,-0.49,1.55,bullish,bullish,cautious_bullish,none,0.85,0.000100,no_signal,normal,21.64,0.5886,9.94,0.9548,0.52
2026-09-03T17:56:50.231703+00:00,ICP,HOLD,2.5370,0.000000,0.00,Active position in profit (+0.83% from $2.5160 entry). Price $2.5370 comfortably above trailing stop ($2.3707); holding full amount.,0.71,3055.78,60.81,2.4296,2.3610,2.3162,0.0686,0.0628,4.83,0.73,none,bullish,cautious_bullish,none,0.85,-0.000024,no_signal,normal,24.99,2.4327,-0.21,0.9646,0.64
2026-09-03T17:56:50.231703+00:00,ARB,HOLD,0.1326,0.000000,0.00,Daily RSI is overbought (79.38 > 68 cutoff threshold). Standing aside to catch a healthier pullback.,0.85,3055.78,79.38,0.1045,0.0954,0.0906,0.0090,0.0050,36.70,2.14,none,bullish,cautious_bullish,none,0.85,0.000100,no_signal,normal,37.88,0.1086,8.35,0.9864,0.50
2026-09-03T17:56:50.231703+00:00,UNI,HOLD,6.1620,0.000000,0.00,Daily RSI is overbought (80.71 > 68 cutoff threshold). Standing aside to catch a healthier pullback.,0.85,3055.78,80.71,5.0978,4.5664,4.1680,0.5314,0.3334,42.21,1.47,bearish,bullish,cautious_bullish,none,0.85,0.000082,no_signal,normal,47.99,4.9974,3.88,0.9729,0.58
2026-09-03T17:56:50.231703+00:00,XRP,HOLD,1.4611,0.000000,0.00,Daily RSI is overbought (67.11 > 65 cutoff threshold). Standing aside to catch a healthier pullback.,0.85,3055.78,67.11,1.3713,1.2926,1.2246,0.0787,0.0822,-1.39,0.91,none,bullish,bullish,none,0.85,0.000100,no_signal,normal,42.96,1.4432,-0.06,0.9817,0.42
2026-09-03T17:56:50.231703+00:00,HYPE,HOLD,84.0100,0.000000,0.00,Daily RSI is overbought (66.51 > 65 cutoff threshold). Standing aside to catch a healthier pullback.,0.85,3055.78,66.51,80.2505,74.1764,69.1182,6.0741,5.9601,6.40,0.65,none,bullish,cautious_bullish,none,0.85,0.000027,no_signal,normal,50.95,80.2741,-5.26,0.9434,0.61
2026-09-03T17:56:50.231703+00:00,BTC,HOLD,81063.8600,0.000000,0.00,Daily RSI is overbought (72.69 > 65 cutoff threshold). Standing aside to catch a healthier pullback.,0.85,3055.78,72.69,77379.9098,73909.1762,70679.1060,3470.7337,3467.1478,2.62,0.84,none,bullish,bullish,hack,1.00,0.000100,no_signal,normal,45.34,78191.8656,-0.72,0.9627,0.35
2026-09-03T17:56:50.231703+00:00,BNB,HOLD,721.6600,0.000000,0.00,Daily RSI is overbought (72.16 > 65 cutoff threshold). Standing aside to catch a healthier pullback.,0.85,3055.78,72.16,689.2853,664.6906,639.2895,24.5947,25.2880,2.46,0.94,none,bullish,cautious_bullish,none,0.85,0.000123,no_signal,normal,42.78,695.7331,-1.68,0.9412,0.35
2026-09-03T17:56:50.231703+00:00,SUI,HOLD,0.7911,0.000000,0.00,Order book depth skewed to asks (imbalance ratio 0.3595 < 0.48). Lacks sufficient bid support.,0.75,3055.78,58.40,0.7503,0.7397,0.7362,0.0106,0.0119,-1.10,1.18,none,bullish,cautious_bullish,none,0.85,0.000100,no_signal,normal,27.59,0.7847,3.35,1.0067,0.36
2026-09-03T17:56:50.231703+00:00,LINK,HOLD,11.7440,0.000000,0.00,Daily RSI is overbought (66.44 > 65 cutoff threshold). Standing aside to catch a healthier pullback.,0.85,3055.78,66.44,11.2459,10.6169,9.8710,0.6290,0.7030,0.99,0.75,none,bullish,cautious_bullish,none,0.85,0.000100,no_signal,normal,58.59,11.5313,-2.65,0.9493,0.52
2026-09-03T17:56:50.231703+00:00,ETH,HOLD,2501.8800,0.000000,0.00,Daily RSI is overbought (67.28 > 65 cutoff threshold). Standing aside to catch a healthier pullback.,0.85,3055.78,67.28,2410.2333,2281.1918,2137.4447,129.0415,138.1153,0.79,0.82,none,bullish,bullish,hack,0.85,0.000100,no_signal,normal,47.08,2457.7929,-1.87,0.9577,0.47
2026-09-03T17:56:50.231703+00:00,XLM,HOLD,0.1869,0.000000,0.00,"Multi-timeframe trend alignment unfulfilled (1D: 'neutral', 4H: 'bullish'). Requires dual bullish alignment.",0.75,3055.78,57.23,0.1801,0.1780,0.1782,0.0020,0.0023,-3.56,0.71,none,neutral,cautious_bullish,none,0.85,0.000100,no_signal,normal,26.61,0.1906,0.89,0.9178,0.46
2026-09-03T17:56:50.231703+00:00,TRX,HOLD,0.3317,0.000000,0.00,"Multi-timeframe trend alignment unfulfilled (1D: 'bearish', 4H: 'neutral'). Requires dual bullish alignment.",0.75,3055.78,47.49,0.3333,0.3338,0.3330,-0.0005,0.0012,-3.83,0.66,none,bearish,cautious_bullish,none,0.85,-0.000097,no_signal,normal,22.37,0.3376,-1.37,1.0704,0.57
2026-09-03T17:56:50.231703+00:00,INJ,HOLD,5.0690,0.000000,0.00,Order book depth skewed to asks (imbalance ratio 0.4208 < 0.48). Lacks sufficient bid support.,0.75,3055.78,53.24,5.0116,4.9412,4.9160,0.0703,0.1006,-10.98,0.62,none,bullish,cautious_bullish,none,0.85,-0.000157,no_signal,normal,25.63,5.2339,-0.28,0.9996,0.42
2026-09-03T17:56:50.231703+00:00,MATIC,HOLD,0.3794,0.000000,0.00,Institutional money flow is negative (CMF -0.1162 <= -0.10). Smart money distribution vetoes buy entry.,0.85,3055.78,38.00,0.3943,0.4190,0.4484,-0.0246,-0.0202,-9.58,0.06,none,bearish,cautious_bullish,none,0.85,0.000100,no_signal,normal,37.07,0.4055,0.00,1.0000,0.50
2026-09-03T21:06:39.719618+00:00,SOL,HOLD,104.8400,0.000000,0.00,Active position in profit (+4.92% from $99.9200 entry) [🔒 PROFIT-LOCK ACTIVE: Stop at $103.0640 locks +3.15% profit]. Price $104.8400 comfortably above trailing stop ($103.0640); holding full amount.,0.79,3055.78,68.04,99.8079,93.1079,86.9194,6.7000,6.5854,5.93,0.85,none,bullish,cautious_bullish,none,0.85,0.000100,no_signal,normal,49.41,99.3578,0.00,1.0000,0.46
2026-09-03T21:06:39.719618+00:00,ADA,HOLD,0.2233,0.000000,0.00,Active position intact (-0.09% from $0.2235 entry). Price $0.2233 is well above trailing stop ($0.1955); trend structure intact.,0.79,3055.78,63.86,0.2052,0.1997,0.1929,0.0055,0.0062,0.86,1.42,none,bullish,cautious_bullish,none,0.85,0.000100,no_signal,normal,29.52,0.2153,0.00,1.0000,0.47
2026-09-03T21:06:39.719618+00:00,AVAX,HOLD,7.5200,0.000000,0.00,Active position intact (-0.04% from $7.5230 entry). Price $7.5200 is well above trailing stop ($6.8296); trend structure intact.,0.59,3055.78,61.29,7.2696,7.0868,6.9598,0.1828,0.1977,-0.36,1.14,none,bullish,cautious_bullish,none,0.85,0.000100,no_signal,normal,31.81,7.4757,0.00,1.0000,0.44
2026-09-03T21:06:39.719618+00:00,DOT,HOLD,0.8959,0.000000,0.00,Active position in profit (+6.53% from $0.8410 entry) [🔒 PROFIT-LOCK ACTIVE: Stop at $0.8739 locks +3.91% profit]. Price $0.8959 comfortably above trailing stop ($0.8739); holding full amount.,0.69,3055.78,58.84,0.8612,0.8469,0.8499,0.0143,0.0129,-0.43,0.99,none,bullish,cautious_bullish,none,0.85,0.000100,no_signal,normal,20.36,0.8888,0.00,1.0000,0.49
2026-09-03T21:06:39.719618+00:00,LTC,HOLD,51.5700,0.000000,0.00,Active position in profit (+1.72% from $50.7000 entry). Price $51.5700 comfortably above trailing stop ($47.7066); holding full amount.,0.69,3055.78,64.08,49.5420,48.4996,47.4967,1.0423,1.0597,-0.21,0.89,none,bullish,cautious_bullish,none,0.85,0.000100,no_signal,normal,28.91,50.8609,0.00,1.0000,0.36
2026-09-03T21:06:39.719618+00:00,NEAR,HOLD,1.9718,0.000000,0.00,Active position in profit (+4.22% from $1.8920 entry) [🔒 PROFIT-LOCK ACTIVE: Stop at $1.9553 locks +3.35% profit]. Price $1.9718 comfortably above trailing stop ($1.9553); holding full amount.,0.61,3055.78,59.38,1.8802,1.8325,1.8372,0.0477,0.0392,0.87,1.03,none,bullish,cautious_bullish,none,0.85,0.000100,no_signal,normal,27.54,1.9163,0.00,1.0000,0.51
2026-09-03T21:06:39.719618+00:00,APT,HOLD,0.6114,0.000000,0.00,Active position intact (-0.10% from $0.6120 entry). Price $0.6114 is well above trailing stop ($0.5338); trend structure intact.,0.79,3055.78,57.56,0.5692,0.5724,0.5892,-0.0032,-0.0059,0.59,1.22,none,bullish,cautious_bullish,none,0.85,0.000100,no_signal,normal,22.00,0.5896,0.00,1.0000,0.55
2026-09-03T21:06:39.719618+00:00,ICP,HOLD,2.5430,0.000000,0.00,Active position in profit (+1.07% from $2.5160 entry). Price $2.5430 comfortably above trailing stop ($2.3707); holding full amount.,0.59,3055.78,61.30,2.4314,2.3620,2.3166,0.0694,0.0631,5.08,0.78,none,bullish,cautious_bullish,none,0.85,0.000100,no_signal,normal,25.15,2.4328,0.00,1.0000,0.53
2026-09-03T21:06:39.719618+00:00,ARB,HOLD,0.1409,0.000000,0.00,Daily RSI is overbought (81.77 > 68 cutoff threshold). Standing aside to catch a healthier pullback.,0.85,3055.78,81.77,0.1057,0.0960,0.0909,0.0097,0.0052,45.38,2.81,none,bullish,cautious_bullish,none,0.85,0.000100,no_signal,normal,37.93,0.1098,0.00,1.0000,0.59
2026-09-03T21:06:39.719618+00:00,UNI,HOLD,6.3670,0.000000,0.00,Daily RSI is overbought (81.90 > 68 cutoff threshold). Standing aside to catch a healthier pullback.,0.85,3055.78,81.90,5.1301,4.5821,4.1763,0.5480,0.3370,47.08,1.68,bearish,bullish,cautious_bullish,none,0.85,0.000100,no_signal,normal,47.94,5.0014,0.00,1.0000,0.46
2026-09-03T21:06:39.719618+00:00,HYPE,HOLD,85.4900,0.000000,0.00,Daily RSI is overbought (68.04 > 65 cutoff threshold). Standing aside to catch a healthier pullback.,0.85,3055.78,68.04,80.5199,74.3156,69.2029,6.2043,5.9940,8.28,1.01,none,bullish,cautious_bullish,none,0.85,0.000100,no_signal,normal,51.47,80.5867,0.00,1.0000,0.45
2026-09-03T21:06:39.719618+00:00,XRP,HOLD,1.4671,0.000000,0.00,Daily RSI is overbought (67.44 > 65 cutoff threshold). Standing aside to catch a healthier pullback.,0.85,3055.78,67.44,1.3722,1.2930,1.2248,0.0792,0.0823,-0.99,1.03,none,bullish,bullish,none,0.85,0.000100,no_signal,normal,43.11,1.4421,0.00,1.0000,0.47
2026-09-03T21:06:39.719618+00:00,BTC,HOLD,81318.0000,0.000000,0.00,Daily RSI is overbought (73.12 > 65 cutoff threshold). Standing aside to catch a healthier pullback.,0.85,3055.78,73.12,77415.7232,73925.0358,70687.0564,3490.6874,3470.3048,2.95,0.95,none,bullish,bullish,hack,1.00,0.000100,no_signal,normal,44.96,78247.3150,0.00,1.0000,0.44
2026-09-03T21:06:39.719618+00:00,BNB,HOLD,723.7100,0.000000,0.00,Daily RSI is overbought (72.52 > 65 cutoff threshold). Standing aside to catch a healthier pullback.,0.85,3055.78,72.52,689.5928,664.8506,639.3820,24.7422,25.3143,2.74,1.04,none,bullish,cautious_bullish,none,0.85,0.000100,no_signal,normal,42.91,695.7987,0.00,1.0000,0.52
2026-09-03T21:06:39.719618+00:00,LINK,HOLD,11.8760,0.000000,0.00,Daily RSI is overbought (67.72 > 65 cutoff threshold). Standing aside to catch a healthier pullback.,0.85,3055.78,67.72,11.2678,10.6278,9.8768,0.6400,0.7054,2.24,1.27,none,bullish,cautious_bullish,none,0.85,0.000100,no_signal,normal,63.26,11.5088,0.00,1.0000,0.49
2026-09-03T21:06:39.719618+00:00,SUI,HOLD,0.7887,0.000000,0.00,Order book depth skewed to asks (imbalance ratio 0.3738 < 0.48). Lacks sufficient bid support.,0.75,3055.78,58.09,0.7500,0.7395,0.7361,0.0104,0.0119,-1.30,1.31,none,bullish,cautious_bullish,none,0.85,0.000100,no_signal,normal,28.05,0.7830,0.00,1.0000,0.37
2026-09-03T21:06:39.719618+00:00,ETH,HOLD,2501.7500,0.000000,0.00,Daily RSI is overbought (67.32 > 65 cutoff threshold). Standing aside to catch a healthier pullback.,0.85,3055.78,67.32,2410.2857,2281.2310,2137.4857,129.0547,138.1250,0.78,1.00,none,bullish,bullish,hack,0.85,0.000100,no_signal,normal,47.45,2458.1204,0.00,1.0000,0.54
2026-09-03T21:06:39.719618+00:00,XLM,HOLD,0.1868,0.000000,0.00,"Multi-timeframe trend alignment unfulfilled (1D: 'neutral', 4H: 'bullish'). Requires dual bullish alignment.",0.75,3055.78,57.32,0.1801,0.1780,0.1782,0.0020,0.0023,-3.56,0.69,none,neutral,cautious_bullish,none,0.85,0.000100,no_signal,normal,27.28,0.1910,0.00,1.0000,0.54
2026-09-03T21:06:39.719618+00:00,TRX,HOLD,0.3319,0.000000,0.00,"Multi-timeframe trend alignment unfulfilled (1D: 'bearish', 4H: 'bullish'). Requires dual bullish alignment.",0.75,3055.78,47.71,0.3333,0.3338,0.3331,-0.0005,0.0012,-3.80,0.79,none,bearish,cautious_bullish,none,0.85,0.000100,no_signal,normal,23.92,0.3375,0.00,1.0000,0.60
2026-09-03T21:06:39.719618+00:00,INJ,HOLD,5.0410,0.000000,0.00,"Multi-timeframe trend alignment unfulfilled (1D: 'bullish', 4H: 'neutral'). Requires dual bullish alignment.",0.75,3055.78,52.63,5.0073,4.9393,4.9150,0.0680,0.1004,-11.50,0.87,none,bullish,cautious_bullish,none,0.85,0.000100,no_signal,normal,25.47,5.2265,0.00,1.0000,0.52
2026-09-03T21:06:39.719618+00:00,MATIC,HOLD,0.0000,0.000000,0.00,"Data fetch error or inactive Binance spot ticker (All global exchange sources (Binance, MEXC, Bybit) failed for MATICUSDT). Skipping trade.",0.00,3055.78,0.00,0.0000,0.0000,0.0000,0.0000,0.0000,0.00,0.00,none,neutral,no_signal,none,1.00,0.000000,no_signal,normal,0.00,0.0000,0.00,1.0000,0.50
2026-09-03T23:18:42.950419+00:00,SOL,HOLD,104.1000,0.000000,0.00,Active position in profit (+4.18% from $99.9200 entry) [🔒 PROFIT-LOCK ACTIVE: Stop at $103.0640 locks +3.15% profit]. Price $104.1000 comfortably above trailing stop ($103.0640); holding full amount.,0.69,2258.94,67.37,99.6940,93.0530,86.8904,6.6410,6.5736,5.18,0.91,none,bullish,cautious_bullish,none,0.85,0.000100,no_signal,normal,49.41,99.3615,0.00,1.0000,0.54
2026-09-03T23:18:42.950419+00:00,ADA,HOLD,0.2208,0.000000,0.00,Active position intact (-1.21% from $0.2235 entry). Price $0.2208 is well above trailing stop ($0.1955); trend structure intact.,0.87,2258.94,62.87,0.2048,0.1995,0.1928,0.0053,0.0061,-0.27,1.54,none,bullish,cautious_bullish,none,0.85,0.000100,no_signal,normal,29.54,0.2152,0.00,1.0000,0.50
2026-09-03T23:18:42.950419+00:00,AVAX,HOLD,7.5010,0.000000,0.00,Active position intact (-0.29% from $7.5230 entry). Price $7.5010 is well above trailing stop ($6.8296); trend structure intact.,0.59,2258.94,60.94,7.2667,7.0854,6.9591,0.1813,0.1974,-0.61,1.26,none,bullish,cautious_bullish,none,0.85,0.000100,no_signal,normal,31.84,7.4749,0.00,1.0000,0.44
2026-09-03T23:18:42.950419+00:00,DOT,HOLD,0.8877,0.000000,0.00,Active position in profit (+5.55% from $0.8410 entry) [🔒 PROFIT-LOCK ACTIVE: Stop at $0.8739 locks +3.91% profit]. Price $0.8877 comfortably above trailing stop ($0.8739); holding full amount.,0.69,2258.94,57.69,0.8600,0.8463,0.8496,0.0136,0.0127,-1.34,1.09,none,bullish,cautious_bullish,none,0.85,0.000100,no_signal,normal,20.39,0.8886,0.00,1.0000,0.56
2026-09-03T23:18:42.950419+00:00,LTC,HOLD,51.3200,0.000000,0.00,Active position in profit (+1.22% from $50.7000 entry). Price $51.3200 comfortably above trailing stop ($47.7066); holding full amount.,0.69,2258.94,63.31,49.5035,48.4811,47.4869,1.0224,1.0557,-0.70,0.96,none,bullish,cautious_bullish,none,0.85,0.000100,no_signal,normal,28.94,50.8581,0.00,1.0000,0.31
2026-09-03T23:18:42.950419+00:00,NEAR,HOLD,1.9578,0.000000,0.00,Active position in profit (+3.48% from $1.8920 entry) [🔒 PROFIT-LOCK ACTIVE: Stop at $1.9553 locks +3.35% profit]. Price $1.9578 comfortably above trailing stop ($1.9553); holding full amount.,0.63,2258.94,58.67,1.8781,1.8315,1.8366,0.0466,0.0390,0.15,1.11,none,bullish,cautious_bullish,none,0.85,0.000100,no_signal,normal,27.54,1.9162,0.00,1.0000,0.60
2026-09-03T23:18:42.950419+00:00,APT,HOLD,0.6027,0.000000,0.00,Active position intact (-1.52% from $0.6120 entry). Price $0.6027 is well above trailing stop ($0.5338); trend structure intact.,0.69,2258.94,56.17,0.5679,0.5718,0.5888,-0.0039,-0.0061,-0.84,1.29,none,bullish,cautious_bullish,none,0.85,0.000100,no_signal,normal,22.00,0.5894,0.00,1.0000,0.45
2026-09-03T23:18:42.950419+00:00,ICP,HOLD,2.5050,0.000000,0.00,Active position intact (-0.44% from $2.5160 entry). Price $2.5050 is well above trailing stop ($2.3707); trend structure intact.,0.71,2258.94,59.56,2.4255,2.3591,2.3151,0.0664,0.0625,3.51,0.88,none,bullish,cautious_bullish,none,0.85,0.000100,no_signal,normal,25.15,2.4328,0.00,1.0000,0.71
2026-09-03T23:18:42.950419+00:00,ARB,HOLD,0.1387,0.000000,0.00,Daily RSI is overbought (81.23 > 68 cutoff threshold). Standing aside to catch a healthier pullback.,0.85,2258.94,81.23,0.1054,0.0959,0.0908,0.0095,0.0051,43.09,2.98,none,bullish,cautious_bullish,none,0.85,0.000100,no_signal,normal,37.93,0.1100,0.00,1.0000,0.48
2026-09-03T23:18:42.950419+00:00,UNI,HOLD,6.3480,0.000000,0.00,Daily RSI is overbought (81.79 > 68 cutoff threshold). Standing aside to catch a healthier pullback.,0.85,2258.94,81.79,5.1272,4.5807,4.1756,0.5465,0.3366,46.64,2.00,bearish,bullish,cautious_bullish,none,0.85,0.000100,no_signal,normal,48.32,5.0290,0.00,1.0000,0.46
2026-09-03T23:18:42.950419+00:00,HYPE,HOLD,86.7000,0.000000,0.00,Daily RSI is overbought (69.13 > 65 cutoff threshold). Standing aside to catch a healthier pullback.,0.85,2258.94,69.13,80.7061,74.4053,69.2504,6.3008,6.0133,9.82,1.05,none,bullish,cautious_bullish,none,0.85,0.000100,no_signal,normal,51.51,80.6316,0.00,1.0000,0.30
2026-09-03T23:18:42.950419+00:00,XRP,HOLD,1.4554,0.000000,0.00,Daily RSI is overbought (66.73 > 65 cutoff threshold). Standing aside to catch a healthier pullback.,0.85,2258.94,66.73,1.3704,1.2922,1.2244,0.0783,0.0822,-1.77,1.13,none,bullish,bullish,none,0.85,0.000100,no_signal,normal,43.11,1.4417,0.00,1.0000,0.36
2026-09-03T23:18:42.950419+00:00,BNB,HOLD,724.6000,0.000000,0.00,Daily RSI is overbought (72.69 > 65 cutoff threshold). Standing aside to catch a healthier pullback.,0.85,2258.94,72.69,689.7297,664.9165,639.4169,24.8132,25.3285,2.86,1.09,none,bullish,cautious_bullish,none,0.85,0.000100,no_signal,normal,42.91,695.8837,0.00,1.0000,0.17
2026-09-03T23:18:42.950419+00:00,BTC,HOLD,81254.9900,0.000000,0.00,Daily RSI is overbought (73.02 > 65 cutoff threshold). Standing aside to catch a healthier pullback.,0.85,2258.94,73.02,77406.0294,73920.3684,70684.5854,3485.6610,3469.2996,2.87,1.08,none,bullish,bullish,hack,1.00,0.000100,no_signal,normal,45.00,78268.4358,0.00,1.0000,0.34
2026-09-03T23:18:42.950419+00:00,LINK,HOLD,11.8140,0.000000,0.00,Daily RSI is overbought (67.20 > 65 cutoff threshold). Standing aside to catch a healthier pullback.,0.85,2258.94,67.20,11.2583,10.6232,9.8744,0.6351,0.7044,1.70,1.48,none,bullish,cautious_bullish,none,0.85,0.000100,no_signal,normal,63.29,11.5100,0.00,1.0000,0.40
2026-09-03T23:18:42.950419+00:00,ETH,HOLD,2499.1400,0.000000,0.00,Daily RSI is overbought (67.20 > 65 cutoff threshold). Standing aside to catch a healthier pullback.,0.85,2258.94,67.20,2409.8841,2281.0376,2137.3834,128.8465,138.0833,0.67,1.08,none,bullish,bullish,hack,0.85,0.000100,no_signal,normal,47.45,2458.1064,0.00,1.0000,0.36
2026-09-03T23:18:42.950419+00:00,SUI,BUY,0.7809,1020.412345,-796.84,"BULLISH CONFIRMATION (SOLID TIER, Score: 0.71): Dual 1D/4H bullish trend alignment (Price $0.7809 > EMA50), healthy RSI (57.08), strong ADX (28.05), Order Book bid dominance (0.6074), and Taker Ratio (1.0000). RS Rank: #16 (Score: -2.61). [💵 CMF: +0.0845] Initiating SOLID allocation ($796.84).",0.71,2258.94,57.08,0.7488,0.7389,0.7358,0.0098,0.0117,-2.28,1.41,none,bullish,cautious_bullish,none,0.85,0.000100,no_signal,normal,28.05,0.7828,0.00,1.0000,0.61
2026-09-03T23:18:42.950419+00:00,XLM,HOLD,0.1838,0.000000,0.00,"Multi-timeframe trend alignment unfulfilled (1D: 'neutral', 4H: 'bullish'). Requires dual bullish alignment.",0.75,2258.94,55.25,0.1796,0.1778,0.1781,0.0018,0.0023,-5.11,0.77,none,neutral,cautious_bullish,none,0.85,0.000100,no_signal,normal,27.28,0.1909,0.00,1.0000,0.50
2026-09-03T23:18:42.950419+00:00,TRX,HOLD,0.3306,0.000000,0.00,"Multi-timeframe trend alignment unfulfilled (1D: 'bearish', 4H: 'neutral'). Requires dual bullish alignment.",0.75,2258.94,46.11,0.3331,0.3337,0.3330,-0.0006,0.0012,-4.17,0.86,none,bearish,cautious_bullish,none,0.85,0.000100,no_signal,normal,23.92,0.3375,0.00,1.0000,0.54
2026-09-03T23:18:42.950419+00:00,INJ,HOLD,4.9750,0.000000,0.00,"Multi-timeframe trend alignment unfulfilled (1D: 'neutral', 4H: 'neutral'). Requires dual bullish alignment.",0.75,2258.94,51.13,4.9972,4.9344,4.9124,0.0627,0.0993,-12.66,0.95,none,neutral,cautious_bullish,none,0.85,0.000100,no_signal,normal,25.47,5.2238,0.00,1.0000,0.56
2026-09-03T23:18:42.950419+00:00,MATIC,HOLD,0.0000,0.000000,0.00,"Data fetch error or inactive Binance spot ticker (All global exchange sources (Binance, MEXC, Bybit) failed for MATICUSDT). Skipping trade.",0.00,2258.94,0.00,0.0000,0.0000,0.0000,0.0000,0.0000,0.00,0.00,none,neutral,no_signal,none,1.00,0.000000,no_signal,normal,0.00,0.0000,0.00,1.0000,0.50
2026-09-04T04:38:57.169490+00:00,SOL,HOLD,104.0200,0.000000,0.00,Active position in profit (+4.10% from $99.9200 entry) [🔒 PROFIT-LOCK ACTIVE: Stop at $103.0640 locks +3.15% profit]. Price $104.0200 comfortably above trailing stop ($103.0640); holding full amount.,0.79,3290.97,67.30,100.3401,93.8550,87.5502,6.4851,6.5542,7.68,0.12,none,bullish,cautious_bullish,none,0.85,0.000100,no_signal,normal,49.84,100.3590,0.00,1.0000,0.56
2026-09-04T04:38:57.169490+00:00,ADA,HOLD,0.2258,0.000000,0.00,Active position in profit (+1.03% from $0.2235 entry). Price $0.2258 comfortably above trailing stop ($0.1984); holding full amount.,0.87,3290.97,64.94,0.2081,0.2015,0.1940,0.0066,0.0062,7.93,0.33,none,bullish,cautious_bullish,none,0.85,0.000100,no_signal,normal,30.23,0.2146,0.00,1.0000,0.50
2026-09-04T04:38:57.169490+00:00,AVAX,HOLD,7.5100,0.000000,0.00,Active position intact (-0.17% from $7.5230 entry). Price $7.5100 is well above trailing stop ($6.8680); trend structure intact.,0.59,3290.97,61.00,7.3065,7.1181,6.9792,0.1884,0.1959,2.47,0.13,none,bullish,cautious_bullish,none,0.85,0.000100,no_signal,normal,32.11,7.4410,0.00,1.0000,0.37
2026-09-04T04:38:57.169490+00:00,DOT,HOLD,0.8771,0.000000,0.00,Active position in profit (+4.29% from $0.8410 entry) [🔒 PROFIT-LOCK ACTIVE: Stop at $0.8739 locks +3.91% profit]. Price $0.8771 comfortably above trailing stop ($0.8739); holding full amount.,0.67,3290.97,55.50,0.8627,0.8487,0.8504,0.0140,0.0130,3.02,0.09,none,bullish,cautious_bullish,none,0.85,0.000100,no_signal,normal,20.38,0.8857,0.00,1.0000,0.52
2026-09-04T04:38:57.169490+00:00,LTC,HOLD,51.2700,0.000000,0.00,Active position in profit (+1.12% from $50.7000 entry). Price $51.2700 comfortably above trailing stop ($47.8846); holding full amount.,0.59,3290.97,62.62,49.7961,48.6985,47.6356,1.0976,1.0663,2.62,0.09,none,bullish,cautious_bullish,none,0.85,0.000100,no_signal,normal,29.44,50.7300,0.00,1.0000,0.44
2026-09-04T04:38:57.169490+00:00,NEAR,SELL,1.9526,528.541226,1032.03,"Dynamic Profit-Lock Triggered: Price $1.9526 dropped below ratcheted profit stop ($1.9553, +3.35% locked profit from $1.8920 entry). Executing SELL to bank gains.",0.92,3290.97,58.35,1.8891,1.8402,1.8398,0.0489,0.0410,4.95,0.05,none,bullish,cautious_bullish,none,0.85,0.000100,no_signal,normal,28.46,1.9177,0.00,1.0000,0.44
2026-09-04T04:38:57.169490+00:00,APT,HOLD,0.6000,0.000000,0.00,Active position intact (-1.96% from $0.6120 entry). Price $0.6000 is well above trailing stop ($0.5378); trend structure intact.,0.77,3290.97,55.55,0.5729,0.5739,0.5891,-0.0010,-0.0051,6.72,0.16,none,bullish,cautious_bullish,none,0.85,0.000100,no_signal,normal,22.69,0.5836,0.00,1.0000,0.21
2026-09-04T04:38:57.169490+00:00,ICP,HOLD,2.5660,0.000000,0.00,Active position in profit (+1.99% from $2.5160 entry). Price $2.5660 comfortably above trailing stop ($2.3707); holding full amount.,0.81,3290.97,62.45,2.4486,2.3752,2.3234,0.0734,0.0649,7.68,0.17,none,bullish,cautious_bullish,none,0.85,0.000100,no_signal,normal,25.70,2.4269,0.00,1.0000,0.67
2026-09-04T04:38:57.169490+00:00,SUI,HOLD,0.7757,0.000000,0.00,Active position intact (-0.67% from $0.7809 entry). Price $0.7757 is well above trailing stop ($0.6873); trend structure intact.,0.59,3290.97,55.99,0.7532,0.7418,0.7369,0.0114,0.0117,2.46,0.16,none,bullish,cautious_bullish,none,0.85,0.000100,no_signal,normal,28.32,0.7792,0.00,1.0000,0.51
2026-09-04T04:38:57.169490+00:00,ARB,HOLD,0.1354,0.000000,0.00,Daily RSI is overbought (75.71 > 68 cutoff threshold). Standing aside to catch a healthier pullback.,0.85,3290.97,75.71,0.1103,0.0990,0.0926,0.0114,0.0064,46.92,0.66,none,bullish,cautious_bullish,none,0.85,0.000100,no_signal,normal,40.11,0.1121,0.00,1.0000,0.49
2026-09-04T04:38:57.169490+00:00,UNI,HOLD,6.3100,0.000000,0.00,Daily RSI is overbought (81.10 > 68 cutoff threshold). Standing aside to catch a healthier pullback.,0.85,3290.97,81.10,5.3068,4.7075,4.2578,0.5993,0.3890,47.81,0.32,bearish,bullish,cautious_bullish,none,0.85,0.000100,no_signal,normal,50.64,5.1264,0.00,1.0000,0.45
2026-09-04T04:38:57.169490+00:00,HYPE,HOLD,86.9500,0.000000,0.00,Daily RSI is overbought (68.76 > 68 cutoff threshold). Standing aside to catch a healthier pullback.,0.85,3290.97,68.76,81.7630,75.3870,70.0401,6.3761,6.0931,9.23,0.27,none,bullish,cautious_bullish,none,0.85,0.000100,no_signal,normal,52.68,81.7388,0.00,1.0000,0.26
2026-09-04T04:38:57.169490+00:00,BNB,HOLD,726.1000,0.000000,0.00,Daily RSI is overbought (72.98 > 65 cutoff threshold). Standing aside to catch a healthier pullback.,0.85,3290.97,72.98,695.4124,669.4898,642.6467,25.9226,25.4620,4.60,0.21,none,bullish,cautious_bullish,none,0.85,0.000100,no_signal,normal,43.95,699.7234,0.00,1.0000,0.17
2026-09-04T04:38:57.169490+00:00,BTC,HOLD,81076.8200,0.000000,0.00,Daily RSI is overbought (72.21 > 65 cutoff threshold). Standing aside to catch a healthier pullback.,0.85,3290.97,72.21,77971.9796,74450.7389,71077.3234,3521.2407,3480.2847,3.26,0.17,none,bullish,bullish,hack,1.00,0.000100,no_signal,normal,45.92,78507.5174,0.00,1.0000,0.53
2026-09-04T04:38:57.169490+00:00,XRP,HOLD,1.4527,0.000000,0.00,Daily RSI is overbought (66.57 > 65 cutoff threshold). Standing aside to catch a healthier pullback.,0.85,3290.97,66.57,1.3825,1.3038,1.2333,0.0788,0.0814,1.30,0.11,none,bullish,bullish,none,0.85,0.000100,no_signal,normal,43.15,1.4498,0.00,1.0000,0.64
2026-09-04T04:38:57.169490+00:00,LINK,HOLD,11.9940,0.000000,0.00,Daily RSI is overbought (68.76 > 65 cutoff threshold). Standing aside to catch a healthier pullback.,0.85,3290.97,68.76,11.3738,10.7259,9.9558,0.6479,0.6934,6.18,0.11,none,bullish,cautious_bullish,none,0.85,0.000100,no_signal,normal,64.12,11.4843,0.00,1.0000,0.53
2026-09-04T04:38:57.169490+00:00,ETH,HOLD,2518.0000,0.000000,0.00,Daily RSI is overbought (68.08 > 65 cutoff threshold). Standing aside to catch a healthier pullback.,0.85,3290.97,68.08,2427.5926,2299.1499,2152.3394,128.4427,136.2695,3.09,0.15,none,bullish,bullish,hack,0.85,0.000100,no_signal,normal,47.98,2458.2407,0.00,1.0000,0.53
2026-09-04T04:38:57.169490+00:00,XLM,HOLD,0.1838,0.000000,0.00,"Multi-timeframe trend alignment unfulfilled (1D: 'neutral', 4H: 'bullish'). Requires dual bullish alignment.",0.75,3290.97,55.07,0.1803,0.1783,0.1791,0.0020,0.0022,0.71,0.11,none,neutral,cautious_bullish,none,0.85,0.000100,no_signal,normal,27.46,0.1903,0.00,1.0000,0.53
2026-09-04T04:38:57.169490+00:00,TRX,HOLD,0.3294,0.000000,0.00,RSI is weak (44.79 < 45) with lack of upward momentum. Awaiting technical recovery.,0.75,3290.97,44.79,0.3326,0.3334,0.3326,-0.0008,0.0008,-2.02,0.12,none,bearish,cautious_bullish,none,0.85,0.000100,no_signal,normal,22.94,0.3371,0.00,1.0000,0.55
2026-09-04T04:38:57.169490+00:00,INJ,HOLD,4.8740,0.000000,0.00,"Multi-timeframe trend alignment unfulfilled (1D: 'bearish', 4H: 'bearish'). Requires dual bullish alignment.",0.75,3290.97,48.60,4.9778,4.9297,4.9107,0.0481,0.0890,-12.50,0.13,none,bearish,cautious_bullish,none,0.85,0.000100,no_signal,normal,25.39,5.2490,0.00,1.0000,0.52
2026-09-04T04:38:57.169490+00:00,MATIC,HOLD,0.0000,0.000000,0.00,"Data fetch error or inactive Binance spot ticker (All global exchange sources (Binance, MEXC, Bybit) failed for MATICUSDT). Skipping trade.",0.00,3290.97,0.00,0.0000,0.0000,0.0000,0.0000,0.0000,0.00,0.00,none,neutral,no_signal,none,1.00,0.000000,no_signal,normal,0.00,0.0000,0.00,1.0000,0.50
2026-09-04T06:00:48.148572+00:00,SOL,HOLD,103.6700,0.000000,0.00,Active position in profit (+3.75% from $99.9200 entry) [🔒 PROFIT-LOCK ACTIVE: Stop at $103.0640 locks +3.15% profit]. Price $103.6700 comfortably above trailing stop ($103.0640); holding full amount.,0.79,2766.73,66.66,100.2814,93.8257,87.5344,6.4557,6.5474,7.32,0.14,none,bullish,cautious_bullish,none,0.85,-0.000047,no_signal,normal,49.76,100.2520,1.35,0.9774,0.57
2026-09-04T06:00:48.148572+00:00,ADA,HOLD,0.2210,0.000000,0.00,Active position intact (-1.12% from $0.2235 entry). Price $0.2210 is well above trailing stop ($0.1984); trend structure intact.,0.98,2766.73,62.98,0.2073,0.2011,0.1938,0.0062,0.0062,5.69,0.40,none,bullish,cautious_bullish,none,0.85,0.000100,no_signal,normal,30.21,0.2150,17.81,1.0203,0.64
2026-09-04T06:00:48.148572+00:00,AVAX,HOLD,7.4570,0.000000,0.00,Active position intact (-0.88% from $7.5230 entry). Price $7.4570 is well above trailing stop ($6.8482); trend structure intact.,0.65,2766.73,59.34,7.2976,7.1135,6.9767,0.1842,0.1949,1.76,0.26,none,bullish,cautious_bullish,none,0.85,0.000100,no_signal,normal,31.75,7.4212,14.26,1.0908,0.46
2026-09-04T06:00:48.148572+00:00,DOT,SELL,0.8690,1189.060642,1033.29,"Dynamic Profit-Lock Triggered: Price $0.8690 dropped below ratcheted profit stop ($0.8739, +3.91% locked profit from $0.8410 entry). Executing SELL to bank gains.",0.92,2766.73,53.94,0.8615,0.8481,0.8501,0.0134,0.0128,2.00,0.13,none,bullish,cautious_bullish,none,0.85,0.000100,no_signal,normal,20.34,0.8857,5.72,0.9743,0.71
2026-09-04T06:00:48.148572+00:00,LTC,HOLD,50.8400,0.000000,0.00,Active position in profit (+0.28% from $50.7000 entry). Price $50.8400 comfortably above trailing stop ($47.8846); holding full amount.,0.71,2766.73,60.27,49.7289,48.6654,47.6180,1.0634,1.0593,1.78,0.15,none,bullish,cautious_bullish,none,0.85,0.000100,no_signal,normal,29.54,50.7698,4.64,0.9400,0.63
2026-09-04T06:00:48.148572+00:00,APT,HOLD,0.5910,0.000000,0.00,Active position intact (-3.43% from $0.6120 entry). Price $0.5910 is well above trailing stop ($0.5356); trend structure intact.,0.67,2766.73,53.67,0.5715,0.5732,0.5886,-0.0017,-0.0052,5.16,0.15,bullish,bullish,cautious_bullish,none,0.85,0.000100,no_signal,normal,22.32,0.5844,0.84,0.9018,0.48
2026-09-04T06:00:48.148572+00:00,ICP,HOLD,2.5310,0.000000,0.00,Active position in profit (+0.60% from $2.5160 entry). Price $2.5310 comfortably above trailing stop ($2.3707); holding full amount.,0.71,2766.73,60.61,2.4422,2.3720,2.3216,0.0702,0.0640,6.21,0.35,none,bullish,cautious_bullish,none,0.85,-0.000051,no_signal,normal,25.52,2.4297,1.76,0.9008,0.59
2026-09-04T06:00:48.148572+00:00,SUI,HOLD,0.7681,0.000000,0.00,Active position intact (-1.64% from $0.7809 entry). Price $0.7681 is well above trailing stop ($0.6855); trend structure intact.,0.71,2766.73,54.66,0.7520,0.7412,0.7366,0.0108,0.0116,1.41,0.23,none,bullish,cautious_bullish,none,0.85,0.000100,no_signal,normal,27.82,0.7805,7.28,1.0228,0.62
2026-09-04T06:00:48.148572+00:00,ARB,HOLD,0.1354,0.000000,0.00,Daily RSI is overbought (75.71 > 68 cutoff threshold). Standing aside to catch a healthier pullback.,0.85,2766.73,75.71,0.1103,0.0990,0.0926,0.0114,0.0064,47.01,0.85,none,bullish,cautious_bullish,none,0.85,0.000100,no_signal,normal,40.15,0.1128,10.07,0.9698,0.57
2026-09-04T06:00:48.148572+00:00,UNI,HOLD,6.3260,0.000000,0.00,Daily RSI is overbought (81.74 > 68 cutoff threshold). Standing aside to catch a healthier pullback.,0.85,2766.73,81.74,5.3082,4.7081,4.2581,0.6002,0.3889,48.18,0.39,bearish,bullish,cautious_bullish,none,0.85,0.000081,no_signal,normal,50.66,5.1316,5.81,1.0453,0.57
2026-09-04T06:00:48.148572+00:00,HYPE,BUY,86.0620,10.532291,-906.43,"BULLISH CONFIRMATION (A+ TIER, Score: 0.89): Dual 1D/4H bullish trend alignment (Price $86.0620 > EMA50), healthy RSI (66.92), strong ADX (52.39), Order Book bid dominance (0.5286), and Taker Ratio (1.0369). RS Rank: #3 (Score: +5.63). [💵 CMF: +0.2568] Initiating A+ allocation ($906.43).",0.89,2766.73,66.92,81.5935,75.2951,69.9823,6.2985,6.0696,8.07,0.18,bearish,bullish,cautious_bullish,none,0.85,0.000050,no_signal,normal,52.39,81.4121,10.43,1.0369,0.53
2026-09-04T06:00:48.148572+00:00,BNB,HOLD,724.5400,0.000000,0.00,Daily RSI is overbought (72.47 > 65 cutoff threshold). Standing aside to catch a healthier pullback.,0.85,2766.73,72.47,695.1725,669.3632,642.5727,25.8093,25.4438,4.34,0.25,none,bullish,cautious_bullish,none,0.85,0.000146,no_signal,normal,43.81,699.8560,10.86,1.0818,0.43
2026-09-04T06:00:48.148572+00:00,BTC,HOLD,80959.1700,0.000000,0.00,Daily RSI is overbought (71.65 > 65 cutoff threshold). Standing aside to catch a healthier pullback.,0.85,2766.73,71.65,77957.4481,74445.1837,71074.8000,3512.2644,3479.2872,3.08,0.18,none,bullish,bullish,hack,1.00,0.000070,no_signal,normal,46.40,78550.3943,10.03,1.1137,0.15
2026-09-04T06:00:48.148572+00:00,XRP,HOLD,1.4463,0.000000,0.00,Daily RSI is overbought (65.85 > 65 cutoff threshold). Standing aside to catch a healthier pullback.,0.85,2766.73,65.85,1.3816,1.3033,1.2331,0.0782,0.0813,0.84,0.15,none,bullish,bullish,none,0.85,0.000100,no_signal,normal,43.11,1.4512,11.85,0.9659,0.55
2026-09-04T06:00:48.148572+00:00,NEAR,BUY,1.9240,338.409563,-651.10,"BULLISH CONFIRMATION (CAUTIOUS TIER, Score: 0.51): Dual 1D/4H bullish trend alignment (Price $1.9240 > EMA50), healthy RSI (56.15), strong ADX (28.13), Order Book bid dominance (0.5191), and Taker Ratio (0.9639). RS Rank: #10 (Score: -1.35). [💵 CMF: +0.0619] Initiating CAUTIOUS allocation ($651.10).",0.51,2766.73,56.15,1.8844,1.8378,1.8384,0.0466,0.0404,3.44,0.16,none,bullish,cautious_bullish,none,0.85,0.000100,no_signal,normal,28.13,1.9159,2.52,0.9639,0.52
2026-09-04T06:00:48.148572+00:00,LINK,HOLD,11.8770,0.000000,0.00,Portfolio position cap reached (10/10 max positions). Cash reserved until an existing position exits.,0.80,2766.73,67.59,11.3546,10.7163,9.9506,0.6383,0.6912,5.19,0.15,none,bullish,cautious_bullish,none,0.85,0.000100,no_signal,normal,58.88,11.5085,6.46,0.9925,0.49
2026-09-04T06:00:48.148572+00:00,ETH,HOLD,2507.7700,0.000000,0.00,Portfolio position cap reached (10/10 max positions). Cash reserved until an existing position exits.,0.80,2766.73,67.55,2425.9719,2298.3548,2151.9059,127.6171,136.0962,2.67,0.17,none,bullish,bullish,hack,0.85,0.000100,no_signal,normal,47.68,2458.2287,4.84,1.0493,0.37
2026-09-04T06:00:48.148572+00:00,XLM,HOLD,0.1828,0.000000,0.00,Portfolio position cap reached (10/10 max positions). Cash reserved until an existing position exits.,0.80,2766.73,54.06,0.1802,0.1782,0.1790,0.0019,0.0022,0.22,0.15,none,neutral,cautious_bullish,none,0.85,0.000100,no_signal,normal,26.74,0.1897,6.89,1.0164,0.55
2026-09-04T06:00:48.148572+00:00,TRX,HOLD,0.3287,0.000000,0.00,Portfolio position cap reached (10/10 max positions). Cash reserved until an existing position exits.,0.80,2766.73,44.08,0.3325,0.3333,0.3326,-0.0009,0.0008,-2.26,0.17,none,bearish,cautious_bullish,none,0.85,-0.000758,no_signal,normal,21.41,0.3371,-6.53,1.0938,0.55
2026-09-04T06:00:48.148572+00:00,INJ,HOLD,4.7960,0.000000,0.00,Portfolio position cap reached (10/10 max positions). Cash reserved until an existing position exits.,0.80,2766.73,46.81,4.9660,4.9240,4.9076,0.0421,0.0877,-13.88,0.22,none,bearish,cautious_bullish,none,0.85,0.000020,no_signal,normal,25.57,5.2523,4.47,0.8899,0.60
2026-09-04T06:00:48.148572+00:00,MATIC,HOLD,0.3794,0.000000,0.00,Portfolio position cap reached (10/10 max positions). Cash reserved until an existing position exits.,0.80,2766.73,38.00,0.3943,0.4190,0.4484,-0.0246,-0.0202,-9.58,0.06,none,bearish,cautious_bullish,none,0.85,0.000100,no_signal,normal,37.07,0.4055,0.00,1.0000,0.50
2026-09-04T06:02:44.191742+00:00,SOL,HOLD,103.7200,0.000000,0.00,Active position in profit (+3.80% from $99.9200 entry) [🔒 PROFIT-LOCK ACTIVE: Stop at $103.0640 locks +3.15% profit]. Price $103.7200 comfortably above trailing stop ($103.0640); holding full amount.,0.91,1818.04,66.76,100.2891,93.8294,87.5364,6.4597,6.5482,7.37,0.14,none,bullish,cautious_bullish,none,0.85,-0.000048,no_signal,normal,49.76,100.2522,1.35,0.9774,0.62
2026-09-04T06:02:44.191742+00:00,ADA,HOLD,0.2209,0.000000,0.00,Active position intact (-1.16% from $0.2235 entry). Price $0.2209 is well above trailing stop ($0.1984); trend structure intact.,0.98,1818.04,62.91,0.2073,0.2011,0.1938,0.0062,0.0062,5.64,0.41,none,bullish,cautious_bullish,none,0.85,0.000100,no_signal,normal,30.21,0.2150,17.81,1.0203,0.60
2026-09-04T06:02:44.191742+00:00,AVAX,HOLD,7.4530,0.000000,0.00,Active position intact (-0.93% from $7.5230 entry). Price $7.4530 is well above trailing stop ($6.8482); trend structure intact.,0.65,1818.04,59.23,7.2970,7.1132,6.9766,0.1839,0.1948,1.71,0.26,none,bullish,cautious_bullish,none,0.85,0.000100,no_signal,normal,31.75,7.4211,14.26,1.0908,0.43
2026-09-04T06:02:44.191742+00:00,LTC,HOLD,50.8200,0.000000,0.00,Active position in profit (+0.24% from $50.7000 entry). Price $50.8200 comfortably above trailing stop ($47.8846); holding full amount.,0.71,1818.04,60.17,49.7258,48.6640,47.6172,1.0618,1.0590,1.74,0.15,none,bullish,cautious_bullish,none,0.85,0.000100,no_signal,normal,29.54,50.7698,4.64,0.9400,0.63
2026-09-04T06:02:44.191742+00:00,NEAR,HOLD,1.9200,0.000000,0.00,Active position intact (-0.21% from $1.9240 entry). Price $1.9200 is well above trailing stop ($1.6734); trend structure intact.,0.51,1818.04,55.86,1.8838,1.8375,1.8383,0.0463,0.0404,3.23,0.16,none,bullish,cautious_bullish,none,0.85,0.000100,no_signal,normal,28.13,1.9158,2.52,0.9639,0.50
2026-09-04T06:02:44.191742+00:00,APT,HOLD,0.5900,0.000000,0.00,Active position intact (-3.59% from $0.6120 entry). Price $0.5900 is well above trailing stop ($0.5356); trend structure intact.,0.67,1818.04,53.46,0.5713,0.5731,0.5886,-0.0018,-0.0052,4.98,0.15,bullish,bullish,cautious_bullish,none,0.85,0.000100,no_signal,normal,22.32,0.5844,0.84,0.9018,0.45
2026-09-04T06:02:44.191742+00:00,ICP,HOLD,2.5310,0.000000,0.00,Active position in profit (+0.60% from $2.5160 entry). Price $2.5310 comfortably above trailing stop ($2.3707); holding full amount.,0.71,1818.04,60.61,2.4422,2.3720,2.3216,0.0702,0.0640,6.21,0.35,none,bullish,cautious_bullish,none,0.85,-0.000051,no_signal,normal,25.52,2.4297,1.76,0.9008,0.59
2026-09-04T06:02:44.191742+00:00,SUI,HOLD,0.7674,0.000000,0.00,Active position intact (-1.73% from $0.7809 entry). Price $0.7674 is well above trailing stop ($0.6855); trend structure intact.,0.59,1818.04,54.54,0.7519,0.7412,0.7366,0.0107,0.0116,1.32,0.23,none,bullish,cautious_bullish,none,0.85,0.000100,no_signal,normal,27.82,0.7805,7.28,1.0228,0.58
2026-09-04T06:02:44.191742+00:00,HYPE,HOLD,85.9300,0.000000,0.00,Active position intact (-0.15% from $86.0620 entry). Price $85.9300 is well above trailing stop ($76.5674); trend structure intact.,0.89,1818.04,66.67,81.5732,75.2853,69.9771,6.2879,6.0675,7.91,0.18,bearish,bullish,cautious_bullish,none,0.85,0.000050,no_signal,normal,52.39,81.4117,10.43,1.0369,0.46
2026-09-04T06:02:44.191742+00:00,ARB,HOLD,0.1355,0.000000,0.00,Daily RSI is overbought (75.81 > 68 cutoff threshold). Standing aside to catch a healthier pullback.,0.85,1818.04,75.81,0.1103,0.0990,0.0926,0.0114,0.0064,47.12,0.85,none,bullish,cautious_bullish,none,0.85,0.000100,no_signal,normal,40.15,0.1128,10.07,0.9698,0.55
2026-09-04T06:02:44.191742+00:00,UNI,HOLD,6.3070,0.000000,0.00,Daily RSI is overbought (81.19 > 68 cutoff threshold). Standing aside to catch a healthier pullback.,0.85,1818.04,81.19,5.3053,4.7067,4.2573,0.5987,0.3886,47.74,0.39,bearish,bullish,cautious_bullish,none,0.85,0.000080,no_signal,normal,50.66,5.1316,5.81,1.0453,0.47
2026-09-04T06:02:44.191742+00:00,BNB,HOLD,724.2100,0.000000,0.00,Daily RSI is overbought (72.30 > 65 cutoff threshold). Standing aside to catch a healthier pullback.,0.85,1818.04,72.30,695.1217,669.3388,642.5598,25.7829,25.4385,4.29,0.25,none,bullish,cautious_bullish,none,0.85,0.000144,no_signal,normal,43.81,699.8564,10.86,1.0818,0.45
2026-09-04T06:02:44.191742+00:00,BTC,HOLD,80932.6200,0.000000,0.00,Daily RSI is overbought (71.54 > 65 cutoff threshold). Standing aside to catch a healthier pullback.,0.85,1818.04,71.54,77953.3635,74443.2171,71073.7588,3510.1465,3478.8636,3.05,0.18,none,bullish,bullish,hack,1.00,0.000070,no_signal,normal,46.40,78550.4668,10.03,1.1137,0.60
2026-09-04T06:02:44.191742+00:00,XRP,HOLD,1.4480,0.000000,0.00,Daily RSI is overbought (66.07 > 65 cutoff threshold). Standing aside to catch a healthier pullback.,0.85,1818.04,66.07,1.3818,1.3034,1.2331,0.0784,0.0813,0.96,0.15,none,bullish,bullish,none,0.85,0.000100,no_signal,normal,43.11,1.4512,11.85,0.9659,0.54
2026-09-04T06:02:44.191742+00:00,LINK,HOLD,11.8770,0.000000,0.00,Daily RSI is overbought (67.59 > 65 cutoff threshold). Standing aside to catch a healthier pullback.,0.85,1818.04,67.59,11.3546,10.7163,9.9506,0.6383,0.6912,5.19,0.16,none,bullish,cautious_bullish,none,0.85,0.000100,no_signal,normal,58.88,11.5085,6.46,0.9925,0.49
2026-09-04T06:02:44.191742+00:00,ETH,HOLD,2507.8600,0.000000,0.00,Daily RSI is overbought (67.55 > 65 cutoff threshold). Standing aside to catch a healthier pullback.,0.85,1818.04,67.55,2425.9857,2298.3614,2151.9094,127.6243,136.0976,2.67,0.17,none,bullish,bullish,hack,0.85,0.000100,no_signal,normal,47.68,2458.2315,4.84,1.0493,0.51
2026-09-04T06:02:44.191742+00:00,DOT,BUY,0.8690,1091.703107,-948.69,"BULLISH CONFIRMATION (SOLID TIER, Score: 0.71): Dual 1D/4H bullish trend alignment (Price $0.8690 > EMA50), healthy RSI (53.94), strong ADX (20.34), Order Book bid dominance (0.7010), and Taker Ratio (0.9743). RS Rank: #16 (Score: -5.31). [💵 CMF: +0.1405] Initiating SOLID allocation ($948.69).",0.71,1818.04,53.94,0.8615,0.8481,0.8501,0.0134,0.0128,2.00,0.13,none,bullish,cautious_bullish,none,0.85,0.000100,no_signal,normal,20.34,0.8857,5.72,0.9743,0.70
2026-09-04T06:02:44.191742+00:00,XLM,HOLD,0.1829,0.000000,0.00,Portfolio position cap reached (10/10 max positions). Cash reserved until an existing position exits.,0.80,1818.04,54.15,0.1802,0.1783,0.1790,0.0019,0.0022,0.27,0.15,none,neutral,cautious_bullish,none,0.85,0.000100,no_signal,normal,26.74,0.1897,6.89,1.0164,0.55
2026-09-04T06:02:44.191742+00:00,TRX,HOLD,0.3287,0.000000,0.00,Portfolio position cap reached (10/10 max positions). Cash reserved until an existing position exits.,0.80,1818.04,44.08,0.3325,0.3333,0.3326,-0.0009,0.0008,-2.26,0.17,none,bearish,cautious_bullish,none,0.85,-0.000759,no_signal,normal,21.41,0.3371,-6.53,1.0938,0.55
2026-09-04T06:02:44.191742+00:00,INJ,HOLD,4.7710,0.000000,0.00,Portfolio position cap reached (10/10 max positions). Cash reserved until an existing position exits.,0.80,1818.04,46.26,4.9622,4.9221,4.9066,0.0401,0.0873,-14.33,0.24,none,bearish,cautious_bullish,none,0.85,0.000014,no_signal,normal,25.57,5.2516,4.47,0.8899,0.60
2026-09-04T06:02:44.191742+00:00,MATIC,HOLD,0.3794,0.000000,0.00,Portfolio position cap reached (10/10 max positions). Cash reserved until an existing position exits.,0.80,1818.04,38.00,0.3943,0.4190,0.4484,-0.0246,-0.0202,-9.58,0.06,none,bearish,cautious_bullish,none,0.85,0.000100,no_signal,normal,37.07,0.4055,0.00,1.0000,0.50
2026-09-04T09:42:19.409005+00:00,SOL,HOLD,104.3600,0.000000,0.00,Active position in profit (+4.44% from $99.9200 entry) [🔒 PROFIT-LOCK ACTIVE: Stop at $103.0640 locks +3.15% profit]. Price $104.3600 comfortably above trailing stop ($103.0640); holding full amount.,0.79,1818.04,67.64,100.3924,93.8801,87.5636,6.5122,6.5596,8.03,0.28,none,bullish,cautious_bullish,none,0.85,0.000100,no_signal,normal,49.84,100.4030,0.00,1.0000,0.45
2026-09-04T09:42:19.409005+00:00,ADA,HOLD,0.2236,0.000000,0.00,Active position in profit (+0.04% from $0.2235 entry). Price $0.2236 comfortably above trailing stop ($0.1984); holding full amount.,0.87,1818.04,64.05,0.2077,0.2013,0.1939,0.0064,0.0062,6.88,0.55,none,bullish,cautious_bullish,none,0.85,0.000100,no_signal,normal,30.23,0.2147,0.00,1.0000,0.48
2026-09-04T09:42:19.409005+00:00,AVAX,HOLD,7.5110,0.000000,0.00,Active position intact (-0.16% from $7.5230 entry). Price $7.5110 is well above trailing stop ($6.8622); trend structure intact.,0.59,1818.04,61.03,7.3066,7.1181,6.9793,0.1885,0.1959,2.48,0.46,none,bullish,cautious_bullish,none,0.85,0.000100,no_signal,normal,32.11,7.4423,0.00,1.0000,0.51
2026-09-04T09:42:19.409005+00:00,DOT,HOLD,0.8768,0.000000,0.00,Active position in profit (+0.90% from $0.8690 entry). Price $0.8768 comfortably above trailing stop ($0.7864); holding full amount.,0.59,1818.04,55.44,0.8626,0.8486,0.8503,0.0140,0.0130,2.98,0.29,none,bullish,cautious_bullish,none,0.85,0.000100,no_signal,normal,20.38,0.8856,0.00,1.0000,0.55
2026-09-04T09:42:19.409005+00:00,LTC,HOLD,51.2700,0.000000,0.00,Active position in profit (+1.12% from $50.7000 entry). Price $51.2700 comfortably above trailing stop ($47.8846); holding full amount.,0.59,1818.04,62.62,49.7961,48.6985,47.6356,1.0976,1.0663,2.62,0.24,none,bullish,cautious_bullish,none,0.85,0.000100,no_signal,normal,29.44,50.7345,0.00,1.0000,0.50
2026-09-04T09:42:19.409005+00:00,NEAR,HOLD,2.0203,0.000000,0.00,Active position in profit (+5.01% from $1.9240 entry) [🔒 PROFIT-LOCK ACTIVE: Stop at $1.9818 locks +3.00% profit]. Price $2.0203 comfortably above trailing stop ($1.9818); holding full amount.,0.61,1818.04,61.91,1.8995,1.8452,1.8424,0.0543,0.0420,8.59,0.32,none,bullish,cautious_bullish,none,0.85,0.000100,no_signal,normal,28.48,1.9191,0.00,1.0000,0.53
2026-09-04T09:42:19.409005+00:00,APT,HOLD,0.5989,0.000000,0.00,Active position intact (-2.14% from $0.6120 entry). Price $0.5989 is well above trailing stop ($0.5368); trend structure intact.,0.79,1818.04,55.31,0.5727,0.5738,0.5890,-0.0011,-0.0051,6.53,0.49,none,bullish,cautious_bullish,none,0.85,0.000100,no_signal,normal,22.69,0.5839,0.00,1.0000,0.64
2026-09-04T09:42:19.409005+00:00,ICP,HOLD,2.5840,0.000000,0.00,Active position in profit (+2.70% from $2.5160 entry) [🔒 PROFIT-LOCK ACTIVE: Stop at $2.5568 locks +1.62% profit]. Price $2.5840 comfortably above trailing stop ($2.5568); holding full amount.,0.81,1818.04,63.24,2.4513,2.3765,2.3241,0.0748,0.0652,8.43,0.37,none,bullish,cautious_bullish,none,0.85,0.000100,no_signal,normal,25.94,2.4289,0.00,1.0000,0.63
2026-09-04T09:42:19.409005+00:00,SUI,HOLD,0.7773,0.000000,0.00,Active position intact (-0.46% from $0.7809 entry). Price $0.7773 is well above trailing stop ($0.6867); trend structure intact.,0.59,1818.04,56.28,0.7535,0.7419,0.7370,0.0115,0.0118,2.67,0.33,none,bullish,cautious_bullish,none,0.85,0.000100,no_signal,normal,28.32,0.7792,0.00,1.0000,0.38
2026-09-04T09:42:19.409005+00:00,HYPE,HOLD,86.8700,0.000000,0.00,Active position in profit (+0.94% from $86.0620 entry). Price $86.8700 comfortably above trailing stop ($77.5298); holding full amount.,0.89,1818.04,68.60,81.7507,75.3810,70.0370,6.3697,6.0919,9.13,0.40,none,bullish,cautious_bullish,none,0.85,0.000100,no_signal,normal,52.68,81.7857,0.00,1.0000,0.43
2026-09-04T09:42:19.409005+00:00,ARB,HOLD,0.1406,0.000000,0.00,Portfolio position cap reached (10/10 max positions). Cash reserved until an existing position exits.,0.80,1818.04,81.14,0.1111,0.0994,0.0928,0.0118,0.0065,52.53,1.04,none,bullish,cautious_bullish,none,0.85,0.000100,no_signal,normal,40.11,0.1129,0.00,1.0000,0.55
2026-09-04T09:42:19.409005+00:00,UNI,HOLD,6.3350,0.000000,0.00,Portfolio position cap reached (10/10 max positions). Cash reserved until an existing position exits.,0.80,1818.04,81.71,5.3106,4.7094,4.2588,0.6013,0.3894,48.40,0.64,bearish,bullish,cautious_bullish,none,0.85,0.000100,no_signal,normal,50.64,5.1507,0.00,1.0000,0.63
2026-09-04T09:42:19.409005+00:00,BNB,HOLD,719.0200,0.000000,0.00,Portfolio position cap reached (10/10 max positions). Cash reserved until an existing position exits.,0.80,1818.04,69.61,694.3231,668.9653,642.3691,25.3578,25.3491,3.58,0.43,none,bullish,cautious_bullish,none,0.85,0.000100,no_signal,normal,43.95,700.0159,0.00,1.0000,0.44
2026-09-04T09:42:19.409005+00:00,BTC,HOLD,81158.9800,0.000000,0.00,Portfolio position cap reached (10/10 max positions). Cash reserved until an existing position exits.,0.80,1818.04,72.57,77984.6196,74456.8248,71080.5454,3527.7948,3481.5955,3.36,0.38,none,bullish,bullish,hack,1.00,0.000100,no_signal,normal,45.92,78549.6270,0.00,1.0000,0.41
2026-09-04T09:42:19.409005+00:00,LINK,HOLD,12.0750,0.000000,0.00,Portfolio position cap reached (10/10 max positions). Cash reserved until an existing position exits.,0.80,1818.04,69.42,11.3863,10.7319,9.9590,0.6543,0.6947,6.90,0.22,none,bullish,cautious_bullish,none,0.85,0.000100,no_signal,normal,64.22,11.4892,0.00,1.0000,0.48
2026-09-04T09:42:19.409005+00:00,XRP,HOLD,1.4531,0.000000,0.00,Portfolio position cap reached (10/10 max positions). Cash reserved until an existing position exits.,0.80,1818.04,66.60,1.3826,1.3038,1.2333,0.0788,0.0814,1.32,0.28,none,bullish,bullish,none,0.85,0.000100,no_signal,normal,43.15,1.4499,0.00,1.0000,0.62
2026-09-04T09:42:19.409005+00:00,ETH,HOLD,2529.2600,0.000000,0.00,Portfolio position cap reached (10/10 max positions). Cash reserved until an existing position exits.,0.80,1818.04,68.61,2429.3249,2299.9840,2152.7809,129.3409,136.4491,3.55,0.43,none,bullish,bullish,hack,0.85,0.000100,no_signal,normal,48.08,2459.8146,0.00,1.0000,0.43
2026-09-04T09:42:19.409005+00:00,XLM,HOLD,0.1857,0.000000,0.00,Portfolio position cap reached (10/10 max positions). Cash reserved until an existing position exits.,0.80,1818.04,56.62,0.1806,0.1785,0.1791,0.0022,0.0022,1.75,0.25,none,neutral,cautious_bullish,none,0.85,0.000100,no_signal,normal,27.46,0.1903,0.00,1.0000,0.50
2026-09-04T09:42:19.409005+00:00,TRX,HOLD,0.3282,0.000000,0.00,Portfolio position cap reached (10/10 max positions). Cash reserved until an existing position exits.,0.80,1818.04,43.52,0.3324,0.3333,0.3325,-0.0009,0.0008,-2.38,0.31,none,bearish,cautious_bullish,none,0.85,0.000100,no_signal,normal,22.94,0.3370,0.00,1.0000,0.51
2026-09-04T09:42:19.409005+00:00,INJ,HOLD,4.8680,0.000000,0.00,Portfolio position cap reached (10/10 max positions). Cash reserved until an existing position exits.,0.80,1818.04,48.46,4.9769,4.9293,4.9105,0.0476,0.0889,-12.60,0.37,none,bearish,cautious_bullish,none,0.85,0.000100,no_signal,normal,25.39,5.2424,0.00,1.0000,0.66
2026-09-04T09:42:19.409005+00:00,MATIC,HOLD,0.0000,0.000000,0.00,"Data fetch error or inactive Binance spot ticker (All global exchange sources (Binance, MEXC, Bybit) failed for MATICUSDT). Skipping trade.",0.00,1818.04,0.00,0.0000,0.0000,0.0000,0.0000,0.0000,0.00,0.00,none,neutral,no_signal,none,1.00,0.000000,no_signal,normal,0.00,0.0000,0.00,1.0000,0.50
2026-09-04T14:23:57.341824+00:00,SOL,SELL,101.2700,10.008006,1013.51,"Dynamic Profit-Lock Triggered: Price $101.2700 dropped below ratcheted profit stop ($103.0640, +3.15% locked profit from $99.9200 entry). Executing SELL to bank gains.",0.92,4364.82,62.15,99.9170,93.6513,87.4424,6.2657,6.5103,4.83,0.52,none,bullish,cautious_bullish,none,0.85,0.000100,no_signal,normal,49.84,100.3968,0.00,1.0000,0.60
2026-09-04T14:23:57.341824+00:00,ADA,HOLD,0.2136,0.000000,0.00,Active position intact (-4.43% from $0.2235 entry). Price $0.2136 is well above trailing stop ($0.1984); trend structure intact.,0.81,4364.82,57.84,0.2062,0.2006,0.1935,0.0056,0.0060,2.10,0.97,none,bullish,cautious_bullish,none,0.85,0.000100,no_signal,normal,30.23,0.2146,0.00,1.0000,0.59
2026-09-04T14:23:57.341824+00:00,AVAX,HOLD,7.3650,0.000000,0.00,Active position intact (-2.10% from $7.5230 entry). Price $7.3650 is well above trailing stop ($6.8374); trend structure intact.,0.59,4364.82,56.82,7.2842,7.1073,6.9736,0.1768,0.1936,0.49,0.68,none,bullish,cautious_bullish,none,0.85,0.000100,no_signal,normal,32.11,7.4377,0.00,1.0000,0.56
2026-09-04T14:23:57.341824+00:00,DOT,HOLD,0.8553,0.000000,0.00,Active position intact (-1.58% from $0.8690 entry). Price $0.8553 is well above trailing stop ($0.7864); trend structure intact.,0.50,4364.82,51.55,0.8593,0.8470,0.8495,0.0123,0.0127,0.46,0.68,none,neutral,cautious_bullish,none,0.85,0.000100,no_signal,normal,20.18,0.8847,0.00,1.0000,0.55
2026-09-04T14:23:57.341824+00:00,LTC,HOLD,50.3400,0.000000,0.00,Active position intact (-0.71% from $50.7000 entry). Price $50.3400 is well above trailing stop ($47.8846); trend structure intact.,0.59,4364.82,57.84,49.6530,48.6296,47.5992,1.0234,1.0515,0.76,0.50,none,bullish,cautious_bullish,none,0.85,0.000100,no_signal,normal,29.44,50.7235,0.00,1.0000,0.50
2026-09-04T14:23:57.341824+00:00,NEAR,SELL,1.9451,338.409563,658.24,"Dynamic Profit-Lock Triggered: Price $1.9451 dropped below ratcheted profit stop ($1.9818, +3.00% locked profit from $1.9240 entry). Executing SELL to bank gains.",0.92,4364.82,57.76,1.8879,1.8396,1.8395,0.0483,0.0408,4.55,0.48,none,bullish,cautious_bullish,none,0.85,0.000100,no_signal,normal,28.56,1.9191,0.00,1.0000,0.56
2026-09-04T14:23:57.341824+00:00,APT,HOLD,0.5796,0.000000,0.00,Active position intact (-5.29% from $0.6120 entry). Price $0.5796 is well above trailing stop ($0.5348); trend structure intact.,0.55,4364.82,51.36,0.5697,0.5724,0.5883,-0.0027,-0.0054,3.09,0.71,none,neutral,cautious_bullish,none,0.85,0.000100,no_signal,normal,22.64,0.5836,0.00,1.0000,0.57
2026-09-04T14:23:57.341824+00:00,ICP,SELL,2.4570,356.136725,875.03,"Dynamic Profit-Lock Triggered: Price $2.4570 dropped below ratcheted profit stop ($2.5568, +1.62% locked profit from $2.5160 entry). Executing SELL to bank gains.",0.92,4364.82,55.92,2.4318,2.3671,2.3192,0.0647,0.0632,3.11,0.72,none,bullish,cautious_bullish,none,0.85,0.000100,no_signal,normal,25.94,2.4292,0.00,1.0000,0.33
2026-09-04T14:23:57.341824+00:00,SUI,HOLD,0.7506,0.000000,0.00,Active position intact (-3.88% from $0.7809 entry). Price $0.7506 is well above trailing stop ($0.6831); trend structure intact.,0.50,4364.82,51.80,0.7494,0.7400,0.7359,0.0094,0.0113,-0.86,0.57,none,neutral,cautious_bullish,none,0.85,0.000100,no_signal,normal,28.32,0.7785,0.00,1.0000,0.50
2026-09-04T14:23:57.341824+00:00,HYPE,HOLD,84.6700,0.000000,0.00,Active position intact (-1.62% from $86.0620 entry). Price $84.6700 is well above trailing stop ($77.5298); trend structure intact.,0.98,4364.82,64.46,81.4123,75.2181,69.9507,6.1942,6.0568,6.37,0.73,none,bullish,cautious_bullish,none,0.85,0.000100,no_signal,normal,52.68,81.8479,0.00,1.0000,0.64
2026-09-04T14:23:57.341824+00:00,ARB,HOLD,0.1353,0.000000,0.00,Portfolio position cap reached (10/10 max positions). Cash reserved until an existing position exits.,0.80,4364.82,75.60,0.1103,0.0990,0.0926,0.0114,0.0064,46.79,1.55,none,bullish,cautious_bullish,none,0.85,0.000100,no_signal,normal,40.11,0.1134,0.00,1.0000,0.56
2026-09-04T14:23:57.341824+00:00,UNI,HOLD,6.3020,0.000000,0.00,Portfolio position cap reached (10/10 max positions). Cash reserved until an existing position exits.,0.80,4364.82,80.87,5.3056,4.7069,4.2575,0.5986,0.3888,47.62,1.18,bearish,bullish,cautious_bullish,none,0.85,0.000100,no_signal,normal,50.64,5.1880,0.00,1.0000,0.45
2026-09-04T14:23:57.341824+00:00,BNB,HOLD,713.5500,0.000000,0.00,Portfolio position cap reached (10/10 max positions). Cash reserved until an existing position exits.,0.80,4364.82,67.02,693.4816,668.5601,642.1546,24.9215,25.2618,2.79,0.74,none,bullish,cautious_bullish,none,0.85,0.000100,no_signal,normal,43.95,700.3669,0.00,1.0000,0.10
2026-09-04T14:23:57.341824+00:00,BTC,HOLD,79330.0400,0.000000,0.00,Portfolio position cap reached (10/10 max positions). Cash reserved until an existing position exits.,0.80,4364.82,65.32,77703.2442,74321.3478,71008.8223,3381.8964,3452.4158,1.03,0.67,none,bullish,bullish,hack,1.00,0.000100,no_signal,normal,45.92,78548.1043,0.00,1.0000,0.92
2026-09-04T14:23:57.341824+00:00,LINK,HOLD,11.6120,0.000000,0.00,Portfolio position cap reached (10/10 max positions). Cash reserved until an existing position exits.,0.80,4364.82,63.48,11.3150,10.6976,9.9409,0.6174,0.6873,2.80,0.50,none,bullish,cautious_bullish,none,0.85,0.000100,no_signal,normal,64.22,11.4911,0.00,1.0000,0.59
2026-09-04T14:23:57.341824+00:00,XRP,HOLD,1.4052,0.000000,0.00,Portfolio position cap reached (10/10 max positions). Cash reserved until an existing position exits.,0.80,4364.82,60.85,1.3752,1.3003,1.2315,0.0750,0.0807,-2.02,0.59,none,bullish,bullish,none,0.85,0.000100,no_signal,normal,43.15,1.4486,0.00,1.0000,0.69
2026-09-04T14:23:57.341824+00:00,ETH,HOLD,2453.9300,0.000000,0.00,Portfolio position cap reached (10/10 max positions). Cash reserved until an existing position exits.,0.80,4364.82,62.55,2417.7357,2294.4040,2149.8268,123.3317,135.2473,0.46,0.94,none,bullish,bullish,hack,0.85,0.000100,no_signal,normal,48.08,2459.0861,0.00,1.0000,0.58
2026-09-04T14:23:57.341824+00:00,TRX,HOLD,0.3290,0.000000,0.00,Portfolio position cap reached (10/10 max positions). Cash reserved until an existing position exits.,0.80,4364.82,44.36,0.3325,0.3334,0.3326,-0.0009,0.0008,-2.14,0.64,none,bearish,cautious_bullish,none,0.85,0.000100,no_signal,normal,22.94,0.3368,0.00,1.0000,0.51
2026-09-04T14:23:57.341824+00:00,XLM,HOLD,0.1800,0.000000,0.00,Portfolio position cap reached (10/10 max positions). Cash reserved until an existing position exits.,0.80,4364.82,51.73,0.1798,0.1780,0.1789,0.0017,0.0022,-1.37,0.44,none,neutral,cautious_bullish,none,0.85,0.000100,no_signal,normal,27.46,0.1901,0.00,1.0000,0.55
2026-09-04T14:23:57.341824+00:00,INJ,HOLD,4.7050,0.000000,0.00,Portfolio position cap reached (10/10 max positions). Cash reserved until an existing position exits.,0.80,4364.82,44.87,4.9518,4.9172,4.9041,0.0346,0.0863,-15.53,0.69,none,bearish,cautious_bullish,none,0.85,0.000100,no_signal,normal,25.16,5.2307,0.00,1.0000,0.58
2026-09-04T14:23:57.341824+00:00,MATIC,HOLD,0.0000,0.000000,0.00,"Data fetch error or inactive Binance spot ticker (All global exchange sources (Binance, MEXC, Bybit) failed for MATICUSDT). Skipping trade.",0.00,4364.82,0.00,0.0000,0.0000,0.0000,0.0000,0.0000,0.00,0.00,none,neutral,no_signal,none,1.00,0.000000,no_signal,normal,0.00,0.0000,0.00,1.0000,0.50
2026-09-04T15:42:37.632025+00:00,ADA,HOLD,0.2138,0.000000,0.00,Active position intact (-4.34% from $0.2235 entry). Price $0.2138 is well above trailing stop ($0.1984); trend structure intact.,0.81,4364.82,58.03,0.2062,0.2006,0.1936,0.0056,0.0060,2.25,1.14,none,bullish,cautious_bullish,none,0.85,0.000100,no_signal,normal,30.21,0.2150,17.81,1.0203,0.59
2026-09-04T15:42:37.632025+00:00,AVAX,HOLD,7.3700,0.000000,0.00,Active position intact (-2.03% from $7.5230 entry). Price $7.3700 is well above trailing stop ($6.8296); trend structure intact.,0.65,4364.82,56.92,7.2843,7.1070,6.9733,0.1772,0.1935,0.57,0.86,none,bullish,cautious_bullish,none,0.85,0.000018,no_signal,normal,31.75,7.4182,14.26,1.0908,0.50
2026-09-04T15:42:37.632025+00:00,DOT,HOLD,0.8540,0.000000,0.00,Active position intact (-1.73% from $0.8690 entry). Price $0.8540 is well above trailing stop ($0.7864); trend structure intact.,0.50,4364.82,51.32,0.8592,0.8470,0.8495,0.0122,0.0126,0.23,0.74,none,neutral,cautious_bullish,none,0.85,-0.000066,no_signal,normal,19.99,0.8845,5.72,0.9743,0.55
2026-09-04T15:42:37.632025+00:00,LTC,HOLD,50.2400,0.000000,0.00,Active position intact (-0.91% from $50.7000 entry). Price $50.2400 is well above trailing stop ($47.8846); trend structure intact.,0.59,4364.82,57.34,49.6366,48.6210,47.5945,1.0156,1.0497,0.58,0.53,none,bullish,cautious_bullish,none,0.85,0.000088,no_signal,normal,29.54,50.7589,4.64,0.9400,0.53
2026-09-04T15:42:37.632025+00:00,APT,HOLD,0.5770,0.000000,0.00,Active position intact (-5.72% from $0.6120 entry). Price $0.5770 is well above trailing stop ($0.5328); trend structure intact.,0.55,4364.82,50.89,0.5693,0.5721,0.5881,-0.0028,-0.0054,2.67,0.57,bullish,neutral,cautious_bullish,none,0.85,0.000066,no_signal,normal,22.13,0.5843,0.84,0.9018,0.49
2026-09-04T15:42:37.632025+00:00,SUI,HOLD,0.7501,0.000000,0.00,Active position intact (-3.94% from $0.7809 entry). Price $0.7501 is well above trailing stop ($0.6829); trend structure intact.,0.50,4364.82,51.72,0.7492,0.7399,0.7359,0.0093,0.0113,-0.96,0.73,none,neutral,cautious_bullish,none,0.85,0.000100,no_signal,normal,27.82,0.7796,7.28,1.0228,0.52
2026-09-04T15:42:37.632025+00:00,HYPE,HOLD,84.5230,0.000000,0.00,Active position intact (-1.79% from $86.0620 entry). Price $84.5230 is well above trailing stop ($77.5298); trend structure intact.,0.89,4364.82,64.13,81.3568,75.1811,69.9219,6.1757,6.0450,6.14,0.62,bearish,bullish,cautious_bullish,none,0.85,0.000050,no_signal,normal,52.39,81.5266,10.43,1.0369,0.37
2026-09-04T15:42:37.632025+00:00,ARB,HOLD,0.1341,0.000000,0.00,Daily RSI is overbought (74.46 > 68 cutoff threshold). Standing aside to catch a healthier pullback.,0.85,4364.82,74.46,0.1101,0.0989,0.0925,0.0113,0.0064,45.60,1.77,none,bullish,cautious_bullish,none,0.85,0.000100,no_signal,normal,40.15,0.1141,10.07,0.9698,0.60
2026-09-04T15:42:37.632025+00:00,UNI,HOLD,6.3050,0.000000,0.00,Daily RSI is overbought (81.13 > 68 cutoff threshold). Standing aside to catch a healthier pullback.,0.85,4364.82,81.13,5.3050,4.7065,4.2573,0.5985,0.3886,47.69,1.12,bearish,bullish,cautious_bullish,none,0.85,0.000088,no_signal,normal,50.66,5.1822,5.81,1.0453,0.46
2026-09-04T15:42:37.632025+00:00,BNB,HOLD,717.5800,0.000000,0.00,Daily RSI is overbought (68.95 > 65 cutoff threshold). Standing aside to catch a healthier pullback.,0.85,4364.82,68.95,694.1017,668.8477,642.2998,25.2540,25.3327,3.34,0.80,none,bullish,cautious_bullish,none,0.85,0.000077,no_signal,normal,43.81,700.5504,10.86,1.0818,0.55
2026-09-04T15:42:37.632025+00:00,NEAR,HOLD,1.9400,0.000000,0.00,Order book depth skewed to asks (imbalance ratio 0.4657 < 0.48). Lacks sufficient bid support.,0.75,4364.82,57.34,1.8869,1.8390,1.8390,0.0479,0.0407,4.30,1.05,none,bullish,cautious_bullish,none,0.85,0.000100,no_signal,normal,28.23,1.9188,2.52,0.9639,0.47
2026-09-04T15:42:37.632025+00:00,BTC,HOLD,79512.0000,0.000000,0.00,Daily RSI is overbought (65.94 > 65 cutoff threshold). Standing aside to catch a healthier pullback.,0.85,4364.82,65.94,77734.8066,74337.9860,71018.0482,3396.8207,3456.1984,1.24,0.82,none,bullish,bullish,hack,1.00,0.000047,no_signal,normal,46.40,78601.9159,10.03,1.1137,0.47
2026-09-04T15:42:37.632025+00:00,SOL,HOLD,101.5500,0.000000,0.00,"Multi-timeframe trend alignment unfulfilled (1D: 'bullish', 4H: 'neutral'). Requires dual bullish alignment.",0.75,4364.82,62.64,99.9552,93.6687,87.4513,6.2866,6.5136,5.12,0.59,none,bullish,cautious_bullish,none,0.85,-0.000032,no_signal,normal,49.76,100.2968,1.35,0.9774,0.60
2026-09-04T15:42:37.632025+00:00,ICP,HOLD,2.4550,0.000000,0.00,"Multi-timeframe trend alignment unfulfilled (1D: 'bullish', 4H: 'bearish'). Requires dual bullish alignment.",0.75,4364.82,55.72,2.4305,2.3663,2.3187,0.0641,0.0628,3.02,1.11,none,bullish,cautious_bullish,none,0.85,-0.000065,no_signal,normal,25.75,2.4315,1.76,0.9008,0.64
2026-09-04T15:42:37.632025+00:00,LINK,HOLD,11.6800,0.000000,0.00,Order book depth skewed to asks (imbalance ratio 0.4570 < 0.48). Lacks sufficient bid support.,0.75,4364.82,64.49,11.3243,10.7017,9.9428,0.6226,0.6881,3.45,0.75,none,bullish,cautious_bullish,none,0.85,-0.000005,no_signal,normal,59.02,11.5189,6.46,0.9925,0.46
2026-09-04T15:42:37.632025+00:00,ETH,HOLD,2455.8900,0.000000,0.00,"Multi-timeframe trend alignment unfulfilled (1D: 'bullish', 4H: 'neutral'). Requires dual bullish alignment.",0.75,4364.82,62.69,2417.9903,2294.5118,2149.8714,123.4785,135.2685,0.54,0.96,none,bullish,bullish,hack,0.85,0.000011,no_signal,normal,47.77,2459.0493,4.84,1.0493,0.54
2026-09-04T15:42:37.632025+00:00,XRP,HOLD,1.4007,0.000000,0.00,Price $1.4007 is trading notably below VWAP ($1.4494). Awaiting reclaim of VWAP.,0.75,4364.82,60.36,1.3745,1.2999,1.2313,0.0746,0.0806,-2.34,0.71,none,bullish,bullish,none,0.85,0.000008,no_signal,normal,43.11,1.4494,11.85,0.9659,0.50
2026-09-04T15:42:37.632025+00:00,TRX,HOLD,0.3302,0.000000,0.00,"Multi-timeframe trend alignment unfulfilled (1D: 'bearish', 4H: 'neutral'). Requires dual bullish alignment.",0.75,4364.82,45.71,0.3327,0.3335,0.3326,-0.0008,0.0008,-1.81,0.73,none,bearish,cautious_bullish,none,0.85,-0.000057,no_signal,normal,21.41,0.3368,-6.53,1.0938,0.51
2026-09-04T15:42:37.632025+00:00,XLM,HOLD,0.1793,0.000000,0.00,"Multi-timeframe trend alignment unfulfilled (1D: 'neutral', 4H: 'neutral'). Requires dual bullish alignment.",0.75,4364.82,51.14,0.1796,0.1780,0.1789,0.0017,0.0021,-1.70,0.64,none,neutral,cautious_bullish,none,0.85,0.000100,no_signal,normal,26.74,0.1893,6.89,1.0164,0.58
2026-09-04T15:42:37.632025+00:00,INJ,HOLD,4.7440,0.000000,0.00,"Multi-timeframe trend alignment unfulfilled (1D: 'bearish', 4H: 'bearish'). Requires dual bullish alignment.",0.75,4364.82,45.69,4.9580,4.9201,4.9056,0.0379,0.0869,-14.81,0.76,none,bearish,cautious_bullish,none,0.85,-0.000815,no_signal,normal,25.19,5.2351,4.47,0.8899,0.80
2026-09-04T15:42:37.632025+00:00,MATIC,HOLD,0.3794,0.000000,0.00,Institutional money flow is negative (CMF -0.1162 <= -0.10). Smart money distribution vetoes buy entry.,0.85,4364.82,38.00,0.3943,0.4190,0.4484,-0.0246,-0.0202,-9.58,0.06,none,bearish,cautious_bullish,none,0.85,0.000100,no_signal,normal,37.07,0.4055,0.00,1.0000,0.50
2026-09-04T16:02:46.897046+00:00,ADA,SELL,0.2128,3571.409396,760.00,🚨 BTC Macro Flush Circuit Breaker Triggered: BTC Fast Intraday Flush: Price stretched -0.92% below 1H EMA20 with RSI1H at 41.1. Altcoin position is underwater (-4.79% from $0.2235 entry). Executing defensive SELL to prevent altcoin beta cascade.,0.90,6613.94,57.40,0.2061,0.2005,0.1935,0.0056,0.0060,1.77,1.17,none,bullish,cautious_bullish,none,0.85,0.000100,no_signal,normal,30.21,0.2149,17.81,1.0203,0.52
2026-09-04T16:02:46.897046+00:00,AVAX,HOLD,7.3610,0.000000,0.00,Active position intact (-2.15% from $7.5230 entry). Price $7.3610 is well above trailing stop ($6.8296); trend structure intact.,0.65,6613.94,56.68,7.2829,7.1064,6.9730,0.1765,0.1933,0.45,0.86,none,bullish,cautious_bullish,none,0.85,0.000017,no_signal,normal,31.75,7.4180,14.26,1.0908,0.53
2026-09-04T16:02:46.897046+00:00,DOT,HOLD,0.8540,0.000000,0.00,Active position intact (-1.73% from $0.8690 entry). Price $0.8540 is well above trailing stop ($0.7864); trend structure intact.,0.51,6613.94,51.32,0.8592,0.8470,0.8495,0.0122,0.0126,0.23,0.74,none,neutral,cautious_bullish,none,0.85,-0.000054,no_signal,normal,19.99,0.8845,5.72,0.9743,0.61
2026-09-04T16:02:46.897046+00:00,LTC,HOLD,50.2500,0.000000,0.00,Active position intact (-0.89% from $50.7000 entry). Price $50.2500 is well above trailing stop ($47.8846); trend structure intact.,0.59,6613.94,57.39,49.6381,48.6217,47.5949,1.0164,1.0499,0.60,0.54,none,bullish,cautious_bullish,none,0.85,0.000092,no_signal,normal,29.54,50.7589,4.64,0.9400,0.50
2026-09-04T16:02:46.897046+00:00,APT,SELL,0.5770,1257.091503,725.34,🚨 BTC Macro Flush Circuit Breaker Triggered: BTC Fast Intraday Flush: Price stretched -0.92% below 1H EMA20 with RSI1H at 41.1. Altcoin position is underwater (-5.72% from $0.6120 entry). Executing defensive SELL to prevent altcoin beta cascade.,0.90,6613.94,50.89,0.5693,0.5721,0.5881,-0.0028,-0.0054,2.67,0.59,bullish,neutral,cautious_bullish,none,0.85,0.000064,no_signal,normal,22.13,0.5843,0.84,0.9018,0.48
2026-09-04T16:02:46.897046+00:00,SUI,SELL,0.7485,1020.412345,763.78,🚨 BTC Macro Flush Circuit Breaker Triggered: BTC Fast Intraday Flush: Price stretched -0.92% below 1H EMA20 with RSI1H at 41.1. Altcoin position is underwater (-4.15% from $0.7809 entry). Executing defensive SELL to prevent altcoin beta cascade.,0.90,6613.94,51.48,0.7490,0.7398,0.7358,0.0092,0.0113,-1.18,0.74,none,neutral,cautious_bullish,none,0.85,0.000100,no_signal,normal,27.82,0.7796,7.28,1.0228,0.50
2026-09-04T16:02:46.897046+00:00,HYPE,HOLD,84.5590,0.000000,0.00,Active position intact (-1.75% from $86.0620 entry). Price $84.5590 is well above trailing stop ($77.5298); trend structure intact.,0.89,6613.94,64.19,81.3623,75.1837,69.9234,6.1786,6.0456,6.18,0.63,bearish,bullish,cautious_bullish,none,0.85,0.000050,no_signal,normal,52.39,81.5302,10.43,1.0369,0.56
2026-09-04T16:02:46.897046+00:00,ARB,HOLD,0.1352,0.000000,0.00,🚨 BTC Macro Flush Alert Active (BTC Fast Intraday Flush: Price stretched -0.92% below 1H EMA20 with RSI1H at 41.1). Vetoing all new altcoin buy entries to preserve liquid cash.,0.90,6613.94,75.51,0.1103,0.0989,0.0926,0.0113,0.0064,46.80,1.79,none,bullish,cautious_bullish,none,0.85,0.000100,no_signal,normal,40.15,0.1141,10.07,0.9698,0.56
2026-09-04T16:02:46.897046+00:00,UNI,HOLD,6.2620,0.000000,0.00,🚨 BTC Macro Flush Alert Active (BTC Fast Intraday Flush: Price stretched -0.92% below 1H EMA20 with RSI1H at 41.1). Vetoing all new altcoin buy entries to preserve liquid cash.,0.90,6613.94,79.91,5.2984,4.7033,4.2556,0.5951,0.3879,46.69,1.13,bearish,bullish,cautious_bullish,none,0.85,0.000100,no_signal,normal,50.66,5.1820,5.81,1.0453,0.63
2026-09-04T16:02:46.897046+00:00,BNB,HOLD,716.6200,0.000000,0.00,🚨 BTC Macro Flush Alert Active (BTC Fast Intraday Flush: Price stretched -0.92% below 1H EMA20 with RSI1H at 41.1). Vetoing all new altcoin buy entries to preserve liquid cash.,0.90,6613.94,68.49,693.9540,668.7766,642.2622,25.1775,25.3174,3.20,0.81,none,bullish,cautious_bullish,none,0.85,0.000073,no_signal,normal,43.81,700.5432,10.86,1.0818,0.54
2026-09-04T16:02:46.897046+00:00,NEAR,HOLD,1.9430,0.000000,0.00,🚨 BTC Macro Flush Alert Active (BTC Fast Intraday Flush: Price stretched -0.92% below 1H EMA20 with RSI1H at 41.1). Vetoing all new altcoin buy entries to preserve liquid cash.,0.90,6613.94,57.57,1.8874,1.8392,1.8392,0.0482,0.0407,4.46,1.06,none,bullish,cautious_bullish,none,0.85,0.000100,no_signal,normal,28.23,1.9189,2.52,0.9639,0.49
2026-09-04T16:02:46.897046+00:00,BTC,HOLD,79445.3400,0.000000,0.00,Daily RSI is overbought (65.70 > 65 cutoff threshold). Standing aside to catch a healthier pullback.,0.85,6613.94,65.70,77724.5512,74333.0482,71015.4341,3391.5030,3455.1349,1.15,0.83,none,bullish,bullish,hack,1.00,0.000044,no_signal,normal,46.40,78601.7792,10.03,1.1137,0.44
2026-09-04T16:02:46.897046+00:00,SOL,HOLD,101.4900,0.000000,0.00,🚨 BTC Macro Flush Alert Active (BTC Fast Intraday Flush: Price stretched -0.92% below 1H EMA20 with RSI1H at 41.1). Vetoing all new altcoin buy entries to preserve liquid cash.,0.90,6613.94,62.53,99.9460,93.6642,87.4490,6.2818,6.5126,5.06,0.60,none,bullish,cautious_bullish,none,0.85,-0.000035,no_signal,normal,49.76,100.2969,1.35,0.9774,0.58
2026-09-04T16:02:46.897046+00:00,ICP,HOLD,2.4560,0.000000,0.00,🚨 BTC Macro Flush Alert Active (BTC Fast Intraday Flush: Price stretched -0.92% below 1H EMA20 with RSI1H at 41.1). Vetoing all new altcoin buy entries to preserve liquid cash.,0.90,6613.94,55.79,2.4306,2.3664,2.3187,0.0642,0.0628,3.06,1.13,none,bullish,cautious_bullish,none,0.85,-0.000043,no_signal,normal,25.75,2.4316,1.76,0.9008,0.64
2026-09-04T16:02:46.897046+00:00,LINK,HOLD,11.6670,0.000000,0.00,🚨 BTC Macro Flush Alert Active (BTC Fast Intraday Flush: Price stretched -0.92% below 1H EMA20 with RSI1H at 41.1). Vetoing all new altcoin buy entries to preserve liquid cash.,0.90,6613.94,64.27,11.3223,10.7007,9.9423,0.6216,0.6879,3.33,0.76,none,bullish,cautious_bullish,none,0.85,-0.000009,no_signal,normal,59.02,11.5188,6.46,0.9925,0.43
2026-09-04T16:02:46.897046+00:00,ETH,HOLD,2451.9200,0.000000,0.00,🚨 BTC Macro Flush Alert Active (BTC Fast Intraday Flush: Price stretched -0.92% below 1H EMA20 with RSI1H at 41.1). Vetoing all new altcoin buy entries to preserve liquid cash.,0.90,6613.94,62.34,2417.3796,2294.2177,2149.7157,123.1618,135.2051,0.38,0.97,none,bullish,bullish,hack,0.85,0.000006,no_signal,normal,47.77,2458.9627,4.84,1.0493,0.41
2026-09-04T16:02:46.897046+00:00,XRP,HOLD,1.3992,0.000000,0.00,🚨 BTC Macro Flush Alert Active (BTC Fast Intraday Flush: Price stretched -0.92% below 1H EMA20 with RSI1H at 41.1). Vetoing all new altcoin buy entries to preserve liquid cash.,0.90,6613.94,60.19,1.3743,1.2998,1.2312,0.0745,0.0806,-2.45,0.72,none,bullish,bullish,none,0.85,0.000011,no_signal,normal,43.11,1.4494,11.85,0.9659,0.45
2026-09-04T16:02:46.897046+00:00,TRX,HOLD,0.3302,0.000000,0.00,🚨 BTC Macro Flush Alert Active (BTC Fast Intraday Flush: Price stretched -0.92% below 1H EMA20 with RSI1H at 41.1). Vetoing all new altcoin buy entries to preserve liquid cash.,0.90,6613.94,45.71,0.3327,0.3335,0.3326,-0.0008,0.0008,-1.81,0.74,none,bearish,cautious_bullish,none,0.85,-0.000050,no_signal,normal,21.41,0.3368,-6.53,1.0938,0.52
2026-09-04T16:02:46.897046+00:00,XLM,HOLD,0.1789,0.000000,0.00,🚨 BTC Macro Flush Alert Active (BTC Fast Intraday Flush: Price stretched -0.92% below 1H EMA20 with RSI1H at 41.1). Vetoing all new altcoin buy entries to preserve liquid cash.,0.90,6613.94,50.83,0.1796,0.1780,0.1789,0.0016,0.0021,-1.92,0.64,none,neutral,cautious_bullish,none,0.85,0.000100,no_signal,normal,26.74,0.1893,6.89,1.0164,0.56
2026-09-04T16:02:46.897046+00:00,INJ,HOLD,4.7360,0.000000,0.00,🚨 BTC Macro Flush Alert Active (BTC Fast Intraday Flush: Price stretched -0.92% below 1H EMA20 with RSI1H at 41.1). Vetoing all new altcoin buy entries to preserve liquid cash.,0.90,6613.94,45.52,4.9568,4.9195,4.9053,0.0373,0.0868,-14.96,0.77,none,bearish,cautious_bullish,none,0.85,-0.000868,no_signal,normal,25.19,5.2345,4.47,0.8899,0.70
2026-09-04T16:02:46.897046+00:00,MATIC,HOLD,0.3794,0.000000,0.00,🚨 BTC Macro Flush Alert Active (BTC Fast Intraday Flush: Price stretched -0.92% below 1H EMA20 with RSI1H at 41.1). Vetoing all new altcoin buy entries to preserve liquid cash.,0.90,6613.94,38.00,0.3943,0.4190,0.4484,-0.0246,-0.0202,-9.58,0.06,none,bearish,cautious_bullish,none,0.85,0.000100,no_signal,normal,37.07,0.4055,0.00,1.0000,0.50
2026-09-04T17:06:55.052022+00:00,ADA,BUY,0.2134,3496.485473,-746.15,"BULLISH CONFIRMATION (SOLID TIER, Score: 0.69): Dual 1D/4H bullish trend alignment (Price $0.2134 > EMA50), healthy RSI (57.72), strong ADX (30.23), Order Book bid dominance (0.4945), and Taker Ratio (1.0000). RS Rank: #11 (Score: -1.85). [💵 CMF: +0.1390] Initiating SOLID allocation ($746.15).",0.90,0.00,50.00,0.0000,0.0000,0.0000,0.0000,0.0000,0.00,1.00,none,bullish,bullish,none,0.85,0.000100,no_signal,normal,25.00,0.2134,0.00,1.0000,746.15
2026-09-04T17:06:55.052022+00:00,LINK,BUY,11.6850,54.596491,-637.96,"BULLISH CONFIRMATION (CAUTIOUS TIER, Score: 0.63): Dual 1D/4H bullish trend alignment (Price $11.6850 > EMA50), healthy RSI (64.71), strong ADX (64.22), Order Book bid dominance (0.5846), and Taker Ratio (1.0000). RS Rank: #12 (Score: -1.85). [💵 CMF: +0.2569] Initiating CAUTIOUS allocation ($637.96).",0.90,0.00,50.00,0.0000,0.0000,0.0000,0.0000,0.0000,0.00,1.00,none,bullish,bullish,none,0.85,0.000100,no_signal,normal,25.00,11.6850,0.00,1.0000,637.96
2026-09-05T01:00:57.773807+00:00,SUI,BUY,0.7612,818.828792,-623.28,"BULLISH CONFIRMATION (CAUTIOUS TIER, Score: 0.59): Dual 1D/4H bullish trend alignment (Price $0.7608 > EMA50), healthy RSI (53.37), strong ADX (28.66), Order Book bid dominance (0.5401), and Taker Ratio (1.0000). RS Rank: #17 (Score: -3.66). [💵 CMF: +0.0900] Initiating CAUTIOUS allocation ($623.90).",0.90,0.00,50.00,0.0000,0.0000,0.0000,0.0000,0.0000,0.00,1.00,none,bullish,bullish,none,0.85,0.000100,no_signal,normal,25.00,0.7612,0.00,1.0000,623.28
2026-09-05T04:00:56.791606+00:00,APT,BUY,0.5886,1019.139679,-599.86,"BULLISH CONFIRMATION (CAUTIOUS TIER, Score: 0.59): Dual 1D/4H bullish trend alignment (Price $0.5883 > EMA50), healthy RSI (53.00), strong ADX (23.04), Order Book bid dominance (0.5440), and Taker Ratio (1.0000). RS Rank: #10 (Score: -0.12). [💵 CMF: +0.1585] Initiating CAUTIOUS allocation ($600.46).",0.90,0.00,50.00,0.0000,0.0000,0.0000,0.0000,0.0000,0.00,1.00,none,bullish,bullish,none,0.85,0.000100,no_signal,normal,25.00,0.5886,0.00,1.0000,599.86
2026-09-05T04:31:01.673213+00:00,DOT,SELL,0.8865,1091.703107,967.75,"Dynamic Profit-Lock Triggered: Price $0.8869 dropped below ratcheted profit stop ($0.8910, +2.53% locked profit from $0.8690 entry). Executing SELL to bank gains.",0.90,0.00,50.00,0.0000,0.0000,0.0000,0.0000,0.0000,0.00,1.00,none,bullish,bullish,none,0.85,0.000100,no_signal,normal,25.00,0.8865,0.00,1.0000,967.75
2026-09-05T06:30:59.197506+00:00,ICP,BUY,2.6803,402.136110,-1077.86,"BULLISH CONFIRMATION (A+ TIER, Score: 0.91): Dual 1D/4H bullish trend alignment (Price $2.6790 > EMA50), healthy RSI (65.91), strong ADX (27.23), Order Book bid dominance (0.6090), and Taker Ratio (1.0000). RS Rank: #5 (Score: +8.16). [💵 CMF: +0.1357] Initiating A+ allocation ($1078.94).",0.90,0.00,50.00,0.0000,0.0000,0.0000,0.0000,0.0000,0.00,1.00,none,bullish,bullish,none,0.85,0.000100,no_signal,normal,25.00,2.6803,0.00,1.0000,1077.86
2026-09-05T08:01:00.257329+00:00,XRP,BUY,1.4053,486.817211,-684.13,"BULLISH CONFIRMATION (CAUTIOUS TIER, Score: 0.59): Dual 1D/4H bullish trend alignment (Price $1.4046 > EMA50), healthy RSI (60.58), strong ADX (43.25), Order Book bid dominance (0.5057), and Taker Ratio (1.0000). RS Rank: #18 (Score: -3.70). [💵 CMF: +0.1200] Initiating CAUTIOUS allocation ($684.81).",0.90,0.00,50.00,0.0000,0.0000,0.0000,0.0000,0.0000,0.00,1.00,none,bullish,bullish,none,0.85,0.000100,no_signal,normal,25.00,1.4053,0.00,1.0000,684.13
2026-09-05T08:31:48.267428+00:00,APT,SELL,0.5990,1019.139679,610.46,"Dynamic Profit-Lock Triggered: Price $0.5993 dropped below ratcheted profit stop ($0.6002, +1.97% locked profit from $0.5886 entry). Executing SELL to bank gains.",0.90,0.00,50.00,0.0000,0.0000,0.0000,0.0000,0.0000,0.00,1.00,none,bullish,bullish,none,0.85,0.000100,no_signal,normal,25.00,0.5990,0.00,1.0000,610.46
2026-09-05T09:00:57.673377+00:00,APT,BUY,0.5997,1274.845256,-764.52,"BULLISH CONFIRMATION (SOLID TIER, Score: 0.69): Dual 1D/4H bullish trend alignment (Price $0.5994 > EMA50), healthy RSI (54.93), strong ADX (23.15), Order Book bid dominance (0.5512), and Taker Ratio (1.0000). RS Rank: #8 (Score: +1.69). [💵 CMF: +0.1589] Initiating SOLID allocation ($765.29).",0.90,0.00,50.00,0.0000,0.0000,0.0000,0.0000,0.0000,0.00,1.00,none,bullish,bullish,none,0.85,0.000100,no_signal,normal,25.00,0.5997,0.00,1.0000,764.52
2026-09-05T09:45:59.830156+00:00,LTC,SELL,52.9835,19.723866,1045.04,"Dynamic Profit-Lock Triggered: Price $53.0100 dropped below ratcheted profit stop ($53.5700, +5.66% locked profit from $50.7000 entry). Realized PnL: +45.56 USD (+4.56%). Executing SELL to bank gains.",0.90,0.00,50.00,0.0000,0.0000,0.0000,0.0000,0.0000,0.00,1.00,none,bullish,bullish,none,0.85,0.000100,no_signal,normal,25.00,52.9835,0.00,1.0000,1045.04
2026-09-05T11:24:36.924711+00:00,AVAX,HOLD,7.4800,0.000000,0.00,Active position intact (-0.57% from $7.5230 entry). Price $7.4800 is well above trailing stop ($6.8516); trend structure intact.,0.51,5622.20,59.30,7.3165,7.1357,6.9919,0.1808,0.1912,0.52,0.43,none,bullish,cautious_bullish,none,0.85,0.000100,no_signal,normal,32.02,7.3817,-6.44,0.8356,0.45
2026-09-05T11:24:36.924711+00:00,HYPE,HOLD,84.7610,0.000000,0.00,Active position intact (-1.51% from $86.0620 entry). Price $84.7610 is well above trailing stop ($77.5972); trend structure intact.,0.61,5622.20,64.29,81.8644,75.8835,70.5521,5.9808,6.0289,3.03,0.14,bearish,bullish,cautious_bullish,none,0.85,0.000050,no_signal,normal,53.32,82.2320,-8.13,0.9181,0.40
2026-09-05T11:24:36.924711+00:00,ADA,HOLD,0.2127,0.000000,0.00,Active position intact (-0.33% from $0.2134 entry). Price $0.2127 is well above trailing stop ($0.1869); trend structure intact.,0.71,5622.20,57.17,0.2069,0.2013,0.1942,0.0056,0.0059,0.14,0.40,none,bullish,cautious_bullish,none,0.85,-0.000038,no_signal,normal,30.83,0.2112,-8.53,0.9249,0.58
2026-09-05T11:24:36.924711+00:00,LINK,HOLD,11.7310,0.000000,0.00,Active position in profit (+0.39% from $11.6850 entry). Price $11.7310 comfortably above trailing stop ($10.6744); holding full amount.,0.51,5622.20,64.66,11.3806,10.7747,10.0115,0.6060,0.6710,0.92,0.23,none,bullish,cautious_bullish,none,0.85,0.000100,no_signal,normal,59.23,11.4824,-4.18,0.9776,0.42
2026-09-05T11:24:36.924711+00:00,SUI,SELL,0.7833,818.828792,640.43,"Dynamic Profit-Lock Triggered: Price $0.7833 dropped below ratcheted profit stop ($0.7835, +2.93% locked profit from $0.7612 entry). Realized PnL: +18.13 USD (+2.91%). Executing SELL to bank gains.",0.92,5622.20,56.52,0.7552,0.7435,0.7375,0.0117,0.0115,2.06,0.51,none,bullish,cautious_bullish,none,0.85,0.000100,no_signal,normal,28.25,0.7682,-3.20,0.9088,0.56
2026-09-05T11:24:36.924711+00:00,ICP,HOLD,2.6170,0.000000,0.00,Active position intact (-2.36% from $2.6803 entry). Price $2.6170 is well above trailing stop ($2.4090); trend structure intact.,0.69,5622.20,63.44,2.4609,2.3858,2.3292,0.0751,0.0655,8.91,0.89,none,bullish,cautious_bullish,none,0.85,0.000074,no_signal,normal,27.20,2.4473,-6.68,0.8898,0.57
2026-09-05T11:24:36.924711+00:00,XRP,HOLD,1.4031,0.000000,0.00,Active position intact (-0.16% from $1.4053 entry). Price $1.4031 is well above trailing stop ($1.2513); trend structure intact.,0.51,5622.20,60.47,1.3786,1.3074,1.2382,0.0712,0.0787,-1.39,0.15,none,bullish,bullish,none,0.85,-0.000034,no_signal,normal,43.20,1.4304,-9.56,0.9152,0.54
2026-09-05T11:24:36.924711+00:00,APT,HOLD,0.5990,0.000000,0.00,Active position intact (-0.12% from $0.5997 entry). Price $0.5990 is well above trailing stop ($0.5249); trend structure intact.,0.59,5622.20,54.93,0.5744,0.5744,0.5886,0.0000,-0.0043,4.90,0.38,bullish,bullish,cautious_bullish,none,0.85,0.000100,no_signal,normal,22.76,0.5768,-2.26,0.8804,0.50
2026-09-05T11:26:27.058232+00:00,AVAX,HOLD,7.4830,0.000000,0.00,Active position intact (-0.53% from $7.5230 entry). Price $7.4830 is well above trailing stop ($6.8516); trend structure intact.,0.51,5780.26,59.36,7.3169,7.1359,6.9920,0.1810,0.1912,0.56,0.43,none,bullish,cautious_bullish,none,0.85,0.000100,no_signal,normal,32.02,7.3817,-6.44,0.8356,0.47
2026-09-05T11:26:27.058232+00:00,HYPE,HOLD,84.7690,0.000000,0.00,Active position intact (-1.50% from $86.0620 entry). Price $84.7690 is well above trailing stop ($77.5972); trend structure intact.,0.61,5780.26,64.29,81.8656,75.8841,70.5524,5.9815,6.0291,3.04,0.14,bearish,bullish,cautious_bullish,none,0.85,0.000050,no_signal,normal,53.32,82.2320,-8.13,0.9181,0.41
2026-09-05T11:26:27.058232+00:00,ADA,HOLD,0.2127,0.000000,0.00,Active position intact (-0.33% from $0.2134 entry). Price $0.2127 is well above trailing stop ($0.1869); trend structure intact.,0.59,5780.26,57.17,0.2069,0.2013,0.1942,0.0056,0.0059,0.14,0.40,none,bullish,cautious_bullish,none,0.85,-0.000036,no_signal,normal,30.83,0.2112,-8.53,0.9249,0.57
2026-09-05T11:26:27.058232+00:00,LINK,HOLD,11.7280,0.000000,0.00,Active position in profit (+0.37% from $11.6850 entry). Price $11.7280 comfortably above trailing stop ($10.6744); holding full amount.,0.51,5780.26,64.64,11.3802,10.7744,10.0114,0.6057,0.6710,0.89,0.23,none,bullish,cautious_bullish,none,0.85,0.000100,no_signal,normal,59.23,11.4823,-4.18,0.9776,0.47
2026-09-05T11:26:27.058232+00:00,ICP,HOLD,2.6160,0.000000,0.00,Active position intact (-2.40% from $2.6803 entry). Price $2.6160 is well above trailing stop ($2.4090); trend structure intact.,0.69,5780.26,63.40,2.4607,2.3857,2.3291,0.0750,0.0655,8.86,0.89,none,bullish,cautious_bullish,none,0.85,0.000073,no_signal,normal,27.20,2.4472,-6.68,0.8898,0.57
2026-09-05T11:26:27.058232+00:00,XRP,HOLD,1.4031,0.000000,0.00,Active position intact (-0.16% from $1.4053 entry). Price $1.4031 is well above trailing stop ($1.2513); trend structure intact.,0.51,5780.26,60.47,1.3786,1.3074,1.2382,0.0712,0.0787,-1.39,0.15,none,bullish,bullish,none,0.85,-0.000033,no_signal,normal,43.20,1.4304,-9.56,0.9152,0.51
2026-09-05T11:26:27.058232+00:00,APT,HOLD,0.5990,0.000000,0.00,Active position intact (-0.12% from $0.5997 entry). Price $0.5990 is well above trailing stop ($0.5249); trend structure intact.,0.59,5780.26,54.93,0.5744,0.5744,0.5886,0.0000,-0.0043,4.90,0.38,bullish,bullish,cautious_bullish,none,0.85,0.000100,no_signal,normal,22.76,0.5768,-2.26,0.8804,0.48
2026-09-05T11:27:20.471835+00:00,AVAX,HOLD,7.4880,0.000000,0.00,Active position intact (-0.47% from $7.5230 entry). Price $7.4880 is well above trailing stop ($6.8516); trend structure intact.,0.51,4735.33,59.46,7.3177,7.1363,6.9922,0.1814,0.1913,0.63,0.43,none,bullish,cautious_bullish,none,0.85,0.000100,no_signal,normal,32.02,7.3818,-6.44,0.8356,0.46
2026-09-05T11:27:20.471835+00:00,HYPE,HOLD,84.8410,0.000000,0.00,Active position intact (-1.42% from $86.0620 entry). Price $84.8410 is well above trailing stop ($77.5972); trend structure intact.,0.61,4735.33,64.37,81.8767,75.8894,70.5552,5.9872,6.0302,3.13,0.14,bearish,bullish,cautious_bullish,none,0.85,0.000050,no_signal,normal,53.32,82.2323,-8.13,0.9181,0.43
2026-09-05T11:27:20.471835+00:00,ADA,HOLD,0.2128,0.000000,0.00,Active position intact (-0.28% from $0.2134 entry). Price $0.2128 is well above trailing stop ($0.1869); trend structure intact.,0.59,4735.33,57.22,0.2069,0.2013,0.1942,0.0056,0.0059,0.19,0.40,none,bullish,cautious_bullish,none,0.85,-0.000036,no_signal,normal,30.83,0.2112,-8.53,0.9249,0.58
2026-09-05T11:27:20.471835+00:00,LINK,HOLD,11.7380,0.000000,0.00,Active position in profit (+0.45% from $11.6850 entry). Price $11.7380 comfortably above trailing stop ($10.6744); holding full amount.,0.51,4735.33,64.73,11.3817,10.7752,10.0118,0.6065,0.6712,0.98,0.23,none,bullish,cautious_bullish,none,0.85,0.000100,no_signal,normal,59.23,11.4824,-4.18,0.9776,0.43
2026-09-05T11:27:20.471835+00:00,ICP,HOLD,2.6200,0.000000,0.00,Active position intact (-2.25% from $2.6803 entry). Price $2.6200 is well above trailing stop ($2.4090); trend structure intact.,0.69,4735.33,63.55,2.4613,2.3860,2.3293,0.0754,0.0655,9.03,0.89,none,bullish,cautious_bullish,none,0.85,0.000073,no_signal,normal,27.20,2.4473,-6.68,0.8898,0.58
2026-09-05T11:27:20.471835+00:00,XRP,HOLD,1.4033,0.000000,0.00,Active position intact (-0.14% from $1.4053 entry). Price $1.4033 is well above trailing stop ($1.2513); trend structure intact.,0.51,4735.33,60.49,1.3787,1.3074,1.2382,0.0712,0.0787,-1.38,0.15,none,bullish,bullish,none,0.85,-0.000033,no_signal,normal,43.20,1.4304,-9.56,0.9152,0.49
2026-09-05T11:27:20.471835+00:00,APT,HOLD,0.5990,0.000000,0.00,Active position intact (-0.12% from $0.5997 entry). Price $0.5990 is well above trailing stop ($0.5249); trend structure intact.,0.59,4735.33,54.93,0.5744,0.5744,0.5886,0.0000,-0.0043,4.90,0.38,bullish,bullish,cautious_bullish,none,0.85,0.000100,no_signal,normal,22.76,0.5768,-2.26,0.8804,0.50
2026-09-05T12:00:47.387591+00:00,SUI,BUY,0.7862,768.291501,-604.03,"BULLISH CONFIRMATION (CAUTIOUS TIER, Score: 0.59): Dual 1D/4H bullish trend alignment (Price $0.7858 > EMA50), healthy RSI (56.83), strong ADX (28.79), Order Book bid dominance (0.4942), and Taker Ratio (1.0000). RS Rank: #12 (Score: -0.48). [💵 CMF: +0.0994] Initiating CAUTIOUS allocation ($604.63).",0.90,0.00,50.00,0.0000,0.0000,0.0000,0.0000,0.0000,0.00,1.00,none,bullish,bullish,none,0.85,0.000100,no_signal,normal,25.00,0.7862,0.00,1.0000,604.03
2026-09-05T13:00:46.241026+00:00,SOL,BUY,103.3116,10.506208,-1085.41,"BULLISH CONFIRMATION (SOLID TIER, Score: 0.69): Dual 1D/4H bullish trend alignment (Price $103.2600 > EMA50), healthy RSI (64.78), strong ADX (50.25), Order Book bid dominance (0.4980), and Taker Ratio (1.0000). RS Rank: #13 (Score: +0.16). [💵 CMF: +0.2871] Initiating SOLID allocation ($1086.50).",0.90,0.00,50.00,0.0000,0.0000,0.0000,0.0000,0.0000,0.00,1.00,none,bullish,bullish,none,0.85,0.000100,no_signal,normal,25.00,103.3116,0.00,1.0000,1085.41
2026-09-05T13:50:47.314912+00:00,SUI,SELL,0.7940,768.291501,610.03,"Dynamic Profit-Lock Triggered: Price $0.7944 dropped below ratcheted profit stop ($0.7948, +1.09% locked profit from $0.7862 entry). Realized PnL: +6.31 USD (+1.04%). Executing SELL to bank gains.",0.90,0.00,50.00,0.0000,0.0000,0.0000,0.0000,0.0000,0.00,1.00,none,bullish,bullish,none,0.85,0.000100,no_signal,normal,25.00,0.7940,0.00,1.0000,610.03
2026-09-05T14:00:47.573488+00:00,SUI,BUY,0.7971,1040.474070,-829.36,"BULLISH CONFIRMATION (SOLID TIER, Score: 0.69): Dual 1D/4H bullish trend alignment (Price $0.7967 > EMA50), healthy RSI (58.18), strong ADX (29.00), Order Book bid dominance (0.5793), and Taker Ratio (1.0000). RS Rank: #11 (Score: +0.90). [💵 CMF: +0.1049] Initiating SOLID allocation ($830.19).",0.90,0.00,50.00,0.0000,0.0000,0.0000,0.0000,0.0000,0.00,1.00,none,bullish,bullish,none,0.85,0.000100,no_signal,normal,25.00,0.7971,0.00,1.0000,829.36
2026-09-05T17:35:46.535230+00:00,LINK,SELL,12.0530,54.596491,658.05,"Dynamic Profit-Lock Triggered: Price $12.0590 dropped below ratcheted profit stop ($12.0700, +3.29% locked profit from $11.6850 entry). Realized PnL: +20.42 USD (+3.20%). Executing SELL to bank gains.",0.90,0.00,50.00,0.0000,0.0000,0.0000,0.0000,0.0000,0.00,1.00,none,bullish,bullish,none,0.85,0.000100,no_signal,normal,25.00,12.0530,0.00,1.0000,658.05
2026-09-05T21:00:46.348705+00:00,NEAR,BUY,2.1684,365.630073,-792.83,"BULLISH CONFIRMATION (SOLID TIER, Score: 0.79): Dual 1D/4H bullish trend alignment (Price $2.1673 > EMA50), healthy RSI (67.53), strong ADX (31.27), Order Book bid dominance (0.5110), and Taker Ratio (1.0000). RS Rank: #4 (Score: +13.22). [💵 CMF: +0.0644] Initiating SOLID allocation ($793.62).",0.90,0.00,50.00,0.0000,0.0000,0.0000,0.0000,0.0000,0.00,1.00,none,bullish,bullish,none,0.85,0.000100,no_signal,normal,25.00,2.1684,0.00,1.0000,792.83
2026-09-05T22:10:46.308194+00:00,APT,SELL,0.6162,1274.845256,785.55,"Dynamic Profit-Lock Triggered: Price $0.6165 dropped below ratcheted profit stop ($0.6166, +2.82% locked profit from $0.5997 entry). Realized PnL: +21.44 USD (+2.80%). Executing SELL to bank gains.",0.90,0.00,50.00,0.0000,0.0000,0.0000,0.0000,0.0000,0.00,1.00,none,bullish,bullish,none,0.85,0.000100,no_signal,normal,25.00,0.6162,0.00,1.0000,785.55
2026-09-05T23:00:46.427365+00:00,APT,BUY,0.6167,1295.524300,-798.96,"BULLISH CONFIRMATION (SOLID TIER, Score: 0.81): Dual 1D/4H bullish trend alignment (Price $0.6164 > EMA50), healthy RSI (57.61), strong ADX (23.42), Order Book bid dominance (0.6319), and Taker Ratio (1.0000). RS Rank: #8 (Score: +4.48). [💵 CMF: +0.1752] Initiating SOLID allocation ($799.76).",0.90,0.00,50.00,0.0000,0.0000,0.0000,0.0000,0.0000,0.00,1.00,none,bullish,bullish,none,0.85,0.000100,no_signal,normal,25.00,0.6167,0.00,1.0000,798.96
2026-09-06T02:15:46.323586+00:00,APT,SELL,0.6232,1295.524300,807.36,"Dynamic Profit-Lock Triggered: Price $0.6235 dropped below ratcheted profit stop ($0.6240, +1.18% locked profit from $0.6167 entry). Realized PnL: +8.81 USD (+1.10%). Executing SELL to bank gains.",0.90,0.00,50.00,0.0000,0.0000,0.0000,0.0000,0.0000,0.00,1.00,none,bullish,bullish,none,0.85,0.000100,no_signal,normal,25.00,0.6232,0.00,1.0000,807.36
2026-09-06T03:00:46.342843+00:00,APT,BUY,0.6194,1549.715213,-959.91,"BULLISH CONFIRMATION (A+ TIER, Score: 0.91): Dual 1D/4H bullish trend alignment (Price $0.6191 > EMA50), healthy RSI (58.06), strong ADX (24.54), Order Book bid dominance (0.6286), and Taker Ratio (1.0000). RS Rank: #8 (Score: +7.37). [💵 CMF: +0.1347] Initiating A+ allocation ($960.87).",0.90,0.00,50.00,0.0000,0.0000,0.0000,0.0000,0.0000,0.00,1.00,none,bullish,bullish,none,0.85,0.000100,no_signal,normal,25.00,0.6194,0.00,1.0000,959.91
2026-09-06T03:25:46.301993+00:00,NEAR,SELL,2.2004,365.630073,804.53,"Dynamic Profit-Lock Triggered: Price $2.2015 dropped below ratcheted profit stop ($2.2019, +1.55% locked profit from $2.1684 entry). Realized PnL: +12.12 USD (+1.53%). Executing SELL to bank gains.",0.90,0.00,50.00,0.0000,0.0000,0.0000,0.0000,0.0000,0.00,1.00,none,bullish,bullish,none,0.85,0.000100,no_signal,normal,25.00,2.2004,0.00,1.0000,804.53
2026-09-06T04:00:46.439425+00:00,DOT,BUY,0.9318,1286.589122,-1198.80,"BULLISH CONFIRMATION (A+ TIER, Score: 0.89): Dual 1D/4H bullish trend alignment (Price $0.9313 > EMA50), healthy RSI (63.97), strong ADX (20.65), Order Book bid dominance (0.5348), and Taker Ratio (1.0000). RS Rank: #10 (Score: +5.35). [💵 CMF: +0.2109] Initiating A+ allocation ($1200.00).",0.90,0.00,50.00,0.0000,0.0000,0.0000,0.0000,0.0000,0.00,1.00,none,bullish,bullish,none,0.85,0.000100,no_signal,normal,25.00,0.9318,0.00,1.0000,1198.80
2026-09-06T04:05:06.853618+00:00,AVAX,HOLD,7.6980,0.000000,0.00,Active position in profit (+2.33% from $7.5230 entry) [🔒 PROFIT-LOCK ACTIVE: Stop at $7.6290 locks +1.41% profit]. Price $7.6980 comfortably above trailing stop ($7.6290); holding full amount.,0.57,1802.73,63.33,7.3899,7.1852,7.0261,0.2047,0.1953,2.27,0.18,none,bullish,cautious_bullish,none,0.85,0.000100,no_signal,normal,33.05,7.3833,9.52,1.1176,0.43
2026-09-06T04:05:06.853618+00:00,HYPE,HOLD,85.8240,0.000000,0.00,Active position intact (-0.28% from $86.0620 entry). Price $85.8240 is well above trailing stop ($78.1590); trend structure intact.,0.51,1802.73,65.38,82.5544,76.6642,71.2451,5.8902,6.0069,1.43,0.08,bearish,bullish,cautious_bullish,none,0.85,0.000027,no_signal,normal,54.19,82.4497,0.83,0.9564,0.40
2026-09-06T04:05:06.853618+00:00,ADA,HOLD,0.2222,0.000000,0.00,Active position in profit (+4.12% from $0.2134 entry) [🔒 PROFIT-LOCK ACTIVE: Stop at $0.2207 locks +3.42% profit]. Price $0.2222 comfortably above trailing stop ($0.2207); holding full amount.,0.69,1802.73,61.43,0.2100,0.2032,0.1955,0.0067,0.0062,3.93,0.16,none,bullish,cautious_bullish,none,0.85,0.000100,no_signal,normal,31.51,0.2105,3.11,1.0048,0.45
2026-09-06T04:05:06.853618+00:00,ICP,HOLD,2.6630,0.000000,0.00,Active position intact (-0.65% from $2.6803 entry). Price $2.6630 is well above trailing stop ($2.4452); trend structure intact.,0.69,1802.73,64.92,2.4987,2.4099,2.3446,0.0889,0.0708,8.25,0.23,none,bullish,cautious_bullish,none,0.85,0.000100,no_signal,normal,28.62,2.4678,10.00,0.9441,0.53
2026-09-06T04:05:06.853618+00:00,XRP,HOLD,1.4229,0.000000,0.00,Active position in profit (+1.25% from $1.4053 entry). Price $1.4229 comfortably above trailing stop ($1.2800); holding full amount.,0.63,1802.73,61.99,1.3867,1.3166,1.2460,0.0700,0.0771,-2.10,0.07,none,bullish,bullish,none,0.85,0.000004,no_signal,normal,43.43,1.4205,1.80,0.9965,0.55
2026-09-06T04:05:06.853618+00:00,SOL,HOLD,105.9400,0.000000,0.00,Active position in profit (+2.54% from $103.3116 entry) [🔒 PROFIT-LOCK ACTIVE: Stop at $105.1458 locks +1.78% profit]. Price $105.9400 comfortably above trailing stop ($105.1458); holding full amount.,0.69,1802.73,67.56,101.3376,95.2544,88.7941,6.0832,6.3651,-2.93,0.15,none,bullish,cautious_bullish,none,0.85,0.000051,no_signal,normal,50.84,102.0380,-1.42,0.9934,0.42
2026-09-06T04:05:06.853618+00:00,SUI,HOLD,0.8006,0.000000,0.00,Active position in profit (+0.44% from $0.7971 entry). Price $0.8006 comfortably above trailing stop ($0.7191); holding full amount.,0.71,1802.73,58.71,0.7637,0.7485,0.7405,0.0152,0.0124,2.69,0.24,none,bullish,cautious_bullish,none,0.85,0.000100,no_signal,normal,29.30,0.7636,11.91,1.0261,0.58
2026-09-06T04:05:06.853618+00:00,APT,HOLD,0.6200,0.000000,0.00,Active position in profit (+0.10% from $0.6194 entry). Price $0.6200 comfortably above trailing stop ($0.5448); holding full amount.,0.59,1802.73,58.30,0.5834,0.5788,0.5905,0.0046,-0.0023,8.20,0.17,bullish,bullish,cautious_bullish,none,0.85,0.000021,no_signal,normal,24.15,0.5725,8.59,0.9459,0.53
2026-09-06T04:05:06.853618+00:00,DOT,HOLD,0.9320,0.000000,0.00,Active position in profit (+0.03% from $0.9318 entry). Price $0.9320 comfortably above trailing stop ($0.8412); holding full amount.,0.71,1802.73,64.05,0.8828,0.8609,0.8565,0.0219,0.0159,5.79,0.19,none,bullish,cautious_bullish,none,0.85,0.000029,no_signal,normal,20.61,0.8725,-3.33,0.9840,0.58
2026-09-06T04:05:32.002936+00:00,SOL,HOLD,105.9300,0.000000,0.00,Active position in profit (+2.53% from $103.3116 entry) [🔒 PROFIT-LOCK ACTIVE: Stop at $105.1458 locks +1.78% profit]. Price $105.9300 comfortably above trailing stop ($105.1458); holding full amount.,0.79,1802.73,67.55,101.3361,95.2537,88.7937,6.0824,6.3649,-2.94,0.15,none,bullish,cautious_bullish,none,0.85,0.000051,no_signal,normal,50.84,102.0380,-1.42,0.9934,0.45
2026-09-06T04:05:32.002936+00:00,XRP,HOLD,1.4230,0.000000,0.00,Active position in profit (+1.26% from $1.4053 entry). Price $1.4230 comfortably above trailing stop ($1.2800); holding full amount.,0.59,1802.73,62.00,1.3867,1.3166,1.2460,0.0700,0.0771,-2.09,0.07,none,bullish,cautious_bullish,none,0.85,0.000004,no_signal,normal,43.43,1.4205,1.80,0.9965,0.53
2026-09-06T04:05:32.002936+00:00,ADA,HOLD,0.2222,0.000000,0.00,Active position in profit (+4.12% from $0.2134 entry) [🔒 PROFIT-LOCK ACTIVE: Stop at $0.2207 locks +3.42% profit]. Price $0.2222 comfortably above trailing stop ($0.2207); holding full amount.,0.89,1802.73,61.43,0.2100,0.2032,0.1955,0.0067,0.0062,3.93,0.16,none,bullish,cautious_bullish,none,0.85,0.000100,no_signal,normal,31.51,0.2105,3.11,1.0048,0.46
2026-09-06T04:05:32.002936+00:00,AVAX,HOLD,7.6990,0.000000,0.00,Active position in profit (+2.34% from $7.5230 entry) [🔒 PROFIT-LOCK ACTIVE: Stop at $7.6290 locks +1.41% profit]. Price $7.6990 comfortably above trailing stop ($7.6290); holding full amount.,0.67,1802.73,63.35,7.3900,7.1852,7.0261,0.2048,0.1953,2.29,0.18,none,bullish,cautious_bullish,none,0.85,0.000100,no_signal,normal,33.05,7.3833,9.52,1.1176,0.42
2026-09-06T04:05:32.002936+00:00,DOT,HOLD,0.9320,0.000000,0.00,Active position in profit (+0.03% from $0.9318 entry). Price $0.9320 comfortably above trailing stop ($0.8412); holding full amount.,0.79,1802.73,64.05,0.8828,0.8609,0.8565,0.0219,0.0159,5.79,0.19,none,bullish,cautious_bullish,none,0.85,0.000029,no_signal,normal,20.61,0.8725,-3.33,0.9840,0.58
2026-09-06T04:05:32.002936+00:00,APT,HOLD,0.6210,0.000000,0.00,Active position in profit (+0.26% from $0.6194 entry). Price $0.6210 comfortably above trailing stop ($0.5448); holding full amount.,0.79,1802.73,58.45,0.5835,0.5789,0.5905,0.0047,-0.0023,8.38,0.17,bullish,bullish,cautious_bullish,none,0.85,0.000021,no_signal,normal,24.15,0.5725,8.59,0.9459,0.54
2026-09-06T04:05:32.002936+00:00,ICP,HOLD,2.6640,0.000000,0.00,Active position intact (-0.61% from $2.6803 entry). Price $2.6640 is well above trailing stop ($2.4452); trend structure intact.,0.89,1802.73,64.99,2.4989,2.4099,2.3446,0.0889,0.0708,8.29,0.23,none,bullish,cautious_bullish,none,0.85,0.000100,no_signal,normal,28.62,2.4678,10.00,0.9441,0.53
2026-09-06T04:05:32.002936+00:00,SUI,HOLD,0.8001,0.000000,0.00,Active position in profit (+0.38% from $0.7971 entry). Price $0.8001 comfortably above trailing stop ($0.7191); holding full amount.,0.81,1802.73,58.65,0.7636,0.7485,0.7405,0.0151,0.0124,2.63,0.24,none,bullish,cautious_bullish,none,0.85,0.000100,no_signal,normal,29.30,0.7636,11.91,1.0261,0.59
2026-09-06T04:05:32.002936+00:00,HYPE,HOLD,85.8000,0.000000,0.00,Active position intact (-0.30% from $86.0620 entry). Price $85.8000 is well above trailing stop ($78.1590); trend structure intact.,0.61,1802.73,65.35,82.5507,76.6624,71.2441,5.8883,6.0065,1.40,0.09,bearish,bullish,cautious_bullish,none,0.85,0.000028,no_signal,normal,54.19,82.4497,0.83,0.9564,0.52
2026-09-06T04:05:32.002936+00:00,ARB,HOLD,0.2026,0.000000,0.00,Portfolio position cap reached (10/10 max positions). Cash reserved until an existing position exits.,0.80,1802.73,85.99,0.1328,0.1118,0.0999,0.0211,0.0108,120.46,1.33,none,bullish,cautious_bullish,none,0.85,0.000100,no_signal,normal,45.88,0.1287,41.18,1.0360,0.53
2026-09-06T04:05:32.002936+00:00,UNI,HOLD,7.2230,0.000000,0.00,Portfolio position cap reached (10/10 max positions). Cash reserved until an existing position exits.,0.80,1802.73,84.00,5.8138,5.0459,4.4745,0.7679,0.5108,54.21,0.40,bearish,bullish,cautious_bullish,none,0.85,0.000100,no_signal,normal,55.40,5.5549,20.25,1.0516,0.56
2026-09-06T04:05:32.002936+00:00,NEAR,HOLD,2.2080,0.000000,0.00,Portfolio position cap reached (10/10 max positions). Cash reserved until an existing position exits.,0.80,1802.73,69.22,2.0016,1.9052,1.8721,0.0964,0.0611,14.52,0.16,none,bullish,cautious_bullish,none,0.85,0.000057,no_signal,normal,32.81,1.9705,5.58,0.9657,0.49
2026-09-06T04:05:32.002936+00:00,BNB,HOLD,765.0300,0.000000,0.00,Portfolio position cap reached (10/10 max positions). Cash reserved until an existing position exits.,0.80,1802.73,77.65,714.8598,682.9492,653.4008,31.9106,27.2906,7.47,0.21,none,bullish,cautious_bullish,none,0.85,0.000059,no_signal,normal,47.75,712.2054,19.06,1.0666,0.35
2026-09-06T04:05:32.002936+00:00,LTC,HOLD,54.5000,0.000000,0.00,Portfolio position cap reached (10/10 max positions). Cash reserved until an existing position exits.,0.80,1802.73,69.50,51.0999,49.5061,48.1656,1.5938,1.2155,9.17,0.14,none,bullish,cautious_bullish,none,0.85,0.000100,no_signal,normal,32.84,50.7218,21.27,0.9936,0.48
2026-09-06T04:05:32.002936+00:00,LINK,HOLD,12.2000,0.000000,0.00,Portfolio position cap reached (10/10 max positions). Cash reserved until an existing position exits.,0.80,1802.73,68.76,11.5481,10.9021,10.1124,0.6459,0.6700,2.36,0.17,none,bullish,cautious_bullish,none,0.85,0.000100,no_signal,normal,59.73,11.5228,4.78,1.0281,0.45
2026-09-06T04:05:32.002936+00:00,ETH,HOLD,2509.3500,0.000000,0.00,Portfolio position cap reached (10/10 max positions). Cash reserved until an existing position exits.,0.80,1802.73,65.56,2440.1578,2323.1742,2176.6447,116.9836,129.0496,-0.06,0.13,none,bullish,cautious_bullish,none,0.85,0.000100,no_signal,normal,48.85,2464.3594,2.66,1.1134,0.45
2026-09-06T04:05:32.002936+00:00,BTC,HOLD,79991.3900,0.000000,0.00,Portfolio position cap reached (10/10 max positions). Cash reserved until an existing position exits.,0.80,1802.73,67.16,78371.3352,75143.1325,71712.4083,3228.2028,3390.4289,-0.32,0.05,bearish,bullish,bullish,none,1.00,0.000036,no_signal,normal,48.11,78893.7787,-1.31,1.0457,0.53
2026-09-06T04:05:32.002936+00:00,XLM,HOLD,0.1862,0.000000,0.00,Portfolio position cap reached (10/10 max positions). Cash reserved until an existing position exits.,0.80,1802.73,56.31,0.1812,0.1790,0.1798,0.0022,0.0021,-0.59,0.11,none,bullish,cautious_bullish,none,0.85,0.000100,no_signal,normal,27.44,0.1836,8.00,0.9582,0.48
2026-09-06T04:05:32.002936+00:00,INJ,HOLD,5.1270,0.000000,0.00,Portfolio position cap reached (10/10 max positions). Cash reserved until an existing position exits.,0.80,1802.73,54.80,4.9906,4.9424,4.9384,0.0482,0.0716,-6.71,0.29,none,bullish,bullish,none,0.85,-0.000182,no_signal,normal,24.87,5.2578,6.95,1.0693,0.50
2026-09-06T04:05:32.002936+00:00,TRX,HOLD,0.3332,0.000000,0.00,Portfolio position cap reached (10/10 max positions). Cash reserved until an existing position exits.,0.80,1802.73,49.57,0.3331,0.3335,0.3326,-0.0005,0.0003,-1.33,0.07,none,neutral,cautious_bullish,none,0.85,-0.000191,no_signal,normal,18.84,0.3349,-1.97,1.1240,0.65
2026-09-06T04:05:32.002936+00:00,MATIC,HOLD,0.0000,0.000000,0.00,"Data fetch error or inactive Binance spot ticker (All global exchange sources (Binance, MEXC, Bybit) failed for MATICUSDT). Skipping trade.",0.00,1802.73,0.00,0.0000,0.0000,0.0000,0.0000,0.0000,0.00,0.00,none,neutral,no_signal,none,1.00,0.000000,no_signal,normal,0.00,0.0000,0.00,1.0000,0.50
2026-09-06T04:30:46.307476+00:00,ADA,SELL,0.2204,3496.485473,770.59,"Dynamic Profit-Lock Triggered: Price $0.2205 dropped below ratcheted profit stop ($0.2207, +3.42% locked profit from $0.2134 entry). Realized PnL: +24.83 USD (+3.33%). Executing SELL to bank gains.",0.90,0.00,50.00,0.0000,0.0000,0.0000,0.0000,0.0000,0.00,1.00,none,bullish,bullish,none,0.85,0.000100,no_signal,normal,25.00,0.2204,0.00,1.0000,770.59
2026-09-06T04:52:08.903408+00:00,SOL,HOLD,105.8800,0.000000,0.00,"Active position in profit (+2.49% from $103.3116 entry) [🔒 PROFIT-LOCK ACTIVE: Stop at $105.1458 locks +1.78% profit] (Setup Score: 59/100, CAUTIOUS). Price $105.8800 comfortably above trailing stop ($105.1458); holding full amount.",0.59,1802.73,67.51,101.3284,95.2500,88.7918,6.0784,6.3641,-2.99,0.18,none,bullish,cautious_bullish,none,0.85,0.000077,no_signal,normal,50.84,102.0455,-1.42,0.9934,0.37
2026-09-06T04:52:08.903408+00:00,XRP,HOLD,1.4204,0.000000,0.00,"Active position in profit (+1.07% from $1.4053 entry) (Setup Score: 47/100, WEAK). Price $1.4204 comfortably above trailing stop ($1.2800); holding full amount.",0.47,1802.73,61.80,1.3863,1.3164,1.2459,0.0698,0.0770,-2.27,0.08,none,bullish,cautious_bullish,none,0.85,-0.000006,no_signal,normal,43.43,1.4205,1.80,0.9965,0.50
2026-09-06T04:52:08.903408+00:00,ADA,HOLD,0.2213,0.000000,0.00,"Active position in profit (+3.70% from $0.2134 entry) [🔒 PROFIT-LOCK ACTIVE: Stop at $0.2207 locks +3.42% profit] (Setup Score: 62/100, CAUTIOUS). Price $0.2213 comfortably above trailing stop ($0.2207); holding full amount.",0.62,1802.73,61.05,0.2098,0.2032,0.1955,0.0067,0.0061,3.51,0.18,none,bullish,cautious_bullish,none,0.85,0.000100,no_signal,normal,31.51,0.2105,3.11,1.0048,0.42
2026-09-06T04:52:08.903408+00:00,AVAX,HOLD,7.6500,0.000000,0.00,"Active position in profit (+1.69% from $7.5230 entry) [🔒 PROFIT-LOCK ACTIVE: Stop at $7.6290 locks +1.41% profit] (Setup Score: 51/100, WEAK). Price $7.6500 comfortably above trailing stop ($7.6290); holding full amount.",0.51,1802.73,62.48,7.3825,7.1816,7.0242,0.2009,0.1945,1.63,0.21,none,bullish,cautious_bullish,none,0.85,0.000100,no_signal,normal,33.05,7.3838,9.52,1.1176,0.45
2026-09-06T04:52:08.903408+00:00,DOT,HOLD,0.9300,0.000000,0.00,"Active position intact (-0.19% from $0.9318 entry) (Setup Score: 59/100, CAUTIOUS). Price $0.9300 is well above trailing stop ($0.8412); trend structure intact.",0.59,1802.73,63.79,0.8825,0.8608,0.8564,0.0218,0.0159,5.56,0.21,none,bullish,cautious_bullish,none,0.85,-0.000002,no_signal,normal,20.61,0.8726,-3.33,0.9840,0.51
2026-09-06T04:52:08.903408+00:00,APT,HOLD,0.6150,0.000000,0.00,"Active position intact (-0.71% from $0.6194 entry) (Setup Score: 59/100, CAUTIOUS). Price $0.6150 is well above trailing stop ($0.5448); trend structure intact.",0.59,1802.73,57.50,0.5826,0.5784,0.5903,0.0042,-0.0024,7.33,0.21,bullish,bullish,cautious_bullish,none,0.85,-0.000008,no_signal,normal,24.15,0.5726,8.59,0.9459,0.53
2026-09-06T04:52:08.903408+00:00,ICP,HOLD,2.6520,0.000000,0.00,"Active position intact (-1.06% from $2.6803 entry) (Setup Score: 66/100, CAUTIOUS). Price $2.6520 is well above trailing stop ($2.4452); trend structure intact.",0.66,1802.73,64.16,2.4970,2.4091,2.3442,0.0880,0.0706,7.80,0.27,none,bullish,cautious_bullish,none,0.85,0.000100,no_signal,normal,28.62,2.4683,10.00,0.9441,0.59
2026-09-06T04:52:08.903408+00:00,SUI,HOLD,0.7978,0.000000,0.00,"Active position in profit (+0.09% from $0.7971 entry) (Setup Score: 56/100, CAUTIOUS). Price $0.7978 comfortably above trailing stop ($0.7191); holding full amount.",0.56,1802.73,58.35,0.7633,0.7483,0.7404,0.0150,0.0123,2.33,0.25,none,bullish,cautious_bullish,none,0.85,0.000100,no_signal,normal,29.30,0.7637,11.91,1.0261,0.58
2026-09-06T04:52:08.903408+00:00,HYPE,HOLD,86.5350,0.000000,0.00,"Active position in profit (+0.55% from $86.0620 entry) (Setup Score: 48/100, WEAK). Price $86.5350 comfortably above trailing stop ($78.1590); holding full amount.",0.48,1802.73,66.10,82.6638,76.7169,71.2730,5.9469,6.0182,2.27,0.11,bearish,bullish,cautious_bullish,none,0.85,0.000030,no_signal,normal,54.24,82.4594,0.83,0.9564,0.36
2026-09-06T04:52:08.903408+00:00,ARB,HOLD,0.1937,0.000000,0.00,"1H timeframe is overextended (1H RSI 79.8, price +16.62% vs EMA20). Awaiting intraday pullback.",0.80,1802.73,85.02,0.1315,0.1111,0.0996,0.0203,0.0106,110.77,1.48,none,bullish,cautious_bullish,none,0.85,0.000090,no_signal,normal,45.88,0.1291,41.18,1.0360,0.53
2026-09-06T04:52:08.903408+00:00,UNI,HOLD,7.0650,0.000000,0.00,Portfolio position cap reached (10/10 max positions). Candidate setup score: 65/100 (CAUTIOUS). Eligible for tournament rotation if score >= 80.,0.80,1802.73,83.24,5.7895,5.0342,4.4683,0.7553,0.5082,50.83,0.50,bearish,bullish,cautious_bullish,none,0.85,0.000100,no_signal,normal,55.40,5.5643,20.25,1.0516,0.53
2026-09-06T04:52:08.903408+00:00,NEAR,HOLD,2.2140,0.000000,0.00,Portfolio position cap reached (10/10 max positions). Candidate setup score: 61/100 (CAUTIOUS). Eligible for tournament rotation if score >= 80.,0.80,1802.73,69.43,2.0025,1.9056,1.8724,0.0969,0.0612,14.83,0.20,none,bullish,cautious_bullish,none,0.85,0.000051,no_signal,normal,32.81,1.9714,5.58,0.9657,0.46
2026-09-06T04:52:08.903408+00:00,BNB,HOLD,762.8000,0.000000,0.00,Portfolio position cap reached (10/10 max positions). Candidate setup score: 53/100 (WEAK). Eligible for tournament rotation if score >= 80.,0.80,1802.73,76.61,714.5167,682.7840,653.3134,31.7327,27.2550,7.16,0.22,none,bullish,cautious_bullish,none,0.85,0.000059,no_signal,normal,47.75,712.2741,19.06,1.0666,0.25
2026-09-06T04:52:08.903408+00:00,LTC,HOLD,54.2900,0.000000,0.00,Portfolio position cap reached (10/10 max positions). Candidate setup score: 59/100 (CAUTIOUS). Eligible for tournament rotation if score >= 80.,0.80,1802.73,68.47,51.0676,49.4906,48.1573,1.5770,1.2122,8.75,0.17,none,bullish,cautious_bullish,none,0.85,0.000100,no_signal,normal,32.84,50.7293,21.27,0.9936,0.53
2026-09-06T04:52:08.903408+00:00,LINK,HOLD,12.1720,0.000000,0.00,Portfolio position cap reached (10/10 max positions). Candidate setup score: 54/100 (WEAK). Eligible for tournament rotation if score >= 80.,0.80,1802.73,68.53,11.5438,10.9001,10.1113,0.6437,0.6695,2.12,0.19,none,bullish,cautious_bullish,none,0.85,0.000100,no_signal,normal,59.73,11.5240,4.78,1.0281,0.52
2026-09-06T04:52:08.903408+00:00,BTC,HOLD,79892.0100,0.000000,0.00,Portfolio position cap reached (10/10 max positions). Candidate setup score: 36/100 (WEAK). Eligible for tournament rotation if score >= 80.,0.80,1802.73,66.95,78356.0460,75135.7710,71708.5111,3220.2750,3388.8434,-0.45,0.06,bearish,bullish,bullish,none,1.00,0.000030,no_signal,normal,48.11,78894.6294,-1.31,1.0457,0.23
2026-09-06T04:52:08.903408+00:00,ETH,HOLD,2503.7100,0.000000,0.00,Portfolio position cap reached (10/10 max positions). Candidate setup score: 48/100 (WEAK). Eligible for tournament rotation if score >= 80.,0.80,1802.73,65.27,2439.2901,2322.7564,2176.4235,116.5337,128.9596,-0.29,0.14,none,bullish,cautious_bullish,none,0.85,0.000100,no_signal,normal,48.85,2464.3804,2.66,1.1134,0.32
2026-09-06T04:52:08.903408+00:00,XLM,HOLD,0.1865,0.000000,0.00,Portfolio position cap reached (10/10 max positions). Candidate setup score: 47/100 (WEAK). Eligible for tournament rotation if score >= 80.,0.80,1802.73,56.52,0.1813,0.1790,0.1798,0.0022,0.0021,-0.43,0.14,none,bullish,cautious_bullish,none,0.85,0.000100,no_signal,normal,27.44,0.1836,8.00,0.9582,0.44
2026-09-06T04:52:08.903408+00:00,INJ,HOLD,5.1000,0.000000,0.00,"1H timeframe is overextended (1H RSI 74.8, price +2.41% vs EMA20). Awaiting intraday pullback.",0.80,1802.73,54.21,4.9865,4.9404,4.9373,0.0461,0.0712,-7.21,0.31,none,bullish,bullish,none,0.85,-0.000157,no_signal,normal,24.87,5.2573,6.95,1.0693,0.46
2026-09-06T04:52:08.903408+00:00,TRX,HOLD,0.3331,0.000000,0.00,Portfolio position cap reached (10/10 max positions). Candidate setup score: 40/100 (WEAK). Eligible for tournament rotation if score >= 80.,0.80,1802.73,49.43,0.3330,0.3335,0.3326,-0.0005,0.0003,-1.36,0.07,none,neutral,cautious_bullish,none,0.85,-0.000207,no_signal,normal,18.84,0.3349,-1.97,1.1240,0.63
2026-09-06T04:52:08.903408+00:00,POL,HOLD,0.0991,0.000000,0.00,Portfolio position cap reached (10/10 max positions). Candidate setup score: 57/100 (CAUTIOUS). Eligible for tournament rotation if score >= 80.,0.80,1802.73,56.27,0.0971,0.0939,0.0891,0.0031,0.0047,-8.11,0.25,none,bullish,cautious_bullish,none,0.85,0.000050,no_signal,normal,32.21,0.1044,6.89,1.0793,0.55
2026-09-06T06:25:46.265348+00:00,ADA,SELL,0.2205,3496.485473,770.94,"Dynamic Profit-Lock Triggered: Price $0.2206 dropped below ratcheted profit stop ($0.2207, +3.42% locked profit from $0.2134 entry). Realized PnL: +25.17 USD (+3.37%). Executing SELL to bank gains.",0.90,0.00,50.00,0.0000,0.0000,0.0000,0.0000,0.0000,0.00,1.00,none,bullish,bullish,none,0.85,0.000100,no_signal,normal,25.00,0.2205,0.00,1.0000,770.94
2026-09-06T07:15:47.282202+00:00,SOL,SELL,105.0375,10.506208,1103.55,"Dynamic Profit-Lock Triggered: Price $105.0900 dropped below ratcheted profit stop ($105.1458, +1.78% locked profit from $103.3116 entry). Realized PnL: +18.70 USD (+1.72%). Executing SELL to bank gains.",0.90,0.00,50.00,0.0000,0.0000,0.0000,0.0000,0.0000,0.00,1.00,none,bullish,bullish,none,0.85,0.000100,no_signal,normal,25.00,105.0375,0.00,1.0000,1103.55
2026-09-06T08:45:46.319550+00:00,AVAX,SELL,7.6212,87.256414,665.00,"Dynamic Profit-Lock Triggered: Price $7.6250 dropped below ratcheted profit stop ($7.6290, +1.41% locked profit from $7.5230 entry). Realized PnL: +8.90 USD (+1.36%). Executing SELL to bank gains.",0.90,0.00,50.00,0.0000,0.0000,0.0000,0.0000,0.0000,0.00,1.00,none,bullish,bullish,none,0.85,0.000100,no_signal,normal,25.00,7.6212,0.00,1.0000,665.00
2026-09-06T08:45:46.319550+00:00,DOT,SELL,0.9390,1286.589122,1208.15,"Dynamic Profit-Lock Triggered: Price $0.9395 dropped below ratcheted profit stop ($0.9449, +1.41% locked profit from $0.9318 entry). Realized PnL: +9.96 USD (+0.83%). Executing SELL to bank gains.",0.90,0.00,50.00,0.0000,0.0000,0.0000,0.0000,0.0000,0.00,1.00,none,bullish,bullish,none,0.85,0.000100,no_signal,normal,25.00,0.9390,0.00,1.0000,1208.15
2026-09-06T14:10:46.275290+00:00,ICP,SELL,2.7526,402.136110,1106.93,"Dynamic Profit-Lock Triggered: Price $2.7540 dropped below ratcheted profit stop ($2.7676, +3.26% locked profit from $2.6803 entry). Realized PnL: +29.65 USD (+2.75%). Executing SELL to bank gains.",0.90,0.00,50.00,0.0000,0.0000,0.0000,0.0000,0.0000,0.00,1.00,none,bullish,bullish,none,0.85,0.000100,no_signal,normal,25.00,2.7526,0.00,1.0000,1106.93
2026-09-06T15:00:46.323200+00:00,HYPE,SELL,88.4058,10.532291,931.12,"Dynamic Profit-Lock Triggered: Price $88.4500 dropped below ratcheted profit stop ($88.5106, +2.85% locked profit from $86.0620 entry). Realized PnL: +25.15 USD (+2.77%). Executing SELL to bank gains.",0.90,0.00,50.00,0.0000,0.0000,0.0000,0.0000,0.0000,0.00,1.00,none,bullish,bullish,none,0.85,0.000100,no_signal,normal,25.00,88.4058,0.00,1.0000,931.12
2026-09-06T22:10:46.280366+00:00,SUI,SELL,0.8038,1040.474070,836.33,"Dynamic Profit-Lock Triggered: Price $0.8042 dropped below ratcheted profit stop ($0.8071, +1.25% locked profit from $0.7971 entry). Realized PnL: +7.40 USD (+0.89%). Executing SELL to bank gains.",0.90,0.00,50.00,0.0000,0.0000,0.0000,0.0000,0.0000,0.00,1.00,none,bullish,bullish,none,0.85,0.000100,no_signal,normal,25.00,0.8038,0.00,1.0000,836.33
2026-09-07T00:00:00Z,ADA,SELL,0.6000,0.000000,0.00,,0.00,8708.55,50.00,0.0000,0.0000,0.0000,0.0000,0.0000,0.00,1.00,none,neutral,neutral,none,0.85,0.000100,neutral,normal,20.00,0.6000,0.00,1.0000,250.00
2026-09-07T06:20:00.547540+00:00,XRP,HOLD,1.4097,0.000000,0.00,"Active position in profit (+0.31% from $1.4053 entry) (Setup Score: 54/100, WEAK). Price $1.4097 comfortably above trailing stop ($1.3350); holding full amount.",0.54,7508.55,60.24,1.3903,1.3236,1.2523,0.0667,0.0750,1.87,0.19,none,bullish,bullish,none,0.85,0.000032,no_signal,normal,43.53,1.4099,2.33,0.9775,1035.10
2026-09-07T06:20:00.547540+00:00,APT,HOLD,0.6230,0.000000,0.00,"Active position in profit (+0.58% from $0.6194 entry) (Setup Score: 50/100, WEAK). Price $0.6230 comfortably above trailing stop ($0.5884); holding full amount.",0.50,7508.55,58.68,0.5900,0.5823,0.5920,0.0076,-0.0003,15.58,0.15,bullish,bullish,cautious_bullish,none,0.85,0.000100,no_signal,normal,25.03,0.5716,-8.62,0.9088,1035.10
2026-09-07T06:20:00.547540+00:00,NEAR,HOLD,2.4070,0.000000,0.00,"Active position in profit (+1.82% from $2.3641 entry) (Setup Score: 51/100, WEAK). Price $2.4070 comfortably above trailing stop ($2.2459); holding full amount.",0.51,7508.55,73.42,2.0940,1.9582,1.9031,0.1358,0.0789,31.96,0.27,none,bullish,cautious_bullish,none,0.85,0.000100,no_signal,normal,35.65,2.0346,19.32,0.9790,1035.10
2026-09-07T06:22:59.947901+00:00,XRP,HOLD,1.4097,0.000000,0.00,"Active position in profit (+0.31% from $1.4053 entry) (Setup Score: 54/100, WEAK). Price $1.4097 comfortably above trailing stop ($1.3350); holding full amount.",0.54,7508.55,60.24,1.3903,1.3236,1.2523,0.0667,0.0750,1.87,0.19,none,bullish,bullish,none,0.85,0.000032,no_signal,normal,43.53,1.4099,2.33,0.9775,1035.10
2026-09-07T06:22:59.947901+00:00,APT,HOLD,0.6220,0.000000,0.00,"Active position in profit (+0.42% from $0.6194 entry) (Setup Score: 50/100, WEAK). Price $0.6220 comfortably above trailing stop ($0.5884); holding full amount.",0.50,7508.55,58.45,0.5898,0.5823,0.5920,0.0076,-0.0003,15.40,0.15,bullish,bullish,cautious_bullish,none,0.85,0.000100,no_signal,normal,25.03,0.5716,-8.62,0.9088,1035.10
2026-09-07T06:22:59.947901+00:00,NEAR,HOLD,2.4260,0.000000,0.00,"Active position in profit (+2.62% from $2.3641 entry) [🔒 PROFIT-LOCK ACTIVE: Stop at $2.3950 locks +1.31% profit] (Setup Score: 51/100, WEAK). Price $2.4260 comfortably above trailing stop ($2.3950); holding full amount.",0.51,7508.55,74.78,2.0969,1.9596,1.9038,0.1373,0.0792,33.00,0.27,none,bullish,cautious_bullish,none,0.85,0.000100,no_signal,normal,35.65,2.0349,19.32,0.9790,1035.10
